Date,Open,High,Low,Close,Volume,openinterest
1980-03-17,0.81263125,0.821890625,0.80356875,0.81263125,28700,0
1980-03-18,0.821890625,0.825040625,0.80966875,0.821890625,40200,0
1980-03-19,0.83725,0.83725,0.821890625,0.83725,33900,0
1980-03-20,0.8343,0.85576875,0.8343,0.8343,75500,0
1980-03-21,0.83115,0.843559375,0.83115,0.83115,25300,0
1980-03-24,0.825040625,0.83725,0.825040625,0.825040625,19300,0
1980-03-25,0.825040625,0.83725,0.821890625,0.825040625,23400,0
1980-03-26,0.83725,0.83725,0.821890625,0.83725,57800,0
1980-03-27,0.80651875,0.825040625,0.80651875,0.80651875,19100,0
1980-03-28,0.83115,0.83725,0.825040625,0.83115,11400,0
1980-03-31,0.840409375,0.846509375,0.83115,0.840409375,6200,0
1980-04-01,0.85281875,0.85576875,0.840409375,0.85281875,5000,0
1980-04-02,0.892809375,0.898909375,0.85281875,0.892809375,18800,0
1980-04-03,0.91113125,0.920390625,0.895759375,0.91113125,36700,0
1980-04-07,0.895759375,0.91113125,0.895759375,0.895759375,11500,0
1980-04-08,0.8804,0.889659375,0.8804,0.8804,33600,0
1980-04-09,0.8804,0.8804,0.8804,0.8804,8600,0
1980-04-10,0.889659375,0.898909375,0.8865,0.889659375,7800,0
1980-04-11,0.898909375,0.91113125,0.895759375,0.898909375,17600,0
1980-04-14,0.8865,0.892809375,0.8865,0.8865,5100,0
1980-04-15,0.892809375,0.898909375,0.889659375,0.892809375,4900,0
1980-04-16,0.898909375,0.91113125,0.898909375,0.898909375,52900,0
1980-04-17,0.892809375,0.892809375,0.8865,0.892809375,34000,0
1980-04-18,0.892809375,0.90206875,0.892809375,0.892809375,9700,0
1980-04-21,0.892809375,0.898909375,0.892809375,0.892809375,9400,0
1980-04-22,0.898909375,0.923540625,0.898909375,0.898909375,27900,0
1980-04-23,0.90501875,0.91428125,0.898909375,0.90501875,15500,0
1980-04-24,0.91113125,0.91113125,0.90206875,0.91113125,6100,0
1980-04-25,0.90816875,0.91428125,0.90816875,0.90816875,3000,0
1980-04-28,0.920390625,0.920390625,0.90816875,0.920390625,8600,0
1980-04-29,0.91743125,0.920390625,0.91743125,0.91743125,28900,0
1980-04-30,0.91428125,0.920390625,0.91428125,0.91428125,10700,0
1980-05-01,0.938909375,0.942059375,0.926690625,0.938909375,12400,0
1980-05-02,0.92965,0.945009375,0.92965,0.92965,5400,0
1980-05-05,0.942059375,0.942059375,0.92965,0.942059375,11300,0
1980-05-06,0.942059375,0.94816875,0.93575,0.942059375,9300,0
1980-05-07,0.93575,0.94816875,0.9328,0.93575,10100,0
1980-05-08,0.942059375,0.94816875,0.93575,0.942059375,33300,0
1980-05-09,0.93575,0.945009375,0.9328,0.93575,16600,0
1980-05-12,0.945009375,0.945009375,0.93575,0.945009375,3500,0
1980-05-13,0.95426875,0.96038125,0.95426875,0.95426875,8000,0
1980-05-14,0.96038125,0.972790625,0.95426875,0.96038125,10900,0
1980-05-15,0.95741875,0.96668125,0.95426875,0.95741875,1800,0
1980-05-16,0.95426875,0.96038125,0.95426875,0.95426875,200,0
1980-05-19,0.93575,0.95131875,0.93575,0.93575,35400,0
1980-05-20,0.945009375,0.95131875,0.93575,0.945009375,34400,0
1980-05-21,0.95426875,0.95741875,0.94816875,0.95426875,9200,0
1980-05-22,0.96353125,0.96353125,0.95741875,0.96353125,7800,0
1980-05-23,0.972790625,0.9789,0.96668125,0.972790625,33500,0
1980-05-27,0.95741875,0.96038125,0.95426875,0.95741875,5700,0
1980-05-28,0.96038125,0.96038125,0.95131875,0.96038125,6000,0
1980-05-29,0.96038125,0.96668125,0.96038125,0.96038125,900,0
1980-05-30,0.96038125,0.96038125,0.95426875,0.96038125,85600,0
1980-06-02,0.94816875,0.96038125,0.945009375,0.94816875,5400,0
1980-06-03,0.95131875,0.95131875,0.942059375,0.95131875,52900,0
1980-06-04,0.95741875,0.95741875,0.942059375,0.95741875,11600,0
1980-06-05,0.96353125,0.96353125,0.95426875,0.96353125,43400,0
1980-06-06,0.969640625,0.972790625,0.95741875,0.969640625,61200,0
1980-06-09,0.95426875,0.96353125,0.94816875,0.95426875,14300,0
1980-06-10,0.942059375,0.95741875,0.942059375,0.942059375,15400,0
1980-06-11,0.95131875,0.95131875,0.93575,0.95131875,20300,0
1980-06-12,0.94816875,0.95741875,0.94816875,0.94816875,9700,0
1980-06-13,0.945009375,0.945009375,0.92965,0.945009375,7400,0
1980-06-16,0.94816875,0.94816875,0.938909375,0.94816875,3500,0
1980-06-17,0.95741875,0.95741875,0.942059375,0.95741875,28300,0
1980-06-18,0.945009375,0.95131875,0.942059375,0.945009375,27800,0
1980-06-19,0.93575,0.945009375,0.92965,0.93575,14800,0
1980-06-20,0.91113125,0.93575,0.892809375,0.91113125,26500,0
1980-06-23,0.91743125,0.920390625,0.90816875,0.91743125,17200,0
1980-06-24,0.942059375,0.94816875,0.923540625,0.942059375,79500,0
1980-06-25,0.94816875,0.95741875,0.945009375,0.94816875,37000,0
1980-06-26,0.95131875,0.96038125,0.94816875,0.95131875,10800,0
1980-06-27,0.95131875,0.95426875,0.938909375,0.95131875,34000,0
1980-06-30,0.942059375,0.95426875,0.942059375,0.942059375,4600,0
1980-07-01,0.95131875,0.95426875,0.945009375,0.95131875,33700,0
1980-07-02,0.96038125,0.96038125,0.945009375,0.96038125,15800,0
1980-07-03,0.985,0.985,0.96038125,0.985,87100,0
1980-07-07,1.025190625,1.025190625,1.00351875,1.025190625,34600,0
1980-07-08,1.05888125,1.05888125,1.040559375,1.05888125,30200,0
1980-07-09,1.074440625,1.0774,1.037409375,1.074440625,14700,0
1980-07-10,1.01593125,1.05591875,1.01593125,1.01593125,42900,0
1980-07-11,1.01278125,1.018890625,1.00963125,1.01278125,52200,0
1980-07-14,1.04666875,1.04666875,1.022040625,1.04666875,34800,0
1980-07-15,1.074440625,1.0774,1.05591875,1.074440625,46900,0
1980-07-16,1.05888125,1.074440625,1.05888125,1.05888125,12600,0
1980-07-17,1.086659375,1.092759375,1.06518125,1.086659375,15600,0
1980-07-18,1.09591875,1.09591875,1.0835,1.09591875,59500,0
1980-07-21,1.09906875,1.10201875,1.09591875,1.09906875,16600,0
1980-07-22,1.0835,1.10201875,1.08055,1.0835,12700,0
1980-07-23,1.086659375,1.092759375,1.0835,1.086659375,4500,0
1980-07-24,1.092759375,1.09591875,1.08055,1.092759375,19900,0
1980-07-25,1.09906875,1.09906875,1.0774,1.09906875,4700,0
1980-07-28,1.092759375,1.10201875,1.092759375,1.092759375,18900,0
1980-07-29,1.086659375,1.092759375,1.0835,1.086659375,14800,0
1980-07-30,1.089809375,1.09591875,1.086659375,1.089809375,8100,0
1980-07-31,1.086659375,1.09591875,1.08055,1.086659375,39300,0
1980-08-01,1.10201875,1.10201875,1.0835,1.10201875,31200,0
1980-08-04,1.123690625,1.123690625,1.092759375,1.123690625,10400,0
1980-08-05,1.172940625,1.1759,1.139059375,1.172940625,31700,0
1980-08-06,1.169790625,1.215890625,1.14516875,1.169790625,43600,0
1980-08-07,1.191259375,1.19441875,1.182009375,1.191259375,40000,0
1980-08-08,1.1759,1.20051875,1.166640625,1.1759,17100,0
1980-08-11,1.14516875,1.169790625,1.135909375,1.14516875,12300,0
1980-08-12,1.139059375,1.14516875,1.13275,1.139059375,20000,0
1980-08-13,1.13275,1.142009375,1.123690625,1.13275,8200,0
1980-08-14,1.142009375,1.142009375,1.13275,1.142009375,12800,0
1980-08-15,1.15126875,1.15126875,1.139059375,1.15126875,10100,0
1980-08-18,1.13275,1.15441875,1.13275,1.13275,13400,0
1980-08-19,1.15441875,1.15441875,1.13275,1.15441875,12800,0
1980-08-20,1.139059375,1.14516875,1.139059375,1.139059375,5700,0
1980-08-21,1.182009375,1.182009375,1.14831875,1.182009375,17000,0
1980-08-22,1.240509375,1.24366875,1.20051875,1.240509375,23100,0
1980-08-25,1.22515,1.26218125,1.222190625,1.22515,14900,0
1980-08-26,1.20663125,1.22515,1.20368125,1.20663125,70200,0
1980-08-27,1.20051875,1.20663125,1.19756875,1.20051875,2700,0
1980-08-28,1.20663125,1.219040625,1.20051875,1.20663125,12500,0
1980-08-29,1.191259375,1.20663125,1.191259375,1.191259375,1600,0
1980-09-02,1.191259375,1.20368125,1.191259375,1.191259375,27600,0
1980-09-03,1.219040625,1.222190625,1.20663125,1.219040625,29800,0
1980-09-04,1.215890625,1.22515,1.20663125,1.215890625,14800,0
1980-09-05,1.222190625,1.2283,1.219040625,1.222190625,8600,0
1980-09-08,1.222190625,1.240509375,1.219040625,1.222190625,22900,0
1980-09-09,1.21293125,1.22515,1.21293125,1.21293125,27100,0
1980-09-10,1.219040625,1.240509375,1.21293125,1.219040625,6800,0
1980-09-11,1.20368125,1.219040625,1.20051875,1.20368125,5100,0
1980-09-12,1.182009375,1.20663125,1.172940625,1.182009375,11400,0
1980-09-15,1.188309375,1.188309375,1.169790625,1.188309375,10100,0
1980-09-16,1.182009375,1.188309375,1.1759,1.182009375,10700,0
1980-09-17,1.182009375,1.188309375,1.1759,1.182009375,5700,0
1980-09-18,1.20663125,1.21293125,1.191259375,1.20663125,26400,0
1980-09-19,1.234409375,1.240509375,1.19441875,1.234409375,10100,0
1980-09-22,1.22515,1.231259375,1.20663125,1.22515,12000,0
1980-09-23,1.24976875,1.27755,1.231259375,1.24976875,17200,0
1980-09-24,1.271440625,1.271440625,1.222190625,1.271440625,17300,0
1980-09-25,1.25588125,1.26218125,1.24681875,1.25588125,12400,0
1980-09-26,1.191259375,1.237559375,1.188309375,1.191259375,14400,0
1980-09-29,1.169790625,1.17905,1.15126875,1.169790625,16200,0
1980-09-30,1.16053125,1.16368125,1.14831875,1.16053125,2700,0
1980-10-01,1.16368125,1.182009375,1.15738125,1.16368125,93600,0
1980-10-02,1.12665,1.15738125,1.120540625,1.12665,9800,0
1980-10-03,1.1298,1.139059375,1.12665,1.1298,16400,0
1980-10-06,1.14516875,1.14516875,1.1298,1.14516875,23200,0
1980-10-07,1.19441875,1.19441875,1.14516875,1.19441875,42700,0
1980-10-08,1.219040625,1.24976875,1.20051875,1.219040625,18000,0
1980-10-09,1.22515,1.24366875,1.219040625,1.22515,11600,0
1980-10-10,1.24366875,1.24366875,1.219040625,1.24366875,55300,0
1980-10-13,1.215890625,1.231259375,1.20978125,1.215890625,3500,0
1980-10-14,1.2283,1.2283,1.215890625,1.2283,10500,0
1980-10-15,1.182009375,1.2283,1.182009375,1.182009375,14300,0
1980-10-16,1.182009375,1.191259375,1.172940625,1.182009375,12200,0
1980-10-17,1.20051875,1.20051875,1.182009375,1.20051875,4900,0
1980-10-20,1.219040625,1.219040625,1.19441875,1.219040625,39400,0
1980-10-21,1.20663125,1.2283,1.20663125,1.20663125,19600,0
1980-10-22,1.20663125,1.219040625,1.20663125,1.20663125,3800,0
1980-10-23,1.20663125,1.222190625,1.20051875,1.20663125,81600,0
1980-10-24,1.20663125,1.20663125,1.20368125,1.20663125,1000,0
1980-10-27,1.182009375,1.20051875,1.182009375,1.182009375,32800,0
1980-10-28,1.15738125,1.185159375,1.15738125,1.15738125,12200,0
1980-10-29,1.166640625,1.182009375,1.15126875,1.166640625,4600,0
1980-10-30,1.16368125,1.172940625,1.14831875,1.16368125,15800,0
1980-10-31,1.182009375,1.182009375,1.16368125,1.182009375,3100,0
1980-11-03,1.1759,1.191259375,1.16368125,1.1759,23700,0
1980-11-05,1.21293125,1.24366875,1.20663125,1.21293125,14300,0
1980-11-06,1.188309375,1.22515,1.188309375,1.188309375,32300,0
1980-11-07,1.188309375,1.19441875,1.1759,1.188309375,14800,0
1980-11-10,1.20051875,1.20051875,1.185159375,1.20051875,5600,0
1980-11-11,1.19756875,1.20051875,1.19441875,1.19756875,14100,0
1980-11-12,1.21293125,1.21293125,1.20051875,1.21293125,3500,0
1980-11-13,1.24976875,1.24976875,1.22515,1.24976875,28500,0
1980-11-14,1.280509375,1.30513125,1.25903125,1.280509375,19800,0
1980-11-17,1.25588125,1.286809375,1.231259375,1.25588125,39600,0
1980-11-18,1.286809375,1.289759375,1.25588125,1.286809375,18000,0
1980-11-19,1.25588125,1.29291875,1.25588125,1.25588125,23500,0
1980-11-20,1.231259375,1.25588125,1.231259375,1.231259375,8500,0
1980-11-21,1.21293125,1.2283,1.21293125,1.21293125,5100,0
1980-11-24,1.20051875,1.20663125,1.182009375,1.20051875,19700,0
1980-11-25,1.188309375,1.19441875,1.182009375,1.188309375,18100,0
1980-11-26,1.19441875,1.19441875,1.182009375,1.19441875,24700,0
1980-11-28,1.19441875,1.19756875,1.188309375,1.19441875,28700,0
1980-12-01,1.19441875,1.20051875,1.188309375,1.19441875,2900,0
1980-12-02,1.20051875,1.20051875,1.191259375,1.20051875,6700,0
1980-12-03,1.182009375,1.19756875,1.1759,1.182009375,24600,0
1980-12-04,1.172940625,1.182009375,1.16053125,1.172940625,28900,0
1980-12-05,1.13275,1.16368125,1.13275,1.13275,12900,0
1980-12-08,1.10201875,1.123690625,1.09591875,1.10201875,13500,0
1980-12-09,1.10813125,1.11443125,1.09591875,1.10813125,55400,0
1980-12-10,1.089809375,1.11443125,1.089809375,1.089809375,36900,0
1980-12-11,1.0774,1.09591875,1.0774,1.0774,12300,0
1980-12-12,1.089809375,1.09591875,1.0774,1.089809375,57600,0
1980-12-15,1.09591875,1.10201875,1.089809375,1.09591875,23200,0
1980-12-16,1.10813125,1.10813125,1.09591875,1.10813125,18800,0
1980-12-17,1.12665,1.12665,1.11443125,1.12665,21300,0
1980-12-18,1.120540625,1.1298,1.120540625,1.120540625,25400,0
1980-12-19,1.15126875,1.15126875,1.10201875,1.15126875,27700,0
1980-12-22,1.15738125,1.16368125,1.14516875,1.15738125,13300,0
1980-12-23,1.14831875,1.16368125,1.13275,1.14831875,13400,0
1980-12-24,1.166640625,1.166640625,1.142009375,1.166640625,23000,0
1980-12-26,1.182009375,1.182009375,1.169790625,1.182009375,1200,0
1980-12-29,1.20051875,1.20051875,1.188309375,1.20051875,61500,0
1980-12-30,1.21293125,1.219040625,1.19441875,1.21293125,20800,0
1980-12-31,1.219040625,1.231259375,1.20663125,1.219040625,12400,0
1981-01-02,1.231259375,1.231259375,1.21293125,1.231259375,4600,0
1981-01-05,1.237559375,1.24366875,1.219040625,1.237559375,14600,0
1981-01-06,1.231259375,1.240509375,1.2283,1.231259375,17900,0
1981-01-07,1.215890625,1.215890625,1.19756875,1.215890625,37400,0
1981-01-08,1.21293125,1.22515,1.19441875,1.21293125,41400,0
1981-01-09,1.20978125,1.20978125,1.19441875,1.20978125,18300,0
1981-01-12,1.20051875,1.20978125,1.17905,1.20051875,19900,0
1981-01-13,1.191259375,1.20051875,1.185159375,1.191259375,3800,0
1981-01-14,1.20663125,1.21293125,1.19441875,1.20663125,15700,0
1981-01-15,1.20051875,1.215890625,1.20051875,1.20051875,1800,0
1981-01-16,1.20051875,1.20663125,1.188309375,1.20051875,6600,0
1981-01-19,1.219040625,1.219040625,1.19441875,1.219040625,18100,0
1981-01-20,1.19441875,1.21293125,1.188309375,1.19441875,2500,0
1981-01-21,1.15738125,1.182009375,1.15126875,1.15738125,8800,0
1981-01-22,1.166640625,1.166640625,1.16368125,1.166640625,15700,0
1981-01-23,1.172940625,1.182009375,1.16053125,1.172940625,21300,0
1981-01-26,1.172940625,1.172940625,1.169790625,1.172940625,4400,0
1981-01-27,1.182009375,1.19441875,1.17905,1.182009375,35700,0
1981-01-28,1.169790625,1.17905,1.169790625,1.169790625,5500,0
1981-01-29,1.16368125,1.172940625,1.16368125,1.16368125,17200,0
1981-01-30,1.172940625,1.182009375,1.169790625,1.172940625,9400,0
1981-02-02,1.182009375,1.182009375,1.169790625,1.182009375,5000,0
1981-02-03,1.182009375,1.182009375,1.1759,1.182009375,5100,0
1981-02-04,1.185159375,1.20051875,1.185159375,1.185159375,7900,0
1981-02-05,1.21293125,1.21293125,1.191259375,1.21293125,30700,0
1981-02-06,1.20663125,1.21293125,1.19441875,1.20663125,5900,0
1981-02-09,1.182009375,1.21293125,1.182009375,1.182009375,2700,0
1981-02-10,1.1759,1.182009375,1.1759,1.1759,2600,0
1981-02-11,1.172940625,1.191259375,1.172940625,1.172940625,2900,0
1981-02-12,1.169790625,1.172940625,1.169790625,1.169790625,1400,0
1981-02-13,1.16053125,1.172940625,1.16053125,1.16053125,4000,0
1981-02-17,1.16053125,1.166640625,1.15738125,1.16053125,11600,0
1981-02-18,1.188309375,1.188309375,1.16053125,1.188309375,10300,0
1981-02-19,1.20051875,1.20663125,1.19441875,1.20051875,21300,0
1981-02-20,1.20051875,1.20051875,1.188309375,1.20051875,19700,0
1981-02-23,1.20051875,1.20368125,1.19441875,1.20051875,11400,0
1981-02-24,1.21293125,1.21293125,1.20051875,1.21293125,8200,0
1981-02-25,1.19441875,1.21293125,1.17905,1.19441875,38300,0
1981-02-26,1.237559375,1.24366875,1.215890625,1.237559375,116100,0
1981-02-27,1.231259375,1.24976875,1.222190625,1.231259375,14700,0
1981-03-02,1.25588125,1.25588125,1.22515,1.25588125,14500,0
1981-03-03,1.25903125,1.268290625,1.24976875,1.25903125,9100,0
1981-03-04,1.24976875,1.268290625,1.24976875,1.24976875,7600,0
1981-03-05,1.231259375,1.25293125,1.231259375,1.231259375,4300,0
1981-03-06,1.240509375,1.240509375,1.22515,1.240509375,7000,0
1981-03-09,1.268290625,1.286809375,1.24366875,1.268290625,10300,0
1981-03-10,1.24976875,1.2744,1.24976875,1.24976875,48500,0
1981-03-11,1.268290625,1.268290625,1.24681875,1.268290625,31800,0
1981-03-12,1.2744,1.2744,1.24681875,1.2744,57100,0
1981-03-13,1.280509375,1.286809375,1.2744,1.280509375,15700,0
1981-03-16,1.27755,1.29291875,1.271440625,1.27755,5400,0
1981-03-17,1.26218125,1.2744,1.25588125,1.26218125,18800,0
1981-03-18,1.280509375,1.286809375,1.268290625,1.280509375,9500,0
1981-03-19,1.31143125,1.31143125,1.286809375,1.31143125,13700,0
1981-03-20,1.286809375,1.31143125,1.286809375,1.286809375,52200,0
1981-03-23,1.29901875,1.30513125,1.29291875,1.29901875,13500,0
1981-03-24,1.336059375,1.336059375,1.29291875,1.336059375,14400,0
1981-03-25,1.329759375,1.336059375,1.320690625,1.329759375,8500,0
1981-03-26,1.34216875,1.36068125,1.329759375,1.34216875,59800,0
1981-03-27,1.336059375,1.35438125,1.329759375,1.336059375,3100,0
1981-03-30,1.34531875,1.34531875,1.329759375,1.34531875,16800,0
1981-03-31,1.385309375,1.39141875,1.369940625,1.385309375,13600,0
1981-04-01,1.39751875,1.40363125,1.379009375,1.39751875,18400,0
1981-04-02,1.3729,1.39141875,1.366790625,1.3729,16600,0
1981-04-03,1.36068125,1.3729,1.36068125,1.36068125,50100,0
1981-04-06,1.36068125,1.366790625,1.36068125,1.36068125,2000,0
1981-04-07,1.39141875,1.39141875,1.366790625,1.39141875,5100,0
1981-04-08,1.388259375,1.39141875,1.385309375,1.388259375,12300,0
1981-04-09,1.40993125,1.40993125,1.39751875,1.40993125,23900,0
1981-04-10,1.43751875,1.45288125,1.40993125,1.43751875,45200,0
1981-04-13,1.42215,1.434559375,1.42215,1.42215,13200,0
1981-04-14,1.44381875,1.44676875,1.42215,1.44381875,14100,0
1981-04-15,1.44676875,1.45288125,1.43751875,1.44676875,4000,0
1981-04-16,1.468440625,1.468440625,1.462140625,1.468440625,35500,0
1981-04-20,1.45288125,1.465290625,1.45288125,1.45288125,5100,0
1981-04-21,1.468440625,1.468440625,1.45288125,1.468440625,6100,0
1981-04-22,1.483809375,1.483809375,1.459190625,1.483809375,7800,0
1981-04-23,1.54231875,1.54526875,1.48991875,1.54231875,57100,0
1981-04-24,1.560640625,1.563790625,1.54526875,1.560640625,16600,0
1981-04-27,1.54231875,1.560640625,1.54231875,1.54231875,22300,0
1981-04-28,1.508440625,1.54231875,1.50528125,1.508440625,28800,0
1981-04-29,1.459190625,1.48991875,1.459190625,1.459190625,11600,0
1981-04-30,1.55138125,1.55138125,1.477509375,1.55138125,20900,0
1981-05-01,1.52065,1.55138125,1.52065,1.52065,15500,0
1981-05-04,1.49601875,1.508440625,1.48676875,1.49601875,20200,0
1981-05-05,1.4714,1.483809375,1.45288125,1.4714,22800,0
1981-05-06,1.44993125,1.48676875,1.44993125,1.44993125,27000,0
1981-05-07,1.44381875,1.459190625,1.42215,1.44381875,11800,0
1981-05-08,1.434559375,1.44676875,1.434559375,1.434559375,96900,0
1981-05-11,1.42215,1.428259375,1.40993125,1.42215,5400,0
1981-05-12,1.40678125,1.42215,1.39751875,1.40678125,35400,0
1981-05-13,1.428259375,1.428259375,1.39751875,1.428259375,11700,0
1981-05-14,1.40363125,1.428259375,1.40363125,1.40363125,17700,0
1981-05-15,1.44066875,1.44066875,1.40993125,1.44066875,188300,0
1981-05-18,1.43751875,1.45603125,1.43751875,1.43751875,15600,0
1981-05-19,1.434559375,1.44066875,1.434559375,1.434559375,56100,0
1981-05-20,1.44066875,1.44066875,1.428259375,1.44066875,10800,0
1981-05-21,1.465290625,1.465290625,1.45288125,1.465290625,22700,0
1981-05-22,1.45288125,1.4714,1.45288125,1.45288125,59000,0
1981-05-26,1.4591875,1.4652875,1.44676875,1.4591875,59600,0
1981-05-27,1.44676875,1.4591875,1.4345625,1.44676875,72500,0
1981-05-28,1.44066875,1.4591875,1.44066875,1.44066875,39400,0
1981-05-29,1.44066875,1.45288125,1.44066875,1.44066875,15600,0
1981-06-01,1.4714,1.4714,1.44676875,1.4714,53500,0
1981-06-02,1.4652875,1.48991875,1.4652875,1.4652875,31200,0
1981-06-03,1.5637875,1.5637875,1.4652875,1.5637875,48700,0
1981-06-04,1.5267625,1.55138125,1.50213125,1.5267625,36600,0
1981-06-05,1.48991875,1.5145375,1.48991875,1.48991875,114800,0
1981-06-08,1.50213125,1.52065,1.48991875,1.50213125,38700,0
1981-06-09,1.50213125,1.5145375,1.50213125,1.50213125,59400,0
1981-06-10,1.49601875,1.5084375,1.4775125,1.49601875,46900,0
1981-06-11,1.4775125,1.49601875,1.4775125,1.4775125,27400,0
1981-06-12,1.4714,1.48991875,1.4652875,1.4714,15800,0
1981-06-15,1.4652875,1.4652875,1.44676875,1.4652875,11000,0
1981-06-16,1.4652875,1.48991875,1.4652875,1.4652875,24200,0
1981-06-17,1.45288125,1.4775125,1.45288125,1.45288125,24500,0
1981-06-18,1.44066875,1.4591875,1.44066875,1.44066875,18300,0
1981-06-19,1.45288125,1.45288125,1.4160375,1.45288125,27900,0
1981-06-22,1.39141875,1.44066875,1.3790125,1.39141875,122600,0
1981-06-23,1.44066875,1.44066875,1.40363125,1.44066875,66900,0
1981-06-24,1.4160375,1.44676875,1.4160375,1.4160375,36800,0
1981-06-25,1.4345625,1.4652875,1.4160375,1.4345625,8800,0
1981-06-26,1.44066875,1.4652875,1.4345625,1.44066875,22800,0
1981-06-29,1.4282625,1.44066875,1.40363125,1.4282625,33300,0
1981-06-30,1.39141875,1.44066875,1.3790125,1.39141875,6600,0
1981-07-01,1.3667875,1.39141875,1.3667875,1.3667875,16200,0
1981-07-02,1.34216875,1.3790125,1.3297625,1.34216875,77100,0
1981-07-06,1.25588125,1.35438125,1.25588125,1.25588125,78200,0
1981-07-07,1.31143125,1.3297625,1.2682875,1.31143125,37600,0
1981-07-08,1.30513125,1.3297625,1.30513125,1.30513125,37500,0
1981-07-09,1.30513125,1.3175375,1.29901875,1.30513125,5000,0
1981-07-10,1.2805125,1.3175375,1.2805125,1.2805125,38100,0
1981-07-13,1.30513125,1.30513125,1.2805125,1.30513125,24200,0
1981-07-14,1.2868125,1.30513125,1.2805125,1.2868125,22100,0
1981-07-15,1.30513125,1.31143125,1.29291875,1.30513125,38000,0
1981-07-16,1.31143125,1.3175375,1.29291875,1.31143125,108100,0
1981-07-17,1.34216875,1.34216875,1.30513125,1.34216875,24200,0
1981-07-20,1.39751875,1.39751875,1.3360625,1.39751875,53400,0
1981-07-21,1.39751875,1.40993125,1.3853125,1.39751875,66200,0
1981-07-22,1.3790125,1.4160375,1.3790125,1.3790125,98100,0
1981-07-23,1.35438125,1.35438125,1.3297625,1.35438125,9000,0
1981-07-24,1.40363125,1.40363125,1.3360625,1.40363125,7400,0
1981-07-27,1.4160375,1.45288125,1.4160375,1.4160375,15500,0
1981-07-28,1.40363125,1.42215,1.40363125,1.40363125,11900,0
1981-07-29,1.40363125,1.40993125,1.39141875,1.40363125,43500,0
1981-07-30,1.3729,1.4160375,1.3667875,1.3729,26400,0
1981-07-31,1.40363125,1.40363125,1.35438125,1.40363125,115600,0
1981-08-03,1.3853125,1.42215,1.3853125,1.3853125,42700,0
1981-08-04,1.39141875,1.40363125,1.3853125,1.39141875,9300,0
1981-08-05,1.39141875,1.40363125,1.39141875,1.39141875,41200,0
1981-08-06,1.42215,1.42215,1.39751875,1.42215,28600,0
1981-08-07,1.4282625,1.4282625,1.40363125,1.4282625,157400,0
1981-08-10,1.44066875,1.45288125,1.4160375,1.44066875,3400,0
1981-08-11,1.4775125,1.50213125,1.4282625,1.4775125,35300,0
1981-08-12,1.44676875,1.4775125,1.44676875,1.44676875,12600,0
1981-08-13,1.4652875,1.4652875,1.4282625,1.4652875,6800,0
1981-08-14,1.44066875,1.4591875,1.4282625,1.44066875,60500,0
1981-08-17,1.4160375,1.44066875,1.4160375,1.4160375,4400,0
1981-08-18,1.4282625,1.45288125,1.4160375,1.4282625,10300,0
1981-08-19,1.4591875,1.4591875,1.4282625,1.4591875,41300,0
1981-08-20,1.4775125,1.48991875,1.4652875,1.4775125,29200,0
1981-08-21,1.45288125,1.4775125,1.44676875,1.45288125,21300,0
1981-08-24,1.4160375,1.4345625,1.4160375,1.4160375,37000,0
1981-08-25,1.3790125,1.40363125,1.3667875,1.3790125,118000,0
1981-08-26,1.39751875,1.40363125,1.3667875,1.39751875,27700,0
1981-08-27,1.34216875,1.39141875,1.34216875,1.34216875,80400,0
1981-08-28,1.3175375,1.35438125,1.29901875,1.3175375,62500,0
1981-08-31,1.3175375,1.34826875,1.31143125,1.3175375,36600,0
1981-09-01,1.31143125,1.3297625,1.2805125,1.31143125,147400,0
1981-09-02,1.3297625,1.34216875,1.3175375,1.3297625,23000,0
1981-09-03,1.29901875,1.3297625,1.29291875,1.29901875,31700,0
1981-09-04,1.29291875,1.29291875,1.26218125,1.29291875,58800,0
1981-09-08,1.2744,1.29291875,1.26218125,1.2744,59900,0
1981-09-09,1.29291875,1.30513125,1.2682875,1.29291875,34800,0
1981-09-10,1.34216875,1.35438125,1.30513125,1.34216875,49900,0
1981-09-11,1.36068125,1.36068125,1.34216875,1.36068125,143900,0
1981-09-14,1.3667875,1.3790125,1.34826875,1.3667875,36800,0
1981-09-15,1.3360625,1.35438125,1.3360625,1.3360625,25300,0
1981-09-16,1.2682875,1.3175375,1.25588125,1.2682875,68900,0
1981-09-17,1.2375625,1.2805125,1.2312625,1.2375625,104600,0
1981-09-18,1.20663125,1.2375625,1.20663125,1.20663125,73300,0
1981-09-21,1.2190375,1.2312625,1.1883125,1.2190375,80400,0
1981-09-22,1.24976875,1.24976875,1.2190375,1.24976875,59700,0
1981-09-23,1.21293125,1.24366875,1.20663125,1.21293125,64600,0
1981-09-24,1.2375625,1.26218125,1.22515,1.2375625,67500,0
1981-09-25,1.21293125,1.2190375,1.20663125,1.21293125,25100,0
1981-09-28,1.20663125,1.2190375,1.1820125,1.20663125,137600,0
1981-09-29,1.20051875,1.24976875,1.20051875,1.20051875,107500,0
1981-09-30,1.25588125,1.25588125,1.20051875,1.25588125,48400,0
1981-10-01,1.2312625,1.25588125,1.2312625,1.2312625,52700,0
1981-10-02,1.2868125,1.29901875,1.24976875,1.2868125,64600,0
1981-10-05,1.31143125,1.3297625,1.29901875,1.31143125,104500,0
1981-10-06,1.3297625,1.3667875,1.32365,1.3297625,37300,0
1981-10-07,1.34826875,1.34826875,1.32365,1.34826875,116300,0
1981-10-08,1.3360625,1.35438125,1.3360625,1.3360625,33500,0
1981-10-09,1.3297625,1.34826875,1.3297625,1.3297625,33900,0
1981-10-12,1.32365,1.3297625,1.30513125,1.32365,5800,0
1981-10-13,1.32365,1.3297625,1.3175375,1.32365,13400,0
1981-10-14,1.29291875,1.32365,1.2805125,1.29291875,50100,0
1981-10-15,1.2805125,1.2805125,1.2805125,1.2805125,132600,0
1981-10-16,1.2805125,1.2805125,1.2682875,1.2805125,148200,0
1981-10-19,1.3175375,1.3175375,1.2744,1.3175375,9000,0
1981-10-20,1.35438125,1.35438125,1.30513125,1.35438125,32000,0
1981-10-21,1.34826875,1.3729,1.34216875,1.34826875,29400,0
1981-10-22,1.34216875,1.34216875,1.3175375,1.34216875,20200,0
1981-10-23,1.3297625,1.34826875,1.3297625,1.3297625,31000,0
1981-10-26,1.3175375,1.34826875,1.3175375,1.3175375,66100,0
1981-10-27,1.35438125,1.3667875,1.3297625,1.35438125,39400,0
1981-10-28,1.39141875,1.40363125,1.3297625,1.39141875,34800,0
1981-10-29,1.3853125,1.4160375,1.3729,1.3853125,25800,0
1981-10-30,1.4160375,1.42215,1.39141875,1.4160375,45000,0
1981-11-02,1.48991875,1.48991875,1.4345625,1.48991875,33200,0
1981-11-03,1.4714,1.48991875,1.45288125,1.4714,13300,0
1981-11-04,1.4282625,1.4775125,1.4282625,1.4282625,16200,0
1981-11-05,1.39141875,1.42215,1.39141875,1.39141875,6700,0
1981-11-06,1.4282625,1.4282625,1.39751875,1.4282625,16100,0
1981-11-09,1.4775125,1.4775125,1.4282625,1.4775125,9500,0
1981-11-10,1.4160375,1.4714,1.4160375,1.4160375,14900,0
1981-11-11,1.44066875,1.44066875,1.4282625,1.44066875,11700,0
1981-11-12,1.4652875,1.4714,1.45288125,1.4652875,7600,0
1981-11-13,1.40363125,1.45288125,1.40363125,1.40363125,16000,0
1981-11-16,1.40363125,1.4160375,1.40363125,1.40363125,5600,0
1981-11-17,1.39751875,1.39751875,1.3729,1.39751875,29600,0
1981-11-18,1.40993125,1.40993125,1.3729,1.40993125,11000,0
1981-11-19,1.40363125,1.40363125,1.3667875,1.40363125,8100,0
1981-11-20,1.39751875,1.40993125,1.3790125,1.39751875,9300,0
1981-11-23,1.3790125,1.4282625,1.3790125,1.3790125,15400,0
1981-11-24,1.3667875,1.39141875,1.34826875,1.3667875,73600,0
1981-11-25,1.3729,1.3790125,1.3667875,1.3729,13400,0
1981-11-27,1.3790125,1.3790125,1.36068125,1.3790125,14500,0
1981-11-30,1.36068125,1.3790125,1.36068125,1.36068125,8100,0
1981-12-01,1.36068125,1.3790125,1.34826875,1.36068125,19600,0
1981-12-02,1.3667875,1.3853125,1.34216875,1.3667875,89100,0
1981-12-03,1.39141875,1.40363125,1.3667875,1.39141875,53600,0
1981-12-04,1.40363125,1.4345625,1.39751875,1.40363125,17400,0
1981-12-07,1.35438125,1.40363125,1.34826875,1.35438125,51700,0
1981-12-08,1.3729,1.3729,1.34216875,1.3729,5900,0
1981-12-09,1.3729,1.39141875,1.35438125,1.3729,7500,0
1981-12-10,1.35438125,1.3790125,1.35438125,1.35438125,19400,0
1981-12-11,1.3297625,1.34826875,1.3297625,1.3297625,239300,0
1981-12-14,1.32365,1.3360625,1.31143125,1.32365,53700,0
1981-12-15,1.3297625,1.3297625,1.30513125,1.3297625,111000,0
1981-12-16,1.29291875,1.34216875,1.29291875,1.29291875,39300,0
1981-12-17,1.29291875,1.29901875,1.2868125,1.29291875,6200,0
1981-12-18,1.30513125,1.32365,1.29901875,1.30513125,15600,0
1981-12-21,1.29901875,1.3175375,1.29291875,1.29901875,22000,0
1981-12-22,1.2682875,1.29901875,1.2682875,1.2682875,60000,0
1981-12-23,1.26218125,1.2805125,1.26218125,1.26218125,13300,0
1981-12-24,1.2744,1.2744,1.26218125,1.2744,5700,0
1981-12-28,1.26218125,1.2805125,1.26218125,1.26218125,2800,0
1981-12-29,1.24976875,1.25588125,1.24976875,1.24976875,70700,0
1981-12-30,1.24366875,1.24366875,1.2375625,1.24366875,66100,0
1981-12-31,1.2375625,1.24976875,1.2375625,1.2375625,36500,0
1982-01-04,1.2744,1.2744,1.24976875,1.2744,93700,0
1982-01-05,1.24976875,1.2744,1.24366875,1.24976875,82800,0
1982-01-06,1.25588125,1.2682875,1.24366875,1.25588125,30700,0
1982-01-07,1.2682875,1.2744,1.24366875,1.2682875,26800,0
1982-01-08,1.29901875,1.30513125,1.2805125,1.29901875,52700,0
1982-01-11,1.24976875,1.29291875,1.24366875,1.24976875,27000,0
1982-01-12,1.24366875,1.24366875,1.22515,1.24366875,117400,0
1982-01-13,1.24366875,1.24366875,1.2312625,1.24366875,8000,0
1982-01-14,1.22515,1.24366875,1.22515,1.22515,58600,0
1982-01-15,1.2312625,1.2312625,1.2190375,1.2312625,44400,0
1982-01-18,1.24976875,1.24976875,1.22515,1.24976875,16800,0
1982-01-19,1.24976875,1.26218125,1.2375625,1.24976875,8900,0
1982-01-20,1.2312625,1.24366875,1.2312625,1.2312625,17300,0
1982-01-21,1.1820125,1.21293125,1.1820125,1.1820125,217300,0
1982-01-22,1.1883125,1.20051875,1.1820125,1.1883125,60200,0
1982-01-25,1.1820125,1.1820125,1.1697875,1.1820125,61200,0
1982-01-26,1.15738125,1.19441875,1.15738125,1.15738125,76300,0
1982-01-27,1.14516875,1.15126875,1.13275,1.14516875,137200,0
1982-01-28,1.22515,1.2312625,1.1820125,1.22515,130400,0
1982-01-29,1.24976875,1.25588125,1.2375625,1.24976875,43400,0
1982-02-01,1.2312625,1.2744,1.2312625,1.2312625,53700,0
1982-02-02,1.2682875,1.2805125,1.24366875,1.2682875,22700,0
1982-02-03,1.26218125,1.2805125,1.24366875,1.26218125,24900,0
1982-02-04,1.25588125,1.26218125,1.2312625,1.25588125,28600,0
1982-02-05,1.2312625,1.24366875,1.2190375,1.2312625,40000,0
1982-02-08,1.21293125,1.24366875,1.20051875,1.21293125,31900,0
1982-02-09,1.20663125,1.20663125,1.1820125,1.20663125,54000,0
1982-02-10,1.2312625,1.2312625,1.20663125,1.2312625,66300,0
1982-02-11,1.22515,1.24366875,1.22515,1.22515,28100,0
1982-02-12,1.22515,1.2375625,1.22515,1.22515,57700,0
1982-02-16,1.2312625,1.24366875,1.2190375,1.2312625,35800,0
1982-02-17,1.2190375,1.2375625,1.2190375,1.2190375,48400,0
1982-02-18,1.2312625,1.24366875,1.2190375,1.2312625,77300,0
1982-02-19,1.2312625,1.24366875,1.2312625,1.2312625,29000,0
1982-02-22,1.2190375,1.2682875,1.2190375,1.2190375,101400,0
1982-02-23,1.20051875,1.2190375,1.1820125,1.20051875,31200,0
1982-02-24,1.2312625,1.24366875,1.20663125,1.2312625,12600,0
1982-02-25,1.2312625,1.24976875,1.2312625,1.2312625,6400,0
1982-02-26,1.24366875,1.24976875,1.22515,1.24366875,15300,0
1982-03-01,1.25588125,1.2682875,1.25588125,1.25588125,52700,0
1982-03-02,1.29291875,1.30513125,1.25588125,1.29291875,115300,0
1982-03-03,1.24366875,1.29291875,1.24366875,1.24366875,76800,0
1982-03-04,1.19441875,1.2375625,1.1820125,1.19441875,70700,0
1982-03-05,1.21293125,1.21293125,1.1820125,1.21293125,55700,0
1982-03-08,1.20663125,1.2375625,1.20663125,1.20663125,40300,0
1982-03-09,1.20051875,1.2190375,1.1390625,1.20051875,77300,0
1982-03-10,1.2312625,1.24976875,1.20051875,1.2312625,55800,0
1982-03-11,1.2375625,1.24976875,1.2312625,1.2375625,41200,0
1982-03-12,1.21293125,1.22515,1.20051875,1.21293125,48400,0
1982-03-15,1.22515,1.22515,1.20051875,1.22515,92900,0
1982-03-16,1.2375625,1.24976875,1.1883125,1.2375625,41700,0
1982-03-17,1.24366875,1.24976875,1.2312625,1.24366875,76600,0
1982-03-18,1.2682875,1.2805125,1.24366875,1.2682875,55000,0
1982-03-19,1.25588125,1.2868125,1.25588125,1.25588125,10400,0
1982-03-22,1.2744,1.2744,1.25588125,1.2744,26400,0
1982-03-23,1.29901875,1.32365,1.29291875,1.29901875,34000,0
1982-03-24,1.34826875,1.35438125,1.30513125,1.34826875,122600,0
1982-03-25,1.34826875,1.36068125,1.34216875,1.34826875,21500,0
1982-03-26,1.32365,1.3360625,1.31143125,1.32365,74100,0
1982-03-29,1.3175375,1.3175375,1.29901875,1.3175375,50900,0
1982-03-30,1.3297625,1.34216875,1.3175375,1.3297625,43500,0
1982-03-31,1.34216875,1.34826875,1.3360625,1.34216875,32800,0
1982-04-01,1.34216875,1.36068125,1.32365,1.34216875,32600,0
1982-04-02,1.3790125,1.39751875,1.34216875,1.3790125,43600,0
1982-04-05,1.3667875,1.3790125,1.35438125,1.3667875,85400,0
1982-04-06,1.36068125,1.3667875,1.34216875,1.36068125,14800,0
1982-04-07,1.3729,1.3853125,1.3667875,1.3729,229000,0
1982-04-08,1.3729,1.3729,1.35438125,1.3729,225400,0
1982-04-12,1.34216875,1.3667875,1.34216875,1.34216875,27800,0
1982-04-13,1.3175375,1.35438125,1.31143125,1.3175375,24100,0
1982-04-14,1.2805125,1.29291875,1.25588125,1.2805125,116500,0
1982-04-15,1.29291875,1.29291875,1.2682875,1.29291875,41200,0
1982-04-16,1.3175375,1.3297625,1.31143125,1.3175375,26200,0
1982-04-19,1.3297625,1.34216875,1.3175375,1.3297625,46200,0
1982-04-20,1.31143125,1.3297625,1.30513125,1.31143125,38600,0
1982-04-21,1.2805125,1.31143125,1.2805125,1.2805125,22500,0
1982-04-22,1.24976875,1.2682875,1.2312625,1.24976875,175200,0
1982-04-23,1.26218125,1.2682875,1.25588125,1.26218125,44600,0
1982-04-26,1.26218125,1.2805125,1.25588125,1.26218125,82100,0
1982-04-27,1.24366875,1.26218125,1.2375625,1.24366875,42900,0
1982-04-28,1.24976875,1.25588125,1.24366875,1.24976875,17500,0
1982-04-29,1.24366875,1.26218125,1.24366875,1.24366875,26200,0
1982-04-30,1.25588125,1.26218125,1.24976875,1.25588125,21500,0
1982-05-03,1.25588125,1.26218125,1.24366875,1.25588125,10700,0
1982-05-04,1.2744,1.2744,1.25588125,1.2744,19600,0
1982-05-05,1.26218125,1.2744,1.26218125,1.26218125,11200,0
1982-05-06,1.29291875,1.29291875,1.26218125,1.29291875,63800,0
1982-05-07,1.3175375,1.3297625,1.29291875,1.3175375,50700,0
1982-05-10,1.3175375,1.3297625,1.31143125,1.3175375,33800,0
1982-05-11,1.30513125,1.3175375,1.29901875,1.30513125,44300,0
1982-05-12,1.2868125,1.30513125,1.2805125,1.2868125,50200,0
1982-05-13,1.26218125,1.29901875,1.26218125,1.26218125,26900,0
1982-05-14,1.2682875,1.2805125,1.24976875,1.2682875,44500,0
1982-05-17,1.24976875,1.2805125,1.24366875,1.24976875,16900,0
1982-05-18,1.24976875,1.24976875,1.2375625,1.24976875,11500,0
1982-05-19,1.24366875,1.25588125,1.24366875,1.24366875,121900,0
1982-05-20,1.2375625,1.26218125,1.2375625,1.2375625,44400,0
1982-05-21,1.24366875,1.24366875,1.2375625,1.24366875,42400,0
1982-05-24,1.24366875,1.26218125,1.24366875,1.24366875,27600,0
1982-05-25,1.2312625,1.2682875,1.2312625,1.2312625,161300,0
1982-05-26,1.1759,1.2190375,1.1759,1.1759,61200,0
1982-05-27,1.21293125,1.2190375,1.1820125,1.21293125,33600,0
1982-05-28,1.21293125,1.22515,1.1820125,1.21293125,148800,0
1982-06-01,1.2190375,1.22515,1.20663125,1.2190375,16200,0
1982-06-02,1.2312625,1.2312625,1.20663125,1.2312625,32800,0
1982-06-03,1.2312625,1.24976875,1.22515,1.2312625,36000,0
1982-06-04,1.20663125,1.2375625,1.20663125,1.20663125,25200,0
1982-06-07,1.20663125,1.2190375,1.20051875,1.20663125,22000,0
1982-06-08,1.19441875,1.20051875,1.19441875,1.19441875,38800,0
1982-06-09,1.1759,1.19441875,1.1759,1.1759,54800,0
1982-06-10,1.20663125,1.20663125,1.1697875,1.20663125,17200,0
1982-06-11,1.2312625,1.24366875,1.20663125,1.2312625,23300,0
1982-06-14,1.2190375,1.2312625,1.2190375,1.2190375,2600,0
1982-06-15,1.2190375,1.22515,1.21293125,1.2190375,5500,0
1982-06-16,1.21293125,1.2312625,1.20663125,1.21293125,22600,0
1982-06-17,1.21293125,1.22515,1.20663125,1.21293125,28700,0
1982-06-18,1.2190375,1.2190375,1.20051875,1.2190375,85000,0
1982-06-21,1.20051875,1.2190375,1.20051875,1.20051875,47500,0
1982-06-22,1.1759,1.20663125,1.1697875,1.1759,54100,0
1982-06-23,1.1820125,1.1883125,1.1697875,1.1820125,129700,0
1982-06-24,1.1883125,1.20051875,1.1820125,1.1883125,54500,0
1982-06-25,1.1883125,1.20051875,1.1883125,1.1883125,8000,0
1982-06-28,1.20663125,1.20663125,1.19441875,1.20663125,32800,0
1982-06-29,1.20663125,1.20663125,1.1883125,1.20663125,10100,0
1982-06-30,1.20051875,1.2312625,1.1820125,1.20051875,31800,0
1982-07-01,1.1759,1.20663125,1.1697875,1.1759,28000,0
1982-07-02,1.15738125,1.1697875,1.15126875,1.15738125,23700,0
1982-07-06,1.0835,1.15738125,1.0835,1.0835,81300,0
1982-07-07,1.11443125,1.1205375,1.09591875,1.11443125,13600,0
1982-07-08,1.1205375,1.1205375,1.10201875,1.1205375,44700,0
1982-07-09,1.16368125,1.1697875,1.13275,1.16368125,29100,0
1982-07-12,1.2312625,1.24366875,1.1820125,1.2312625,182500,0
1982-07-13,1.21293125,1.2375625,1.21293125,1.21293125,57200,0
1982-07-14,1.21293125,1.2312625,1.21293125,1.21293125,62800,0
1982-07-15,1.2312625,1.2312625,1.2190375,1.2312625,80700,0
1982-07-16,1.2375625,1.2375625,1.22515,1.2375625,52800,0
1982-07-19,1.20051875,1.24366875,1.20051875,1.20051875,31500,0
1982-07-20,1.2312625,1.2312625,1.20663125,1.2312625,210000,0
1982-07-21,1.20663125,1.2312625,1.20663125,1.20663125,29400,0
1982-07-22,1.19441875,1.2190375,1.19441875,1.19441875,15800,0
1982-07-23,1.19441875,1.2190375,1.19441875,1.19441875,106100,0
1982-07-26,1.1820125,1.19441875,1.1697875,1.1820125,29400,0
1982-07-27,1.16368125,1.1820125,1.16368125,1.16368125,25700,0
1982-07-28,1.13275,1.15738125,1.13275,1.13275,32100,0
1982-07-29,1.13275,1.13275,1.11443125,1.13275,66400,0
1982-07-30,1.14516875,1.14516875,1.13275,1.14516875,7600,0
1982-08-02,1.16368125,1.1820125,1.15126875,1.16368125,43600,0
1982-08-03,1.16368125,1.1820125,1.16368125,1.16368125,24400,0
1982-08-04,1.1697875,1.1820125,1.14516875,1.1697875,31300,0
1982-08-05,1.15126875,1.15738125,1.14516875,1.15126875,22000,0
1982-08-06,1.10201875,1.1390625,1.10201875,1.10201875,12800,0
1982-08-09,1.0898125,1.0898125,1.0712875,1.0898125,48800,0
1982-08-10,1.0898125,1.10813125,1.0835,1.0898125,70400,0
1982-08-11,1.0835,1.09591875,1.0774,1.0835,91900,0
1982-08-12,1.0220375,1.0835,1.0220375,1.0220375,51900,0
1982-08-13,1.03425,1.03425,1.01593125,1.03425,47800,0
1982-08-16,1.0220375,1.04666875,1.0220375,1.0220375,58400,0
1982-08-17,1.0712875,1.0712875,1.0220375,1.0712875,121300,0
1982-08-18,1.04666875,1.14516875,1.04666875,1.04666875,235100,0
1982-08-19,1.03425,1.05888125,1.02815,1.03425,110100,0
1982-08-20,1.05276875,1.06518125,1.02815,1.05276875,74500,0
1982-08-23,1.1205375,1.1205375,1.0405625,1.1205375,155300,0
1982-08-24,1.19441875,1.20663125,1.14516875,1.19441875,219700,0
1982-08-25,1.13275,1.2312625,1.13275,1.13275,269700,0
1982-08-26,1.20051875,1.24366875,1.13275,1.20051875,776300,0
1982-08-27,1.20051875,1.22515,1.19441875,1.20051875,179100,0
1982-08-30,1.19441875,1.20663125,1.1697875,1.19441875,85700,0
1982-08-31,1.1883125,1.20663125,1.1820125,1.1883125,71900,0
1982-09-01,1.1697875,1.20051875,1.15126875,1.1697875,192800,0
1982-09-02,1.20663125,1.20663125,1.14516875,1.20663125,157400,0
1982-09-03,1.24366875,1.25588125,1.20663125,1.24366875,354000,0
1982-09-07,1.30513125,1.3297625,1.25588125,1.30513125,223300,0
1982-09-08,1.3360625,1.34216875,1.29901875,1.3360625,143600,0
1982-09-09,1.3175375,1.3297625,1.31143125,1.3175375,48500,0
1982-09-10,1.3175375,1.3297625,1.29901875,1.3175375,56700,0
1982-09-13,1.31143125,1.3175375,1.2805125,1.31143125,29300,0
1982-09-14,1.31143125,1.3297625,1.31143125,1.31143125,89200,0
1982-09-15,1.29291875,1.31143125,1.2682875,1.29291875,104900,0
1982-09-16,1.26218125,1.29901875,1.26218125,1.26218125,83000,0
1982-09-17,1.24976875,1.2744,1.24976875,1.24976875,43100,0
1982-09-20,1.2312625,1.25588125,1.2190375,1.2312625,113100,0
1982-09-21,1.20663125,1.2312625,1.1820125,1.20663125,317800,0
1982-09-22,1.1759,1.24366875,1.1759,1.1759,321700,0
1982-09-23,1.1820125,1.1820125,1.15738125,1.1820125,123000,0
1982-09-24,1.1820125,1.1820125,1.16368125,1.1820125,251800,0
1982-09-27,1.1820125,1.20051875,1.1759,1.1820125,94700,0
1982-09-28,1.22515,1.24366875,1.19441875,1.22515,114300,0
1982-09-29,1.20663125,1.24366875,1.20663125,1.20663125,129000,0
1982-09-30,1.20663125,1.2190375,1.19441875,1.20663125,123600,0
1982-10-01,1.20663125,1.2190375,1.19441875,1.20663125,46300,0
1982-10-04,1.20663125,1.2190375,1.20051875,1.20663125,14200,0
1982-10-05,1.1883125,1.2190375,1.1820125,1.1883125,116100,0
1982-10-06,1.25588125,1.25588125,1.1820125,1.25588125,202800,0
1982-10-07,1.26218125,1.29291875,1.25588125,1.26218125,212300,0
1982-10-08,1.3297625,1.3360625,1.2868125,1.3297625,404000,0
1982-10-11,1.36068125,1.39751875,1.36068125,1.36068125,140800,0
1982-10-12,1.39751875,1.40993125,1.3667875,1.39751875,233800,0
1982-10-13,1.4282625,1.44066875,1.39141875,1.4282625,104700,0
1982-10-14,1.39141875,1.42215,1.3790125,1.39141875,112700,0
1982-10-15,1.3853125,1.40363125,1.3790125,1.3853125,234000,0
1982-10-18,1.39751875,1.39751875,1.34826875,1.39751875,55600,0
1982-10-19,1.3790125,1.4282625,1.3790125,1.3790125,66900,0
1982-10-20,1.4775125,1.48991875,1.3790125,1.4775125,60300,0
1982-10-21,1.44066875,1.48991875,1.4282625,1.44066875,76900,0
1982-10-22,1.4775125,1.5145375,1.44066875,1.4775125,206800,0
1982-10-25,1.4345625,1.4652875,1.4282625,1.4345625,88000,0
1982-10-26,1.44676875,1.44676875,1.40363125,1.44676875,76300,0
1982-10-27,1.4591875,1.4714,1.44066875,1.4591875,98100,0
1982-10-28,1.45288125,1.4591875,1.42215,1.45288125,57300,0
1982-10-29,1.42215,1.4591875,1.4160375,1.42215,48300,0
1982-11-01,1.40363125,1.42215,1.3790125,1.40363125,132900,0
1982-11-02,1.3790125,1.4282625,1.3790125,1.3790125,79200,0
1982-11-03,1.4282625,1.4282625,1.3790125,1.4282625,242700,0
1982-11-04,1.49601875,1.5576875,1.40363125,1.49601875,526300,0
1982-11-05,1.64988125,1.6622875,1.50213125,1.64988125,246100,0
1982-11-08,1.6561875,1.6745125,1.63766875,1.6561875,414900,0
1982-11-09,1.6252625,1.6622875,1.6252625,1.6252625,132900,0
1982-11-10,1.61915,1.6684,1.5760125,1.61915,230300,0
1982-11-11,1.60063125,1.6252625,1.58841875,1.60063125,64700,0
1982-11-12,1.5760125,1.60063125,1.5760125,1.5760125,89600,0
1982-11-15,1.58841875,1.58841875,1.55138125,1.58841875,86600,0
1982-11-16,1.5760125,1.60063125,1.55138125,1.5760125,127100,0
1982-11-17,1.64376875,1.64376875,1.5823125,1.64376875,121100,0
1982-11-18,1.6745125,1.6745125,1.6561875,1.6745125,58500,0
1982-11-19,1.7115375,1.7237625,1.68691875,1.7115375,84800,0
1982-11-22,1.63766875,1.7237625,1.6252625,1.63766875,36700,0
1982-11-23,1.6622875,1.68691875,1.63766875,1.6622875,54200,0
1982-11-24,1.6745125,1.69913125,1.6561875,1.6745125,45200,0
1982-11-26,1.6622875,1.68691875,1.6561875,1.6622875,29900,0
1982-11-29,1.6622875,1.6808125,1.64988125,1.6622875,105100,0
1982-11-30,1.7300625,1.74228125,1.6622875,1.7300625,50000,0
1982-12-01,1.79763125,1.79763125,1.74228125,1.79763125,88700,0
1982-12-02,1.79153125,1.8100375,1.7730125,1.79153125,197600,0
1982-12-03,1.7237625,1.79153125,1.7237625,1.7237625,224200,0
1982-12-06,1.84078125,1.84078125,1.7054375,1.84078125,39800,0
1982-12-07,1.8100375,1.84078125,1.79763125,1.8100375,221600,0
1982-12-08,1.8222625,1.84688125,1.8100375,1.8222625,52200,0
1982-12-09,1.7607875,1.8100375,1.7607875,1.7607875,125200,0
1982-12-10,1.7546875,1.7546875,1.7300625,1.7546875,20000,0
1982-12-13,1.68691875,1.73616875,1.6745125,1.68691875,52900,0
1982-12-14,1.60063125,1.73616875,1.58841875,1.60063125,109200,0
1982-12-15,1.61915,1.61915,1.5576875,1.61915,56200,0
1982-12-16,1.6252625,1.64988125,1.59451875,1.6252625,77100,0
1982-12-17,1.6622875,1.68691875,1.6315625,1.6622875,40900,0
1982-12-20,1.6622875,1.69913125,1.6561875,1.6622875,81600,0
1982-12-21,1.69303125,1.69913125,1.64988125,1.69303125,54200,0
1982-12-22,1.74228125,1.74838125,1.7237625,1.74228125,79000,0
1982-12-23,1.8100375,1.84688125,1.7730125,1.8100375,120200,0
1982-12-27,1.83466875,1.84688125,1.78541875,1.83466875,20200,0
1982-12-28,1.8222625,1.8715125,1.8100375,1.8222625,75200,0
1982-12-29,1.8222625,1.84688125,1.8222625,1.8222625,35100,0
1982-12-30,1.81615,1.8592875,1.8100375,1.81615,41100,0
1982-12-31,1.8222625,1.8222625,1.79153125,1.8222625,13300,0
1983-01-03,1.7607875,1.8222625,1.7607875,1.7607875,61200,0
1983-01-04,1.78541875,1.78541875,1.73616875,1.78541875,115200,0
1983-01-05,1.74838125,1.78541875,1.73616875,1.74838125,110000,0
1983-01-06,1.83466875,1.8531875,1.7669,1.83466875,84600,0
1983-01-07,1.84688125,1.8592875,1.8222625,1.84688125,75000,0
1983-01-10,1.84688125,1.88391875,1.8222625,1.84688125,24200,0
1983-01-11,1.84688125,1.8592875,1.8285625,1.84688125,48100,0
1983-01-12,1.84688125,1.8654,1.83466875,1.84688125,59000,0
1983-01-13,1.8222625,1.84078125,1.79763125,1.8222625,113400,0
1983-01-14,1.84688125,1.8592875,1.8222625,1.84688125,110900,0
1983-01-17,1.81615,1.8715125,1.8100375,1.81615,92400,0
1983-01-18,1.79763125,1.8100375,1.74838125,1.79763125,94900,0
1983-01-19,1.7730125,1.79763125,1.7607875,1.7730125,159700,0
1983-01-20,1.7730125,1.78541875,1.7607875,1.7730125,77700,0
1983-01-21,1.7607875,1.7793125,1.73616875,1.7607875,42000,0
1983-01-24,1.6684,1.74838125,1.64988125,1.6684,55300,0
1983-01-25,1.74838125,1.7546875,1.69913125,1.74838125,82000,0
1983-01-26,1.7237625,1.7607875,1.7054375,1.7237625,13000,0
1983-01-27,1.7607875,1.7607875,1.7300625,1.7607875,49300,0
1983-01-28,1.74838125,1.7669,1.74838125,1.74838125,37300,0
1983-01-31,1.7300625,1.73616875,1.69913125,1.7300625,86100,0
1983-02-01,1.6622875,1.73616875,1.64988125,1.6622875,147700,0
1983-02-02,1.64988125,1.64988125,1.61915,1.64988125,128300,0
1983-02-03,1.7115375,1.7237625,1.6622875,1.7115375,163200,0
1983-02-04,1.7300625,1.7546875,1.7237625,1.7300625,114700,0
1983-02-07,1.73616875,1.74838125,1.71765,1.73616875,32900,0
1983-02-08,1.68691875,1.7300625,1.68691875,1.68691875,52100,0
1983-02-09,1.6561875,1.68691875,1.6252625,1.6561875,240000,0
1983-02-10,1.7237625,1.7237625,1.6684,1.7237625,164000,0
1983-02-11,1.71765,1.7730125,1.7115375,1.71765,127800,0
1983-02-14,1.79153125,1.79153125,1.7054375,1.79153125,93500,0
1983-02-15,1.7607875,1.79763125,1.74838125,1.7607875,43600,0
1983-02-16,1.7730125,1.8222625,1.7730125,1.7730125,97000,0
1983-02-17,1.7730125,1.79153125,1.74838125,1.7730125,79700,0
1983-02-18,1.7669,1.7793125,1.7607875,1.7669,100700,0
1983-02-22,1.7607875,1.78541875,1.74838125,1.7607875,67500,0
1983-02-23,1.7730125,1.7730125,1.7546875,1.7730125,24300,0
1983-02-24,1.7730125,1.79153125,1.7669,1.7730125,94800,0
1983-02-25,1.7730125,1.81615,1.7607875,1.7730125,147000,0
1983-02-28,1.7607875,1.78541875,1.74838125,1.7607875,14200,0
1983-03-01,1.79763125,1.81615,1.7669,1.79763125,50900,0
1983-03-02,1.83466875,1.8592875,1.79763125,1.83466875,160200,0
1983-03-03,1.9085375,1.91465,1.8100375,1.9085375,110300,0
1983-03-04,1.9700125,1.9700125,1.9207625,1.9700125,114900,0
1983-03-07,1.9207625,1.9577875,1.9207625,1.9207625,119100,0
1983-03-08,1.8778125,1.9577875,1.8715125,1.8778125,106600,0
1983-03-09,1.9207625,1.9207625,1.8778125,1.9207625,134400,0
1983-03-10,1.89613125,1.93316875,1.88391875,1.89613125,33100,0
1983-03-11,1.8654,1.89613125,1.8592875,1.8654,23000,0
1983-03-14,1.8715125,1.8715125,1.84078125,1.8715125,34900,0
1983-03-15,1.83466875,1.8531875,1.8222625,1.83466875,98600,0
1983-03-16,1.79763125,1.8222625,1.79153125,1.79763125,95700,0
1983-03-17,1.8222625,1.8222625,1.79763125,1.8222625,13300,0
1983-03-18,1.79763125,1.83466875,1.79763125,1.79763125,45800,0
1983-03-21,1.79153125,1.79153125,1.7730125,1.79153125,31500,0
1983-03-22,1.79763125,1.8100375,1.78541875,1.79763125,40400,0
1983-03-23,1.78541875,1.8100375,1.7730125,1.78541875,82000,0
1983-03-24,1.8285625,1.83466875,1.7669,1.8285625,142900,0
1983-03-25,1.8285625,1.8531875,1.8222625,1.8285625,17600,0
1983-03-28,1.8100375,1.84078125,1.79763125,1.8100375,10600,0
1983-03-29,1.8100375,1.8222625,1.8100375,1.8100375,35400,0
1983-03-30,1.81615,1.8222625,1.8100375,1.81615,59000,0
1983-03-31,1.8100375,1.8285625,1.78541875,1.8100375,39100,0
1983-04-04,1.73616875,1.8222625,1.7237625,1.73616875,62400,0
1983-04-05,1.69303125,1.74838125,1.69303125,1.69303125,85600,0
1983-04-06,1.73616875,1.73616875,1.68691875,1.73616875,122200,0
1983-04-07,1.7730125,1.7730125,1.7300625,1.7730125,143900,0
1983-04-08,1.7669,1.7730125,1.74838125,1.7669,32700,0
1983-04-11,1.74228125,1.7730125,1.74228125,1.74228125,39000,0
1983-04-12,1.74838125,1.7546875,1.7115375,1.74838125,51100,0
1983-04-13,1.7607875,1.79153125,1.7546875,1.7607875,71200,0
1983-04-14,1.8100375,1.8100375,1.7669,1.8100375,169500,0
1983-04-15,1.79763125,1.8222625,1.78541875,1.79763125,26200,0
1983-04-18,1.79153125,1.79153125,1.7607875,1.79153125,127300,0
1983-04-19,1.7546875,1.78541875,1.74838125,1.7546875,158200,0
1983-04-20,1.79763125,1.8100375,1.7607875,1.79763125,62900,0
1983-04-21,1.7793125,1.83466875,1.7793125,1.7793125,69000,0
1983-04-22,1.7793125,1.79153125,1.7730125,1.7793125,43600,0
1983-04-25,1.73616875,1.78541875,1.73616875,1.73616875,71600,0
1983-04-26,1.7730125,1.79153125,1.73616875,1.7730125,178500,0
1983-04-27,1.7300625,1.7730125,1.7237625,1.7300625,79600,0
1983-04-28,1.74838125,1.7607875,1.7237625,1.74838125,107200,0
1983-04-29,1.8100375,1.8100375,1.73616875,1.8100375,83800,0
1983-05-02,1.84688125,1.8592875,1.78541875,1.84688125,145600,0
1983-05-03,1.84688125,1.8531875,1.8100375,1.84688125,130700,0
1983-05-04,1.8592875,1.8654,1.84688125,1.8592875,85500,0
1983-05-05,1.93316875,1.93928125,1.8715125,1.93316875,173900,0
1983-05-06,1.99463125,2.0070375,1.93316875,1.99463125,390300,0
1983-05-09,2.0501875,2.0562875,1.9700125,2.0501875,119600,0
1983-05-10,2.0624,2.09313125,2.0562875,2.0624,216500,0
1983-05-11,2.04388125,2.08091875,2.03778125,2.04388125,114300,0
1983-05-12,1.9700125,2.04388125,1.94538125,1.9700125,326100,0
1983-05-13,1.9763125,1.98241875,1.9577875,1.9763125,121200,0
1983-05-16,1.94538125,1.9700125,1.9207625,1.94538125,41600,0
1983-05-17,1.9085375,1.9516875,1.89613125,1.9085375,74900,0
1983-05-18,1.93928125,1.93928125,1.89613125,1.93928125,132500,0
1983-05-19,1.9024375,1.93316875,1.9024375,1.9024375,23000,0
1983-05-20,1.9207625,1.9207625,1.9085375,1.9207625,22700,0
1983-05-23,1.9207625,1.9207625,1.89613125,1.9207625,26700,0
1983-05-24,1.93928125,1.94538125,1.89613125,1.93928125,86000,0
1983-05-25,1.94538125,1.9577875,1.93316875,1.94538125,18500,0
1983-05-26,1.9639,2.0070375,1.9577875,1.9639,234300,0
1983-05-27,1.93316875,1.9577875,1.9085375,1.93316875,87700,0
1983-05-31,1.9085375,1.93316875,1.89003125,1.9085375,16200,0
1983-06-01,1.91465,1.9207625,1.8778125,1.91465,103400,0
1983-06-02,1.91465,1.93928125,1.9024375,1.91465,57900,0
1983-06-03,1.9270625,1.93316875,1.9085375,1.9270625,29400,0
1983-06-06,1.91465,1.93316875,1.9024375,1.91465,20800,0
1983-06-07,1.88391875,1.9270625,1.88391875,1.88391875,131300,0
1983-06-08,1.89003125,1.89003125,1.8592875,1.89003125,36600,0
1983-06-09,1.89613125,1.89613125,1.88391875,1.89613125,20700,0
1983-06-10,1.93928125,1.9516875,1.88391875,1.93928125,70900,0
1983-06-13,1.9700125,1.9700125,1.9207625,1.9700125,42500,0
1983-06-14,1.9577875,1.98853125,1.94538125,1.9577875,33600,0
1983-06-15,2.0562875,2.0562875,1.9577875,2.0562875,82400,0
1983-06-16,2.17941875,2.17941875,2.08703125,2.17941875,110600,0
1983-06-17,2.13628125,2.1548,2.1177625,2.13628125,44600,0
1983-06-20,2.13016875,2.19163125,2.13016875,2.13016875,39200,0
1983-06-21,2.13016875,2.13016875,2.11165,2.13016875,46300,0
1983-06-22,2.1486875,2.1548,2.1177625,2.1486875,150000,0
1983-06-23,2.1177625,2.1609,2.1177625,2.1177625,60200,0
1983-06-24,2.08091875,2.1055375,2.0685125,2.08091875,48800,0
1983-06-27,2.03166875,2.08091875,2.03166875,2.03166875,26900,0
1983-06-28,2.0501875,2.0624,2.03166875,2.0501875,21900,0
1983-06-29,2.04388125,2.0501875,2.0255625,2.04388125,8500,0
1983-06-30,2.08091875,2.08703125,2.0562875,2.08091875,21000,0
1983-07-01,2.1609,2.1670125,2.08091875,2.1609,52300,0
1983-07-05,2.0562875,2.14238125,2.04388125,2.0562875,76600,0
1983-07-06,2.0994375,2.1055375,2.0562875,2.0994375,26800,0
1983-07-07,2.1177625,2.13016875,2.09313125,2.1177625,31800,0
1983-07-08,2.1177625,2.1486875,2.1177625,2.1177625,23000,0
1983-07-11,2.14238125,2.14238125,2.13016875,2.14238125,23200,0
1983-07-12,2.14238125,2.1609,2.14238125,2.14238125,94900,0
1983-07-13,2.13016875,2.1548,2.1055375,2.13016875,125400,0
1983-07-14,2.1177625,2.14238125,2.1177625,2.1177625,186800,0
1983-07-15,2.0685125,2.1055375,2.0685125,2.0685125,20200,0
1983-07-18,2.0255625,2.04388125,2.0192625,2.0255625,54500,0
1983-07-19,1.99463125,2.0255625,1.9700125,1.99463125,86100,0
1983-07-20,2.1670125,2.1670125,2.0192625,2.1670125,56000,0
1983-07-21,2.09313125,2.17941875,2.08703125,2.09313125,51300,0
1983-07-22,2.09313125,2.13016875,2.09313125,2.09313125,53900,0
1983-07-25,2.0685125,2.09313125,2.0562875,2.0685125,17500,0
1983-07-26,2.08091875,2.08703125,2.0685125,2.08091875,30500,0
1983-07-27,1.9700125,2.1177625,1.9577875,1.9700125,99500,0
1983-07-28,1.9577875,2.0070375,1.9577875,1.9577875,62600,0
1983-07-29,1.9207625,1.93928125,1.9085375,1.9207625,156700,0
1983-08-01,1.9085375,1.93316875,1.89613125,1.9085375,31000,0
1983-08-02,1.9085375,1.9270625,1.9085375,1.9085375,38300,0
1983-08-03,1.93316875,1.93316875,1.89613125,1.93316875,20500,0
1983-08-04,1.89613125,1.93316875,1.88391875,1.89613125,36000,0
1983-08-05,1.8715125,1.88391875,1.84688125,1.8715125,63900,0
1983-08-08,1.8222625,1.8531875,1.8222625,1.8222625,53500,0
1983-08-09,1.7730125,1.83466875,1.7607875,1.7730125,165500,0
1983-08-10,1.78541875,1.78541875,1.7607875,1.78541875,56200,0
1983-08-11,1.79763125,1.8100375,1.79763125,1.79763125,91600,0
1983-08-12,1.79763125,1.8100375,1.79153125,1.79763125,12900,0
1983-08-15,1.79153125,1.81615,1.79153125,1.79153125,27900,0
1983-08-16,1.78541875,1.79153125,1.7730125,1.78541875,121200,0
1983-08-17,1.81615,1.81615,1.7730125,1.81615,85000,0
1983-08-18,1.79153125,1.83466875,1.79153125,1.79153125,43900,0
1983-08-19,1.81615,1.83466875,1.7793125,1.81615,29400,0
1983-08-22,1.8222625,1.84688125,1.8222625,1.8222625,18600,0
1983-08-23,1.8100375,1.8222625,1.8039375,1.8100375,4600,0
1983-08-24,1.78541875,1.78541875,1.74838125,1.78541875,51000,0
1983-08-25,1.7669,1.78541875,1.7546875,1.7669,10100,0
1983-08-26,1.7730125,1.78541875,1.7607875,1.7730125,33700,0
1983-08-29,1.7793125,1.7793125,1.7546875,1.7793125,18000,0
1983-08-30,1.7607875,1.7730125,1.74838125,1.7607875,76100,0
1983-08-31,1.7607875,1.78541875,1.7546875,1.7607875,119000,0
1983-09-01,1.7730125,1.79763125,1.7730125,1.7730125,115700,0
1983-09-02,1.79763125,1.8100375,1.7730125,1.79763125,81700,0
1983-09-06,1.8778125,1.88391875,1.8222625,1.8778125,92600,0
1983-09-07,1.9577875,1.9577875,1.89003125,1.9577875,141000,0
1983-09-08,1.93928125,1.9639,1.93316875,1.93928125,115300,0
1983-09-09,1.9085375,1.93928125,1.9085375,1.9085375,58400,0
1983-09-12,1.89003125,1.91465,1.8715125,1.89003125,61600,0
1983-09-13,1.8715125,1.8778125,1.84688125,1.8715125,26500,0
1983-09-14,1.8715125,1.8715125,1.83466875,1.8715125,45300,0
1983-09-15,1.8531875,1.8715125,1.84078125,1.8531875,12500,0
1983-09-16,1.84688125,1.8531875,1.8222625,1.84688125,16700,0
1983-09-19,1.8654,1.8778125,1.83466875,1.8654,48800,0
1983-09-20,1.8778125,1.89003125,1.8715125,1.8778125,85500,0
1983-09-21,1.84688125,1.88391875,1.8222625,1.84688125,50300,0
1983-09-22,1.8531875,1.8654,1.8222625,1.8531875,73300,0
1983-09-23,1.84688125,1.8592875,1.8222625,1.84688125,93100,0
1983-09-26,1.83466875,1.8592875,1.8222625,1.83466875,76100,0
1983-09-27,1.8285625,1.84688125,1.8285625,1.8285625,67800,0
1983-09-28,1.8222625,1.83466875,1.8100375,1.8222625,20600,0
1983-09-29,1.8039375,1.8222625,1.79763125,1.8039375,20000,0
1983-09-30,1.78541875,1.81615,1.78541875,1.78541875,30400,0
1983-10-03,1.8100375,1.8100375,1.7730125,1.8100375,46800,0
1983-10-04,1.83466875,1.83466875,1.8100375,1.83466875,134000,0
1983-10-05,1.84078125,1.8531875,1.8285625,1.84078125,33700,0
1983-10-06,1.9024375,1.91465,1.8222625,1.9024375,67200,0
1983-10-07,1.9085375,1.9207625,1.89003125,1.9085375,74300,0
1983-10-10,1.9207625,1.93316875,1.91465,1.9207625,4000,0
1983-10-11,1.9270625,1.9577875,1.9270625,1.9270625,25900,0
1983-10-12,1.9207625,1.9577875,1.91465,1.9207625,62800,0
1983-10-13,1.9085375,1.93928125,1.9024375,1.9085375,45000,0
1983-10-14,1.9516875,1.9577875,1.9085375,1.9516875,29900,0
1983-10-17,1.9577875,1.9577875,1.93928125,1.9577875,23400,0
1983-10-18,1.9207625,1.9700125,1.89613125,1.9207625,148400,0
1983-10-19,1.8715125,1.89613125,1.8592875,1.8715125,71800,0
1983-10-20,1.8715125,1.88391875,1.8715125,1.8715125,75400,0
1983-10-21,1.8654,1.89003125,1.8654,1.8654,58300,0
1983-10-24,1.8222625,1.83466875,1.8100375,1.8222625,60400,0
1983-10-25,1.81615,1.83466875,1.8100375,1.81615,37200,0
1983-10-26,1.8285625,1.83466875,1.81615,1.8285625,32200,0
1983-10-27,1.8100375,1.81615,1.79763125,1.8100375,88900,0
1983-10-28,1.78541875,1.8100375,1.78541875,1.78541875,167300,0
1983-10-31,1.7237625,1.78541875,1.69913125,1.7237625,170500,0
1983-11-01,1.69913125,1.7237625,1.6622875,1.69913125,250200,0
1983-11-02,1.7300625,1.73616875,1.6745125,1.7300625,41800,0
1983-11-03,1.69913125,1.7300625,1.68691875,1.69913125,143200,0
1983-11-04,1.69913125,1.7054375,1.69913125,1.69913125,28300,0
1983-11-07,1.69913125,1.69913125,1.6808125,1.69913125,59300,0
1983-11-08,1.69913125,1.71765,1.68691875,1.69913125,26700,0
1983-11-09,1.74228125,1.74838125,1.7115375,1.74228125,17800,0
1983-11-10,1.74838125,1.7546875,1.7300625,1.74838125,50100,0
1983-11-11,1.73616875,1.7607875,1.7237625,1.73616875,25600,0
1983-11-14,1.68691875,1.7237625,1.6745125,1.68691875,323000,0
1983-11-15,1.68691875,1.7115375,1.68691875,1.68691875,139000,0
1983-11-16,1.7054375,1.7237625,1.69913125,1.7054375,127800,0
1983-11-17,1.73616875,1.74228125,1.7115375,1.73616875,72400,0
1983-11-18,1.7300625,1.73616875,1.7115375,1.7300625,56600,0
1983-11-21,1.7300625,1.73616875,1.7115375,1.7300625,45600,0
1983-11-22,1.7237625,1.7607875,1.7237625,1.7237625,36400,0
1983-11-23,1.74838125,1.7546875,1.7237625,1.74838125,78000,0
1983-11-25,1.7237625,1.7607875,1.7237625,1.7237625,55600,0
1983-11-28,1.74228125,1.74228125,1.7237625,1.74228125,33400,0
1983-11-29,1.74228125,1.74228125,1.71765,1.74228125,64300,0
1983-11-30,1.74228125,1.7669,1.74228125,1.74228125,60900,0
1983-12-01,1.74228125,1.7607875,1.74228125,1.74228125,9800,0
1983-12-02,1.74228125,1.7669,1.73616875,1.74228125,13500,0
1983-12-05,1.78541875,1.79763125,1.7607875,1.78541875,137100,0
1983-12-06,1.79153125,1.79763125,1.7793125,1.79153125,104900,0
1983-12-07,1.79153125,1.79763125,1.78541875,1.79153125,46700,0
1983-12-08,1.7607875,1.8039375,1.7607875,1.7607875,143400,0
1983-12-09,1.7793125,1.7793125,1.7546875,1.7793125,81000,0
1983-12-12,1.7669,1.7793125,1.7607875,1.7669,63700,0
1983-12-13,1.7730125,1.7730125,1.74838125,1.7730125,72200,0
1983-12-14,1.74838125,1.7669,1.74838125,1.74838125,37900,0
1983-12-15,1.6808125,1.7607875,1.6684,1.6808125,461500,0
1983-12-16,1.64988125,1.69303125,1.64988125,1.64988125,82500,0
1983-12-19,1.6684,1.6684,1.64988125,1.6684,81700,0
1983-12-20,1.6745125,1.68691875,1.6622875,1.6745125,176400,0
1983-12-21,1.69913125,1.7054375,1.6808125,1.69913125,51900,0
1983-12-22,1.6745125,1.69913125,1.6745125,1.6745125,101100,0
1983-12-23,1.6622875,1.69303125,1.63766875,1.6622875,19600,0
1983-12-27,1.7237625,1.7237625,1.6745125,1.7237625,66700,0
1983-12-28,1.7237625,1.73616875,1.7115375,1.7237625,17800,0
1983-12-29,1.71765,1.74228125,1.69913125,1.71765,37000,0
1983-12-30,1.74838125,1.74838125,1.7300625,1.74838125,9100,0
1984-01-03,1.74838125,1.79763125,1.73616875,1.74838125,117600,0
1984-01-04,1.7237625,1.74838125,1.7237625,1.7237625,125600,0
1984-01-05,1.7730125,1.7730125,1.7237625,1.7730125,83000,0
1984-01-06,1.79763125,1.79763125,1.7730125,1.79763125,90500,0
1984-01-09,1.7730125,1.78541875,1.7607875,1.7730125,28700,0
1984-01-10,1.78541875,1.78541875,1.7607875,1.78541875,116700,0
1984-01-11,1.79763125,1.79763125,1.74228125,1.79763125,40000,0
1984-01-12,1.83466875,1.83466875,1.79153125,1.83466875,41600,0
1984-01-13,1.8285625,1.83466875,1.81615,1.8285625,43100,0
1984-01-16,1.8222625,1.8285625,1.8100375,1.8222625,44600,0
1984-01-17,1.8592875,1.8592875,1.8222625,1.8592875,57000,0
1984-01-18,1.88391875,1.89613125,1.8715125,1.88391875,87000,0
1984-01-19,1.88391875,1.89613125,1.8715125,1.88391875,54900,0
1984-01-20,1.8715125,1.88391875,1.8592875,1.8715125,114700,0
1984-01-23,1.83466875,1.8715125,1.8222625,1.83466875,51800,0
1984-01-24,1.8592875,1.8654,1.83466875,1.8592875,42500,0
1984-01-25,1.8100375,1.8654,1.8100375,1.8100375,129900,0
1984-01-26,1.79763125,1.8100375,1.78541875,1.79763125,29200,0
1984-01-27,1.7730125,1.78541875,1.7669,1.7730125,16300,0
1984-01-30,1.7546875,1.7607875,1.73616875,1.7546875,39500,0
1984-01-31,1.7669,1.7669,1.73616875,1.7669,30400,0
1984-02-01,1.74228125,1.7669,1.74228125,1.74228125,20400,0
1984-02-02,1.7607875,1.7607875,1.74228125,1.7607875,64200,0
1984-02-03,1.7546875,1.7607875,1.74838125,1.7546875,15900,0
1984-02-06,1.71765,1.7546875,1.7115375,1.71765,103200,0
1984-02-07,1.7115375,1.71765,1.68691875,1.7115375,111100,0
1984-02-08,1.7115375,1.7237625,1.7054375,1.7115375,59200,0
1984-02-09,1.7054375,1.7237625,1.69913125,1.7054375,112000,0
1984-02-10,1.7237625,1.73616875,1.7054375,1.7237625,358600,0
1984-02-13,1.7115375,1.71765,1.69913125,1.7115375,30200,0
1984-02-14,1.7237625,1.74838125,1.7054375,1.7237625,100700,0
1984-02-15,1.68691875,1.73616875,1.6808125,1.68691875,62500,0
1984-02-16,1.64988125,1.6745125,1.60063125,1.64988125,635700,0
1984-02-17,1.61915,1.6745125,1.61915,1.61915,162700,0
1984-02-21,1.6069375,1.6130375,1.58841875,1.6069375,72300,0
1984-02-22,1.53916875,1.58841875,1.5267625,1.53916875,106200,0
1984-02-23,1.54526875,1.55138125,1.5267625,1.54526875,63300,0
1984-02-24,1.6069375,1.6069375,1.55138125,1.6069375,89000,0
1984-02-27,1.60063125,1.64376875,1.58841875,1.60063125,13400,0
1984-02-28,1.5637875,1.60063125,1.5576875,1.5637875,92900,0
1984-02-29,1.5760125,1.6130375,1.5760125,1.5760125,82500,0
1984-03-01,1.6130375,1.6130375,1.5823125,1.6130375,92300,0
1984-03-02,1.6130375,1.6252625,1.60063125,1.6130375,66400,0
1984-03-05,1.58841875,1.6130375,1.5760125,1.58841875,107000,0
1984-03-06,1.5760125,1.60063125,1.5760125,1.5760125,9500,0
1984-03-07,1.5637875,1.5760125,1.53916875,1.5637875,199800,0
1984-03-08,1.55138125,1.5760125,1.53916875,1.55138125,18900,0
1984-03-09,1.5699,1.5699,1.53916875,1.5699,13500,0
1984-03-12,1.6130375,1.6130375,1.55138125,1.6130375,50600,0
1984-03-13,1.6315625,1.63766875,1.6069375,1.6315625,73700,0
1984-03-14,1.6622875,1.6622875,1.63766875,1.6622875,66800,0
1984-03-15,1.64376875,1.69303125,1.64376875,1.64376875,131900,0
1984-03-16,1.6622875,1.68691875,1.6252625,1.6622875,42400,0
1984-03-19,1.63766875,1.63766875,1.6069375,1.63766875,21200,0
1984-03-20,1.58841875,1.63766875,1.58841875,1.58841875,56100,0
1984-03-21,1.55138125,1.5823125,1.55138125,1.55138125,60500,0
1984-03-22,1.5267625,1.53916875,1.5145375,1.5267625,50400,0
1984-03-23,1.5267625,1.53916875,1.5267625,1.5267625,57100,0
1984-03-26,1.53916875,1.54526875,1.5330625,1.53916875,53600,0
1984-03-27,1.5330625,1.54526875,1.5330625,1.5330625,50300,0
1984-03-28,1.6130375,1.6130375,1.54526875,1.6130375,30400,0
1984-03-29,1.61915,1.63766875,1.60063125,1.61915,19100,0
1984-03-30,1.63766875,1.63766875,1.6130375,1.63766875,13300,0
1984-04-02,1.59451875,1.63766875,1.59451875,1.59451875,46000,0
1984-04-03,1.58841875,1.58841875,1.5760125,1.58841875,58600,0
1984-04-04,1.58841875,1.59451875,1.5823125,1.58841875,18200,0
1984-04-05,1.5637875,1.5823125,1.5637875,1.5637875,19600,0
1984-04-06,1.5637875,1.58841875,1.53916875,1.5637875,37900,0
1984-04-09,1.5267625,1.5760125,1.52065,1.5267625,62600,0
1984-04-10,1.4591875,1.5145375,1.45288125,1.4591875,160000,0
1984-04-11,1.50213125,1.50213125,1.45288125,1.50213125,46700,0
1984-04-12,1.5267625,1.5267625,1.4775125,1.5267625,131800,0
1984-04-13,1.55138125,1.55138125,1.5267625,1.55138125,137100,0
1984-04-16,1.5267625,1.53916875,1.52065,1.5267625,36600,0
1984-04-17,1.54526875,1.54526875,1.5145375,1.54526875,155900,0
1984-04-18,1.5267625,1.5576875,1.5267625,1.5267625,28100,0
1984-04-19,1.5267625,1.53916875,1.5145375,1.5267625,13200,0
1984-04-23,1.4838125,1.5330625,1.4838125,1.4838125,83300,0
1984-04-24,1.5267625,1.5267625,1.4775125,1.5267625,109100,0
1984-04-25,1.5699,1.5760125,1.5330625,1.5699,79000,0
1984-04-26,1.6252625,1.6252625,1.5699,1.6252625,196900,0
1984-04-27,1.6252625,1.63766875,1.6252625,1.6252625,19300,0
1984-04-30,1.64376875,1.64988125,1.6315625,1.64376875,26000,0
1984-05-01,1.69303125,1.7054375,1.6561875,1.69303125,58300,0
1984-05-02,1.68691875,1.69303125,1.6561875,1.68691875,53300,0
1984-05-03,1.6745125,1.6808125,1.6684,1.6745125,12100,0
1984-05-04,1.6622875,1.6745125,1.64376875,1.6622875,71000,0
1984-05-07,1.6315625,1.64988125,1.6252625,1.6315625,14500,0
1984-05-08,1.6561875,1.6561875,1.6315625,1.6561875,19400,0
1984-05-09,1.63766875,1.6561875,1.6315625,1.63766875,37600,0
1984-05-10,1.6252625,1.63766875,1.6252625,1.6252625,36100,0
1984-05-11,1.6252625,1.6315625,1.6252625,1.6252625,43800,0
1984-05-14,1.6252625,1.6315625,1.6252625,1.6252625,15800,0
1984-05-15,1.6315625,1.6808125,1.6315625,1.6315625,33100,0
1984-05-16,1.64376875,1.6622875,1.6315625,1.64376875,39000,0
1984-05-17,1.6252625,1.64376875,1.6252625,1.6252625,114500,0
1984-05-18,1.6745125,1.6745125,1.6315625,1.6745125,41200,0
1984-05-21,1.6561875,1.6622875,1.64376875,1.6561875,27900,0
1984-05-22,1.61915,1.64988125,1.61915,1.61915,63400,0
1984-05-23,1.60063125,1.6252625,1.59451875,1.60063125,68200,0
1984-05-24,1.5760125,1.60063125,1.5760125,1.5760125,77500,0
1984-05-25,1.60063125,1.6130375,1.5823125,1.60063125,50500,0
1984-05-29,1.60063125,1.61915,1.60063125,1.60063125,12600,0
1984-05-30,1.61915,1.6252625,1.59451875,1.61915,82700,0
1984-05-31,1.6069375,1.6252625,1.6069375,1.6069375,34200,0
1984-06-01,1.6069375,1.6069375,1.5823125,1.6069375,36200,0
1984-06-04,1.6315625,1.6561875,1.6130375,1.6315625,90400,0
1984-06-05,1.6252625,1.64376875,1.61915,1.6252625,28500,0
1984-06-06,1.6745125,1.69913125,1.6252625,1.6745125,35000,0
1984-06-07,1.71765,1.73616875,1.6745125,1.71765,64600,0
1984-06-08,1.6684,1.7054375,1.6622875,1.6684,21300,0
1984-06-11,1.6252625,1.64376875,1.6252625,1.6252625,12400,0
1984-06-12,1.6252625,1.6315625,1.6130375,1.6252625,17700,0
1984-06-13,1.63766875,1.64988125,1.6315625,1.63766875,9400,0
1984-06-14,1.6622875,1.6622875,1.6315625,1.6622875,7000,0
1984-06-15,1.63766875,1.6684,1.63766875,1.63766875,33300,0
1984-06-18,1.64988125,1.6622875,1.61915,1.64988125,118700,0
1984-06-19,1.6684,1.69913125,1.63766875,1.6684,68900,0
1984-06-20,1.7237625,1.7237625,1.6561875,1.7237625,45400,0
1984-06-21,1.74228125,1.7730125,1.69913125,1.74228125,227900,0
1984-06-22,1.7546875,1.7546875,1.71765,1.7546875,74400,0
1984-06-25,1.73616875,1.7607875,1.7115375,1.73616875,31300,0
1984-06-26,1.7237625,1.73616875,1.7115375,1.7237625,30600,0
1984-06-27,1.7237625,1.73616875,1.7115375,1.7237625,40200,0
1984-06-28,1.74228125,1.7730125,1.7115375,1.74228125,35900,0
1984-06-29,1.74838125,1.7669,1.7300625,1.74838125,26300,0
1984-07-02,1.73616875,1.74838125,1.7237625,1.73616875,162800,0
1984-07-03,1.74228125,1.7546875,1.73616875,1.74228125,57900,0
1984-07-05,1.7237625,1.73616875,1.71765,1.7237625,35600,0
1984-07-06,1.69913125,1.7115375,1.69913125,1.69913125,33100,0
1984-07-09,1.69913125,1.69913125,1.68691875,1.69913125,31400,0
1984-07-10,1.7237625,1.74838125,1.7054375,1.7237625,73000,0
1984-07-11,1.7237625,1.7300625,1.7237625,1.7237625,21700,0
1984-07-12,1.7237625,1.74838125,1.7115375,1.7237625,168400,0
1984-07-13,1.73616875,1.73616875,1.7237625,1.73616875,15900,0
1984-07-16,1.7546875,1.7546875,1.7300625,1.7546875,37000,0
1984-07-17,1.7546875,1.7546875,1.74228125,1.7546875,15700,0
1984-07-18,1.74838125,1.7546875,1.7300625,1.74838125,12200,0
1984-07-19,1.7237625,1.74228125,1.7237625,1.7237625,92300,0
1984-07-20,1.7300625,1.7300625,1.7237625,1.7300625,21400,0
1984-07-23,1.74838125,1.74838125,1.7054375,1.74838125,100400,0
1984-07-24,1.74838125,1.7730125,1.74838125,1.74838125,38900,0
1984-07-25,1.74838125,1.7607875,1.7237625,1.74838125,28400,0
1984-07-26,1.7115375,1.74838125,1.7115375,1.7115375,44400,0
1984-07-27,1.69303125,1.7115375,1.69303125,1.69303125,7400,0
1984-07-30,1.7054375,1.7115375,1.69913125,1.7054375,9700,0
1984-07-31,1.7115375,1.7237625,1.69913125,1.7115375,37500,0
1984-08-01,1.73616875,1.74838125,1.69913125,1.73616875,138700,0
1984-08-02,1.81615,1.81615,1.74838125,1.81615,481500,0
1984-08-03,1.8778125,1.88391875,1.8285625,1.8778125,234400,0
1984-08-06,1.8531875,1.9207625,1.84688125,1.8531875,252800,0
1984-08-07,1.8592875,1.8715125,1.83466875,1.8592875,87800,0
1984-08-08,1.84078125,1.8778125,1.84078125,1.84078125,93100,0
1984-08-09,1.8715125,1.8715125,1.8222625,1.8715125,64700,0
1984-08-10,1.88391875,1.9085375,1.8715125,1.88391875,160700,0
1984-08-13,1.8715125,1.8778125,1.8592875,1.8715125,29000,0
1984-08-14,1.8715125,1.8715125,1.8592875,1.8715125,12400,0
1984-08-15,1.8222625,1.8715125,1.8222625,1.8222625,128400,0
1984-08-16,1.83466875,1.84688125,1.8222625,1.83466875,53800,0
1984-08-17,1.8654,1.8715125,1.8285625,1.8654,126900,0
1984-08-20,1.8715125,1.8715125,1.8531875,1.8715125,36600,0
1984-08-21,1.9085375,1.91465,1.8715125,1.9085375,94900,0
1984-08-22,1.8778125,1.94538125,1.8778125,1.8778125,101400,0
1984-08-23,1.8778125,1.9024375,1.84688125,1.8778125,104800,0
1984-08-24,1.89613125,1.9085375,1.89003125,1.89613125,10000,0
1984-08-27,1.8592875,1.88391875,1.84688125,1.8592875,49400,0
1984-08-28,1.8592875,1.8592875,1.84688125,1.8592875,8200,0
1984-08-29,1.8715125,1.89613125,1.8654,1.8715125,197000,0
1984-08-30,1.8592875,1.88391875,1.8592875,1.8592875,95500,0
1984-08-31,1.9024375,1.9024375,1.8592875,1.9024375,29400,0
1984-09-04,1.8778125,1.9085375,1.8715125,1.8778125,84200,0
1984-09-05,1.8654,1.8778125,1.8654,1.8654,14600,0
1984-09-06,1.8715125,1.88391875,1.84688125,1.8715125,28700,0
1984-09-07,1.88391875,1.89003125,1.8715125,1.88391875,26400,0
1984-09-10,1.8715125,1.8715125,1.8654,1.8715125,6000,0
1984-09-11,1.9085375,1.9085375,1.8715125,1.9085375,82100,0
1984-09-12,1.89003125,1.9024375,1.88391875,1.89003125,18700,0
1984-09-13,1.93316875,1.93928125,1.88391875,1.93316875,27100,0
1984-09-14,1.9516875,1.98241875,1.93928125,1.9516875,87900,0
1984-09-17,1.94538125,1.9577875,1.9207625,1.94538125,162000,0
1984-09-18,1.9516875,1.9577875,1.94538125,1.9516875,91900,0
1984-09-19,1.94538125,1.9516875,1.93316875,1.94538125,42400,0
1984-09-20,1.94538125,1.9516875,1.93316875,1.94538125,75100,0
1984-09-21,1.93928125,1.94538125,1.9270625,1.93928125,159200,0
1984-09-24,1.89613125,1.9270625,1.88391875,1.89613125,41700,0
1984-09-25,1.8778125,1.89613125,1.8592875,1.8778125,54000,0
1984-09-26,1.89003125,1.9085375,1.8654,1.89003125,65500,0
1984-09-27,1.9085375,1.9085375,1.8715125,1.9085375,13900,0
1984-09-28,1.9207625,1.9270625,1.9085375,1.9207625,118800,0
1984-10-01,1.89613125,1.9270625,1.89613125,1.89613125,106200,0
1984-10-02,1.8222625,1.88391875,1.8222625,1.8222625,49900,0
1984-10-03,1.7730125,1.8100375,1.7607875,1.7730125,50900,0
1984-10-04,1.74838125,1.78541875,1.74838125,1.74838125,35400,0
1984-10-05,1.7237625,1.7546875,1.69913125,1.7237625,41600,0
1984-10-08,1.71765,1.71765,1.7054375,1.71765,67100,0
1984-10-09,1.7115375,1.74838125,1.7115375,1.7115375,215000,0
1984-10-10,1.7607875,1.7607875,1.7115375,1.7607875,417000,0
1984-10-11,1.73616875,1.78541875,1.7237625,1.73616875,127100,0
1984-10-12,1.7607875,1.7730125,1.74838125,1.7607875,34200,0
1984-10-15,1.81615,1.8222625,1.7607875,1.81615,123900,0
1984-10-16,1.8039375,1.84078125,1.8039375,1.8039375,38800,0
1984-10-17,1.8100375,1.8222625,1.8039375,1.8100375,15400,0
1984-10-18,1.8531875,1.8531875,1.8100375,1.8531875,46700,0
1984-10-19,1.9085375,1.9270625,1.9085375,1.9085375,133900,0
1984-10-22,1.9085375,1.9270625,1.88391875,1.9085375,40700,0
1984-10-23,1.89613125,1.91465,1.89613125,1.89613125,59600,0
1984-10-24,1.89613125,1.91465,1.89613125,1.89613125,51400,0
1984-10-25,1.8592875,1.89613125,1.84688125,1.8592875,129700,0
1984-10-26,1.8285625,1.8592875,1.8222625,1.8285625,16300,0
1984-10-29,1.81615,1.8285625,1.8100375,1.81615,15500,0
1984-10-30,1.8100375,1.84078125,1.8039375,1.8100375,31500,0
1984-10-31,1.84078125,1.84688125,1.8100375,1.84078125,48300,0
1984-11-01,1.8778125,1.89003125,1.84688125,1.8778125,18400,0
1984-11-02,1.88391875,1.89003125,1.8715125,1.88391875,34900,0
1984-11-05,1.8592875,1.8715125,1.8531875,1.8592875,36600,0
1984-11-06,1.8531875,1.8531875,1.8285625,1.8531875,35000,0
1984-11-07,1.8592875,1.8654,1.84688125,1.8592875,43200,0
1984-11-08,1.84688125,1.8592875,1.84688125,1.84688125,31800,0
1984-11-09,1.8285625,1.84688125,1.8285625,1.8285625,72600,0
1984-11-12,1.8222625,1.83466875,1.8222625,1.8222625,6300,0
1984-11-13,1.8222625,1.84688125,1.8222625,1.8222625,11700,0
1984-11-14,1.8222625,1.83466875,1.8222625,1.8222625,41800,0
1984-11-15,1.79763125,1.83466875,1.79763125,1.79763125,11200,0
1984-11-16,1.79763125,1.8100375,1.79153125,1.79763125,15400,0
1984-11-19,1.8039375,1.8222625,1.79763125,1.8039375,18900,0
1984-11-20,1.8039375,1.81615,1.79763125,1.8039375,43800,0
1984-11-21,1.79763125,1.8039375,1.78541875,1.79763125,86600,0
1984-11-23,1.79763125,1.8100375,1.79153125,1.79763125,11700,0
1984-11-26,1.79763125,1.81615,1.79763125,1.79763125,30100,0
1984-11-27,1.79153125,1.8039375,1.78541875,1.79153125,24900,0
1984-11-28,1.7793125,1.79153125,1.7793125,1.7793125,12000,0
1984-11-29,1.74228125,1.7730125,1.73616875,1.74228125,19900,0
1984-11-30,1.74838125,1.7546875,1.73616875,1.74838125,64800,0
1984-12-03,1.73616875,1.73616875,1.7300625,1.73616875,20500,0
1984-12-04,1.73616875,1.74838125,1.73616875,1.73616875,68300,0
1984-12-05,1.73616875,1.74838125,1.73616875,1.73616875,55300,0
1984-12-06,1.7546875,1.7607875,1.73616875,1.7546875,111800,0
1984-12-07,1.73616875,1.7730125,1.73616875,1.73616875,37400,0
1984-12-10,1.7607875,1.7607875,1.73616875,1.7607875,31700,0
1984-12-11,1.74228125,1.7730125,1.73616875,1.74228125,22100,0
1984-12-12,1.74838125,1.7546875,1.74228125,1.74838125,40400,0
1984-12-13,1.7546875,1.7669,1.73616875,1.7546875,44500,0
1984-12-14,1.7730125,1.7730125,1.74838125,1.7730125,51000,0
1984-12-17,1.7669,1.7793125,1.74228125,1.7669,251500,0
1984-12-18,1.84688125,1.84688125,1.78541875,1.84688125,209200,0
1984-12-19,1.8715125,1.89613125,1.8531875,1.8715125,89200,0
1984-12-20,1.88391875,1.89613125,1.8715125,1.88391875,22900,0
1984-12-21,1.8778125,1.88391875,1.8654,1.8778125,71800,0
1984-12-24,1.89613125,1.91465,1.88391875,1.89613125,17000,0
1984-12-26,1.88391875,1.89003125,1.8715125,1.88391875,20000,0
1984-12-27,1.9024375,1.9085375,1.88391875,1.9024375,21800,0
1984-12-28,1.9024375,1.91465,1.9024375,1.9024375,27900,0
1984-12-31,1.9207625,1.9207625,1.89613125,1.9207625,28500,0
1985-01-02,1.9085375,1.91465,1.89613125,1.9085375,36500,0
1985-01-03,1.91465,1.91465,1.89613125,1.91465,58100,0
1985-01-04,1.9085375,1.91465,1.9024375,1.9085375,36900,0
1985-01-07,1.9085375,1.9207625,1.9085375,1.9085375,47900,0
1985-01-08,1.9207625,1.9207625,1.9085375,1.9207625,78700,0
1985-01-09,1.93928125,1.9516875,1.9085375,1.93928125,89100,0
1985-01-10,1.99463125,1.99463125,1.93928125,1.99463125,160400,0
1985-01-11,2.0255625,2.03166875,2.0009375,2.0255625,104500,0
1985-01-14,2.0192625,2.0255625,2.0070375,2.0192625,151500,0
1985-01-15,2.0192625,2.04388125,2.0070375,2.0192625,108900,0
1985-01-16,2.0009375,2.04388125,2.0009375,2.0009375,92600,0
1985-01-17,1.98241875,2.03166875,1.98241875,1.98241875,85400,0
1985-01-18,1.98241875,1.98853125,1.9639,1.98241875,64400,0
1985-01-21,2.08091875,2.08703125,1.9700125,2.08091875,173300,0
1985-01-22,2.0685125,2.13628125,2.0685125,2.0685125,218500,0
1985-01-23,2.1177625,2.1177625,2.0192625,2.1177625,209700,0
1985-01-24,2.09313125,2.13628125,2.08703125,2.09313125,49100,0
1985-01-25,2.08703125,2.1055375,2.08091875,2.08703125,58800,0
1985-01-28,2.1177625,2.1177625,2.09313125,2.1177625,57600,0
1985-01-29,2.1609,2.1609,2.1055375,2.1609,58500,0
1985-01-30,2.1979375,2.2471875,2.17941875,2.1979375,370500,0
1985-01-31,2.1733125,2.2162625,2.1733125,2.1733125,153900,0
1985-02-01,2.1733125,2.17941875,2.14238125,2.1733125,65400,0
1985-02-04,2.20405,2.20405,2.1486875,2.20405,106600,0
1985-02-05,2.23478125,2.24088125,2.20405,2.23478125,165300,0
1985-02-06,2.2225625,2.2471875,2.2162625,2.2225625,104700,0
1985-02-07,2.2162625,2.24088125,2.20405,2.2162625,241000,0
1985-02-08,2.24088125,2.24088125,2.20405,2.24088125,84700,0
1985-02-11,2.1979375,2.24088125,2.1979375,2.1979375,32700,0
1985-02-12,2.20405,2.2162625,2.19163125,2.20405,44100,0
1985-02-13,2.2533,2.2594,2.18553125,2.2533,73000,0
1985-02-14,2.2162625,2.2718125,2.2162625,2.2162625,148800,0
1985-02-15,2.2225625,2.24088125,2.20405,2.2225625,187800,0
1985-02-19,2.2533,2.2655125,2.2162625,2.2533,35900,0
1985-02-20,2.2655125,2.27791875,2.24088125,2.2655125,159800,0
1985-02-21,2.20405,2.2533,2.1979375,2.20405,119700,0
1985-02-22,2.20405,2.2162625,2.17941875,2.20405,55200,0
1985-02-25,2.1670125,2.19163125,2.13016875,2.1670125,49300,0
1985-02-26,2.2162625,2.22866875,2.1548,2.2162625,180800,0
1985-02-27,2.2225625,2.23478125,2.2162625,2.2225625,23000,0
1985-02-28,2.2162625,2.23478125,2.2162625,2.2162625,24300,0
1985-03-01,2.22866875,2.2533,2.2162625,2.22866875,48600,0
1985-03-04,2.2225625,2.24088125,2.2162625,2.2225625,63200,0
1985-03-05,2.2225625,2.23478125,2.2162625,2.2225625,22500,0
1985-03-06,2.1670125,2.24088125,2.1670125,2.1670125,78600,0
1985-03-07,2.11165,2.14238125,2.09313125,2.11165,96300,0
1985-03-08,2.11165,2.11165,2.09313125,2.11165,41300,0
1985-03-11,2.1177625,2.1177625,2.0994375,2.1177625,32600,0
1985-03-12,2.11165,2.1177625,2.0994375,2.11165,78800,0
1985-03-13,2.08703125,2.1177625,2.08703125,2.08703125,82000,0
1985-03-14,2.0685125,2.1177625,2.0685125,2.0685125,96700,0
1985-03-15,2.09313125,2.1177625,2.08091875,2.09313125,94800,0
1985-03-18,2.08703125,2.1177625,2.08703125,2.08703125,63600,0
1985-03-19,2.0994375,2.11165,2.0748125,2.0994375,105900,0
1985-03-20,2.0562875,2.0994375,2.0562875,2.0562875,94400,0
1985-03-21,2.11165,2.11165,2.0624,2.11165,100400,0
1985-03-22,2.0994375,2.1177625,2.08703125,2.0994375,28300,0
1985-03-25,2.0994375,2.11165,2.0994375,2.0994375,21600,0
1985-03-26,2.1055375,2.1177625,2.09313125,2.1055375,102900,0
1985-03-27,2.13628125,2.1486875,2.1055375,2.13628125,66100,0
1985-03-28,2.1055375,2.1486875,2.0994375,2.1055375,43700,0
1985-03-29,2.13628125,2.13628125,2.0994375,2.13628125,72200,0
1985-04-01,2.1733125,2.18553125,2.13628125,2.1733125,58900,0
1985-04-02,2.17941875,2.1979375,2.17941875,2.17941875,30600,0
1985-04-03,2.1979375,2.1979375,2.17941875,2.1979375,36600,0
1985-04-04,2.18553125,2.21015,2.18553125,2.18553125,43000,0
1985-04-08,2.17941875,2.21015,2.17941875,2.17941875,37300,0
1985-04-09,2.1548,2.19163125,2.14238125,2.1548,144700,0
1985-04-10,2.1609,2.1670125,2.1486875,2.1609,65700,0
1985-04-11,2.13628125,2.17941875,2.13628125,2.13628125,33900,0
1985-04-12,2.1670125,2.17941875,2.13628125,2.1670125,24200,0
1985-04-15,2.1609,2.1733125,2.1548,2.1609,17100,0
1985-04-16,2.1548,2.1670125,2.1486875,2.1548,76100,0
1985-04-17,2.1670125,2.1670125,2.1486875,2.1670125,52200,0
1985-04-18,2.1177625,2.1733125,2.1177625,2.1177625,18900,0
1985-04-19,2.09313125,2.13628125,2.08091875,2.09313125,56300,0
1985-04-22,2.11165,2.11165,2.0994375,2.11165,19300,0
1985-04-23,2.1177625,2.1177625,2.0994375,2.1177625,25100,0
1985-04-24,2.1055375,2.13628125,2.1055375,2.1055375,43200,0
1985-04-25,2.1055375,2.1177625,2.0994375,2.1055375,40300,0
1985-04-26,2.0994375,2.1055375,2.0748125,2.0994375,28800,0
1985-04-29,2.0501875,2.0994375,2.04388125,2.0501875,38000,0
1985-04-30,2.0624,2.0685125,2.04388125,2.0624,76800,0
1985-05-01,2.0685125,2.0994375,2.0624,2.0685125,52500,0
1985-05-02,2.1055375,2.1177625,2.0748125,2.1055375,14800,0
1985-05-03,2.13016875,2.17941875,2.1240625,2.13016875,97700,0
1985-05-06,2.13628125,2.13628125,2.1240625,2.13628125,12200,0
1985-05-07,2.1486875,2.1548,2.13016875,2.1486875,35900,0
1985-05-08,2.1240625,2.1486875,2.1240625,2.1240625,38100,0
1985-05-09,2.1177625,2.1486875,2.1177625,2.1177625,48000,0
1985-05-10,2.21015,2.22866875,2.1486875,2.21015,131500,0
1985-05-13,2.2162625,2.2162625,2.21015,2.2162625,122500,0
1985-05-14,2.2162625,2.22866875,2.20405,2.2162625,241100,0
1985-05-15,2.2225625,2.22866875,2.2162625,2.2225625,193900,0
1985-05-16,2.2162625,2.22866875,2.2162625,2.2162625,370500,0
1985-05-17,2.24088125,2.2533,2.2162625,2.24088125,67400,0
1985-05-20,2.2655125,2.2655125,2.2533,2.2655125,100500,0
1985-05-21,2.27791875,2.28403125,2.2594,2.27791875,118300,0
1985-05-22,2.29013125,2.29013125,2.2594,2.29013125,107300,0
1985-05-23,2.27791875,2.2964375,2.2718125,2.27791875,68500,0
1985-05-24,2.27791875,2.29013125,2.2655125,2.27791875,54700,0
1985-05-28,2.2655125,2.27791875,2.2533,2.2655125,37200,0
1985-05-29,2.2655125,2.2718125,2.2533,2.2655125,35600,0
1985-05-30,2.29013125,2.29013125,2.2533,2.29013125,67000,0
1985-05-31,2.2964375,2.3147625,2.27791875,2.2964375,161200,0
1985-06-03,2.27791875,2.30255,2.2655125,2.27791875,49900,0
1985-06-04,2.29013125,2.29013125,2.2655125,2.29013125,71600,0
1985-06-05,2.3210625,2.3210625,2.29013125,2.3210625,72900,0
1985-06-06,2.33938125,2.33938125,2.30865,2.33938125,119400,0
1985-06-07,2.3518,2.3703125,2.3518,2.3518,170100,0
1985-06-10,2.37641875,2.3886375,2.3640125,2.37641875,192100,0
1985-06-11,2.3886375,2.4132625,2.3640125,2.3886375,120800,0
1985-06-12,2.3886375,2.40105,2.3703125,2.3886375,62500,0
1985-06-13,2.33938125,2.37641875,2.33938125,2.33938125,94600,0
1985-06-14,2.37641875,2.37641875,2.32716875,2.37641875,58400,0
1985-06-17,2.3703125,2.3886375,2.3579,2.3703125,103200,0
1985-06-18,2.3640125,2.3886375,2.3640125,2.3640125,22100,0
1985-06-19,2.3886375,2.3886375,2.3640125,2.3886375,60200,0
1985-06-20,2.3703125,2.3886375,2.3640125,2.3703125,17200,0
1985-06-21,2.4195625,2.42566875,2.38253125,2.4195625,77000,0
1985-06-24,2.4688125,2.4934375,2.40715,2.4688125,74400,0
1985-06-25,2.49955,2.53028125,2.47491875,2.49955,114800,0
1985-06-26,2.59805,2.6102625,2.5488,2.59805,181900,0
1985-06-27,2.6473,2.6595125,2.5856375,2.6473,123400,0
1985-06-28,2.6348875,2.69655,2.61656875,2.6348875,107100,0
1985-07-01,2.6348875,2.6348875,2.6102625,2.6348875,63800,0
1985-07-02,2.5856375,2.62878125,2.5856375,2.5856375,24400,0
1985-07-03,2.57341875,2.59805,2.5426875,2.57341875,54300,0
1985-07-05,2.57341875,2.59805,2.5488,2.57341875,75000,0
1985-07-08,2.5488,2.5856375,2.5363875,2.5488,88800,0
1985-07-09,2.5117625,2.5488,2.49955,2.5117625,85300,0
1985-07-10,2.5610125,2.57953125,2.5117625,2.5610125,110000,0
1985-07-11,2.5673125,2.57341875,2.5363875,2.5673125,35200,0
1985-07-12,2.5488,2.5610125,2.53028125,2.5488,42000,0
1985-07-15,2.5673125,2.5856375,2.5426875,2.5673125,244900,0
1985-07-16,2.5610125,2.57341875,2.5549,2.5610125,127000,0
1985-07-17,2.5919375,2.60415,2.57953125,2.5919375,144800,0
1985-07-18,2.5856375,2.6102625,2.57953125,2.5856375,38500,0
1985-07-19,2.59805,2.60415,2.57341875,2.59805,72400,0
1985-07-22,2.5856375,2.5919375,2.57953125,2.5856375,28900,0
1985-07-23,2.5856375,2.60415,2.57341875,2.5856375,59700,0
1985-07-24,2.5363875,2.59805,2.5363875,2.5363875,209500,0
1985-07-25,2.53028125,2.5488,2.49955,2.53028125,61600,0
1985-07-26,2.5610125,2.5610125,2.5180625,2.5610125,177700,0
1985-07-29,2.5363875,2.57953125,2.5363875,2.5363875,72600,0
1985-07-30,2.5117625,2.5426875,2.4871375,2.5117625,65800,0
1985-07-31,2.53028125,2.53028125,2.49955,2.53028125,138700,0
1985-08-01,2.53028125,2.5426875,2.52416875,2.53028125,23600,0
1985-08-02,2.53028125,2.5363875,2.52416875,2.53028125,16300,0
1985-08-05,2.5117625,2.53028125,2.49955,2.5117625,25100,0
1985-08-06,2.47491875,2.50565,2.47491875,2.47491875,47900,0
1985-08-07,2.4625125,2.48103125,2.4625125,2.4625125,66000,0
1985-08-08,2.47491875,2.47491875,2.4441875,2.47491875,39400,0
1985-08-09,2.4625125,2.4625125,2.4564,2.4625125,40200,0
1985-08-12,2.43178125,2.4503,2.42566875,2.43178125,39600,0
1985-08-13,2.4132625,2.43178125,2.40105,2.4132625,157700,0
1985-08-14,2.40105,2.4132625,2.3949375,2.40105,36700,0
1985-08-15,2.42566875,2.42566875,2.40105,2.42566875,58700,0
1985-08-16,2.40105,2.42566875,2.40105,2.40105,90600,0
1985-08-19,2.4132625,2.4195625,2.40105,2.4132625,24700,0
1985-08-20,2.4625125,2.47491875,2.4132625,2.4625125,96900,0
1985-08-21,2.49955,2.49955,2.4688125,2.49955,87800,0
1985-08-22,2.4625125,2.50565,2.4625125,2.4625125,42800,0
1985-08-23,2.4871375,2.49955,2.4625125,2.4871375,87800,0
1985-08-26,2.5117625,2.5117625,2.48103125,2.5117625,29100,0
1985-08-27,2.53028125,2.53028125,2.5117625,2.53028125,34800,0
1985-08-28,2.5549,2.5549,2.52416875,2.5549,66100,0
1985-08-29,2.5610125,2.5856375,2.5610125,2.5610125,55300,0
1985-08-30,2.5488,2.5610125,2.5426875,2.5488,64800,0
1985-09-03,2.5673125,2.57341875,2.5488,2.5673125,80900,0
1985-09-04,2.5488,2.5610125,2.5488,2.5488,38400,0
1985-09-05,2.5180625,2.5549,2.5180625,2.5180625,59500,0
1985-09-06,2.52416875,2.53028125,2.5117625,2.52416875,78000,0
1985-09-09,2.53028125,2.5488,2.52416875,2.53028125,46700,0
1985-09-10,2.49955,2.53028125,2.4871375,2.49955,28900,0
1985-09-11,2.4503,2.47491875,2.4503,2.4503,28600,0
1985-09-12,2.42566875,2.4503,2.42566875,2.42566875,49300,0
1985-09-13,2.4441875,2.4441875,2.4132625,2.4441875,94000,0
1985-09-16,2.4625125,2.4625125,2.4441875,2.4625125,116500,0
1985-09-17,2.4688125,2.47491875,2.4503,2.4688125,39200,0
1985-09-18,2.53028125,2.53028125,2.4503,2.53028125,113800,0
1985-09-19,2.5673125,2.57341875,2.5117625,2.5673125,76500,0
1985-09-20,2.5363875,2.59805,2.5363875,2.5363875,120500,0
1985-09-23,2.5856375,2.5856375,2.5610125,2.5856375,62500,0
1985-09-24,2.5488,2.57953125,2.5363875,2.5488,50800,0
1985-09-25,2.50565,2.5363875,2.50565,2.50565,60600,0
1985-09-26,2.4625125,2.4934375,2.4503,2.4625125,106500,0
1985-09-27,2.47491875,2.47491875,2.47491875,2.47491875,600,0
1985-09-30,2.4378875,2.4871375,2.43178125,2.4378875,126800,0
1985-10-01,2.4564,2.4564,2.4195625,2.4564,116400,0
1985-10-02,2.47491875,2.47491875,2.4503,2.47491875,89000,0
1985-10-03,2.47491875,2.4934375,2.4625125,2.47491875,25800,0
1985-10-04,2.43178125,2.4625125,2.4195625,2.43178125,49900,0
1985-10-07,2.3640125,2.43178125,2.3640125,2.3640125,56500,0
1985-10-08,2.3640125,2.3703125,2.33938125,2.3640125,48900,0
1985-10-09,2.3886375,2.3949375,2.3579,2.3886375,63400,0
1985-10-10,2.3886375,2.40105,2.37641875,2.3886375,32800,0
1985-10-11,2.4378875,2.4378875,2.3886375,2.4378875,70400,0
1985-10-14,2.48103125,2.48103125,2.4564,2.48103125,22000,0
1985-10-15,2.5117625,2.5180625,2.4688125,2.5117625,57600,0
1985-10-16,2.52416875,2.5488,2.5117625,2.52416875,155400,0
1985-10-17,2.5117625,2.52416875,2.4871375,2.5117625,83800,0
1985-10-18,2.53028125,2.5363875,2.5117625,2.53028125,42900,0
1985-10-21,2.5673125,2.57341875,2.52416875,2.5673125,164900,0
1985-10-22,2.5856375,2.60415,2.5488,2.5856375,47200,0
1985-10-23,2.62266875,2.62266875,2.59805,2.62266875,89400,0
1985-10-24,2.62266875,2.6348875,2.60415,2.62266875,53200,0
1985-10-25,2.62266875,2.6411875,2.6102625,2.62266875,17000,0
1985-10-28,2.62266875,2.6348875,2.61656875,2.62266875,16100,0
1985-10-29,2.6411875,2.6534,2.62878125,2.6411875,80600,0
1985-10-30,2.6411875,2.6473,2.61656875,2.6411875,90600,0
1985-10-31,2.6841375,2.6841375,2.6348875,2.6841375,169600,0
1985-11-01,2.70265,2.70265,2.6473,2.70265,52600,0
1985-11-04,2.71506875,2.71506875,2.6841375,2.71506875,72300,0
1985-11-05,2.7458,2.77041875,2.72116875,2.7458,74000,0
1985-11-06,2.7087625,2.7580125,2.69655,2.7087625,124500,0
1985-11-07,2.72116875,2.72116875,2.67191875,2.72116875,42600,0
1985-11-08,2.7580125,2.7580125,2.7087625,2.7580125,109500,0
1985-11-11,2.7889375,2.7889375,2.7396875,2.7889375,102200,0
1985-11-12,2.77653125,2.79505,2.76431875,2.77653125,67000,0
1985-11-13,2.7396875,2.76431875,2.72116875,2.7396875,82100,0
1985-11-14,2.7396875,2.7396875,2.72116875,2.7396875,42700,0
1985-11-15,2.7333875,2.7333875,2.71506875,2.7333875,53200,0
1985-11-18,2.7396875,2.7458,2.69655,2.7396875,115300,0
1985-11-19,2.7580125,2.7580125,2.7396875,2.7580125,60200,0
1985-11-20,2.7458,2.7519,2.72728125,2.7458,69300,0
1985-11-21,2.7826375,2.7826375,2.72728125,2.7826375,72900,0
1985-11-22,2.77653125,2.7889375,2.7458,2.77653125,51200,0
1985-11-25,2.7889375,2.7889375,2.77041875,2.7889375,23400,0
1985-11-26,2.79505,2.8072625,2.7826375,2.79505,32300,0
1985-11-27,2.8443,2.8504125,2.80115,2.8443,41800,0
1985-11-29,2.8318875,2.8504125,2.81356875,2.8318875,37900,0
1985-12-02,2.81356875,2.8443,2.80115,2.81356875,23300,0
1985-12-03,2.81966875,2.81966875,2.79505,2.81966875,22000,0
1985-12-04,2.8811375,2.8811375,2.8072625,2.8811375,47100,0
1985-12-05,2.89355,2.9550125,2.8811375,2.89355,116300,0
1985-12-06,2.8443,2.8811375,2.8318875,2.8443,62000,0
1985-12-09,2.86281875,2.87503125,2.8318875,2.86281875,123100,0
1985-12-10,2.8504125,2.86891875,2.8443,2.8504125,40400,0
1985-12-11,2.8381875,2.86281875,2.8318875,2.8381875,127900,0
1985-12-12,2.8504125,2.8565125,2.7826375,2.8504125,107800,0
1985-12-13,2.8811375,2.89355,2.8504125,2.8811375,86000,0
1985-12-16,2.92428125,2.9303875,2.8443,2.92428125,131600,0
1985-12-17,2.92428125,2.9428,2.89355,2.92428125,87800,0
1985-12-18,2.91206875,2.92428125,2.89355,2.91206875,148200,0
1985-12-19,2.91206875,2.9303875,2.8811375,2.91206875,122400,0
1985-12-20,2.8874375,2.8874375,2.8443,2.8874375,161000,0
1985-12-23,2.87503125,2.89355,2.86281875,2.87503125,42600,0
1985-12-24,2.8443,2.86891875,2.8318875,2.8443,25100,0
1985-12-26,2.8811375,2.8811375,2.8443,2.8811375,75000,0
1985-12-27,2.87503125,2.89355,2.86891875,2.87503125,37600,0
1985-12-30,2.9057625,2.9057625,2.86281875,2.9057625,80100,0
1985-12-31,2.9057625,2.9428,2.89355,2.9057625,67400,0
1986-01-02,2.87503125,2.89355,2.86281875,2.87503125,52200,0
1986-01-03,2.9057625,2.91816875,2.8811375,2.9057625,52700,0
1986-01-06,2.8811375,2.8996625,2.86891875,2.8811375,36100,0
1986-01-07,2.89355,2.8996625,2.8565125,2.89355,52000,0
1986-01-08,2.8996625,2.9428,2.8811375,2.8996625,75400,0
1986-01-09,2.8443,2.89355,2.81966875,2.8443,251600,0
1986-01-10,2.81966875,2.8443,2.81356875,2.81966875,54200,0
1986-01-13,2.76431875,2.8072625,2.7580125,2.76431875,97300,0
1986-01-14,2.77653125,2.77653125,2.7580125,2.77653125,109500,0
1986-01-15,2.89355,2.9057625,2.7826375,2.89355,252600,0
1986-01-16,2.96741875,2.97353125,2.89355,2.96741875,208400,0
1986-01-17,2.99205,2.9981625,2.9303875,2.99205,240200,0
1986-01-20,2.96741875,2.9981625,2.96131875,2.96741875,75100,0
1986-01-21,2.97353125,2.9859375,2.9550125,2.97353125,116600,0
1986-01-22,2.96131875,2.99205,2.96131875,2.96131875,103400,0
1986-01-23,2.9796375,2.9796375,2.9550125,2.9796375,48100,0
1986-01-24,3.0042625,3.0042625,2.96741875,3.0042625,231300,0
1986-01-27,2.9981625,3.0042625,2.9796375,2.9981625,103100,0
1986-01-28,3.0474125,3.0535125,2.9981625,3.0474125,77500,0
1986-01-29,3.0288875,3.0844375,3.0288875,3.0288875,56100,0
1986-01-30,3.0042625,3.0413,2.9796375,3.0042625,37800,0
1986-01-31,3.06591875,3.0781375,3.01056875,3.06591875,50700,0
1986-02-03,3.0535125,3.0781375,3.0535125,3.0535125,131200,0
1986-02-04,3.0474125,3.05981875,3.0413,3.0474125,82200,0
1986-02-05,3.0474125,3.0535125,3.01666875,3.0474125,101900,0
1986-02-06,3.11516875,3.11516875,3.0474125,3.11516875,83000,0
1986-02-07,3.1766375,3.21366875,3.11516875,3.1766375,135900,0
1986-02-10,3.16441875,3.18905,3.1273875,3.16441875,93100,0
1986-02-11,3.16441875,3.17053125,3.1520125,3.16441875,24900,0
1986-02-12,3.16441875,3.1766375,3.1459125,3.16441875,42900,0
1986-02-13,3.17053125,3.1829375,3.1398,3.17053125,25000,0
1986-02-14,3.2258875,3.2258875,3.1829375,3.2258875,65300,0
1986-02-18,3.2997625,3.31218125,3.2258875,3.2997625,64200,0
1986-02-19,3.25681875,3.3243875,3.25681875,3.25681875,77200,0
1986-02-20,3.26291875,3.26903125,3.2012625,3.26291875,84000,0
1986-02-21,3.2751375,3.2997625,3.2444125,3.2751375,111200,0
1986-02-24,3.21366875,3.28755,3.21366875,3.21366875,38800,0
1986-02-25,3.2012625,3.2321875,3.18905,3.2012625,97500,0
1986-02-26,3.20756875,3.21978125,3.2012625,3.20756875,45500,0
1986-02-27,3.2444125,3.2444125,3.2012625,3.2444125,36800,0
1986-02-28,3.31828125,3.3243875,3.21366875,3.31828125,52300,0
1986-03-03,3.28755,3.3243875,3.26903125,3.28755,70700,0
1986-03-04,3.28755,3.31828125,3.26291875,3.28755,83800,0
1986-03-05,3.2258875,3.28755,3.1766375,3.2258875,111200,0
1986-03-06,3.2505125,3.26291875,3.2258875,3.2505125,94700,0
1986-03-07,3.2814375,3.31218125,3.2383,3.2814375,59100,0
1986-03-10,3.31828125,3.3243875,3.26291875,3.31828125,66400,0
1986-03-11,3.38605,3.3982625,3.2997625,3.38605,122100,0
1986-03-12,3.4228875,3.4721375,3.3736375,3.4228875,134400,0
1986-03-13,3.4475125,3.4475125,3.3982625,3.4475125,120000,0
1986-03-14,3.4906625,3.4906625,3.40456875,3.4906625,94200,0
1986-03-17,3.4291875,3.46603125,3.4228875,3.4291875,59900,0
1986-03-18,3.36753125,3.4784375,3.2997625,3.36753125,180200,0
1986-03-19,3.2505125,3.36753125,3.2383,3.2505125,128000,0
1986-03-20,3.2751375,3.3243875,3.2505125,3.2751375,136900,0
1986-03-21,3.2383,3.3243875,3.2383,3.2383,103700,0
1986-03-24,3.2751375,3.2936625,3.2383,3.2751375,57400,0
1986-03-25,3.3306875,3.3306875,3.26291875,3.3306875,49300,0
1986-03-26,3.3799375,3.38605,3.3306875,3.3799375,84900,0
1986-03-27,3.4291875,3.46603125,3.3736375,3.4291875,93800,0
1986-03-31,3.4414125,3.46603125,3.41678125,3.4414125,48500,0
1986-04-01,3.3921625,3.4475125,3.36143125,3.3921625,121200,0
1986-04-02,3.36143125,3.3799375,3.3368,3.36143125,118500,0
1986-04-03,3.2383,3.3799375,3.2258875,3.2383,45100,0
1986-04-04,3.1520125,3.2505125,3.1273875,3.1520125,106600,0
1986-04-07,3.1520125,3.16441875,3.12128125,3.1520125,77900,0
1986-04-08,3.2751375,3.2751375,3.1766375,3.2751375,70200,0
1986-04-09,3.2751375,3.36143125,3.26291875,3.2751375,90500,0
1986-04-10,3.2997625,3.31218125,3.26903125,3.2997625,38100,0
1986-04-11,3.3368,3.3490125,3.2997625,3.3368,71400,0
1986-04-14,3.38605,3.40456875,3.3306875,3.38605,45600,0
1986-04-15,3.41678125,3.4228875,3.3736375,3.41678125,63000,0
1986-04-16,3.45993125,3.48455,3.4228875,3.45993125,69400,0
1986-04-17,3.5213875,3.5213875,3.48455,3.5213875,53900,0
1986-04-18,3.5338,3.5338,3.48455,3.5338,23700,0
1986-04-21,3.5213875,3.54601875,3.50306875,3.5213875,65800,0
1986-04-22,3.4784375,3.54601875,3.45993125,3.4784375,57900,0
1986-04-23,3.4228875,3.4721375,3.3982625,3.4228875,87900,0
1986-04-24,3.41068125,3.4291875,3.3982625,3.41068125,58600,0
1986-04-25,3.41068125,3.41068125,3.3921625,3.41068125,42800,0
1986-04-28,3.3982625,3.4353,3.3921625,3.3982625,73000,0
1986-04-29,3.41068125,3.41068125,3.38605,3.41068125,16400,0
1986-04-30,3.3490125,3.40456875,3.3368,3.3490125,52600,0
1986-05-01,3.3243875,3.35531875,3.2997625,3.3243875,38800,0
1986-05-02,3.36143125,3.36753125,3.3306875,3.36143125,83900,0
1986-05-05,3.4721375,3.4721375,3.3490125,3.4721375,61400,0
1986-05-06,3.4475125,3.48455,3.4353,3.4475125,53500,0
1986-05-07,3.4721375,3.4721375,3.41068125,3.4721375,70200,0
1986-05-08,3.5213875,3.5338,3.4475125,3.5213875,88100,0
1986-05-09,3.5213875,3.5213875,3.45993125,3.5213875,28200,0
1986-05-12,3.48455,3.5213875,3.45993125,3.48455,31600,0
1986-05-13,3.4475125,3.4967625,3.4353,3.4475125,56600,0
1986-05-14,3.45993125,3.45993125,3.41068125,3.45993125,29200,0
1986-05-15,3.4475125,3.45993125,3.4228875,3.4475125,52600,0
1986-05-16,3.4721375,3.48455,3.4475125,3.4721375,213400,0
1986-05-19,3.45993125,3.48455,3.4353,3.45993125,82900,0
1986-05-20,3.46603125,3.48455,3.4475125,3.46603125,95100,0
1986-05-21,3.4475125,3.45993125,3.4228875,3.4475125,80100,0
1986-05-22,3.58305,3.58305,3.46603125,3.58305,69000,0
1986-05-23,3.60768125,3.6198875,3.5706375,3.60768125,81900,0
1986-05-27,3.7676375,3.7676375,3.60768125,3.7676375,82500,0
1986-05-28,3.77395,3.8168875,3.75543125,3.77395,87200,0
1986-05-29,3.68155,3.7676375,3.65693125,3.68155,84300,0
1986-05-30,3.6323,3.68155,3.6198875,3.6323,60700,0
1986-06-02,3.60768125,3.6261875,3.59526875,3.60768125,55300,0
1986-06-03,3.58305,3.60156875,3.5769375,3.58305,66900,0
1986-06-04,3.59526875,3.59526875,3.55843125,3.59526875,40000,0
1986-06-05,3.5706375,3.60768125,3.5706375,3.5706375,83500,0
1986-06-06,3.6198875,3.6198875,3.58305,3.6198875,28000,0
1986-06-09,3.4967625,3.644525,3.48455,3.4967625,52000,0
1986-06-10,3.4228875,3.4721375,3.2505125,3.4228875,116700,0
1986-06-11,3.546025,3.546025,3.4475125,3.546025,142700,0
1986-06-12,3.5213875,3.5706375,3.4967625,3.5213875,125000,0
1986-06-13,3.6198875,3.6198875,3.558425,3.6198875,56800,0
1986-06-16,3.4967625,3.6691375,3.4967625,3.4967625,89100,0
1986-06-17,3.459925,3.546025,3.4475125,3.459925,83700,0
1986-06-18,3.4228875,3.459925,3.3736375,3.4228875,52200,0
1986-06-19,3.4228875,3.4721375,3.410675,3.4228875,157800,0
1986-06-20,3.4353,3.4475125,3.361425,3.4353,115700,0
1986-06-23,3.410675,3.48455,3.38605,3.410675,213300,0
1986-06-24,3.4353,3.4721375,3.3982625,3.4353,206500,0
1986-06-25,3.4967625,3.5706375,3.4475125,3.4967625,224200,0
1986-06-26,3.4475125,3.546025,3.4228875,3.4475125,87600,0
1986-06-27,3.459925,3.4721375,3.38605,3.459925,53100,0
1986-06-30,3.48455,3.4967625,3.3736375,3.48455,105800,0
1986-07-01,3.48455,3.4967625,3.459925,3.48455,79800,0
1986-07-02,3.5213875,3.6323,3.4967625,3.5213875,122800,0
1986-07-03,3.558425,3.595275,3.4967625,3.558425,86800,0
1986-07-07,3.4228875,3.5338,3.410675,3.4228875,116200,0
1986-07-08,3.3243875,3.361425,3.2505125,3.3243875,224200,0
1986-07-09,3.3490125,3.3490125,3.3243875,3.3490125,205200,0
1986-07-10,3.28755,3.3490125,3.1273875,3.28755,452200,0
1986-07-11,3.2383,3.3243875,3.2258875,3.2383,75000,0
1986-07-14,3.1398,3.2258875,3.1273875,3.1398,119000,0
1986-07-15,3.0535125,3.1520125,3.0288875,3.0535125,320300,0
1986-07-16,3.065925,3.1398,3.0535125,3.065925,315800,0
1986-07-17,3.1027625,3.1273875,3.0535125,3.1027625,163000,0
1986-07-18,3.0535125,3.115175,3.016675,3.0535125,302800,0
1986-07-21,3.0535125,3.0781375,3.0042625,3.0535125,97300,0
1986-07-22,3.2012625,3.2012625,3.0288875,3.2012625,193600,0
1986-07-23,3.28755,3.28755,3.2012625,3.28755,140400,0
1986-07-24,3.2751375,3.28755,3.262925,3.2751375,82600,0
1986-07-25,3.1766375,3.2505125,3.1520125,3.1766375,83900,0
1986-07-28,3.1027625,3.1766375,3.0535125,3.1027625,95300,0
1986-07-29,3.0535125,3.09055,3.0413,3.0535125,89800,0
1986-07-30,3.0781375,3.1520125,3.0042625,3.0781375,289100,0
1986-07-31,3.1766375,3.1766375,3.0535125,3.1766375,136500,0
1986-08-01,3.1520125,3.2258875,3.065925,3.1520125,56800,0
1986-08-04,3.065925,3.1273875,3.016675,3.065925,122300,0
1986-08-05,2.9550125,3.065925,2.9303875,2.9550125,248900,0
1986-08-06,2.9303875,3.0413,2.9303875,2.9303875,240300,0
1986-08-07,3.0288875,3.0288875,2.8565125,3.0288875,223800,0
1986-08-08,3.0288875,3.1273875,3.0288875,3.0288875,128300,0
1986-08-11,3.09055,3.115175,3.0288875,3.09055,135200,0
1986-08-12,3.213675,3.213675,3.1027625,3.213675,304100,0
1986-08-13,3.2751375,3.3490125,3.1520125,3.2751375,175400,0
1986-08-14,3.2997625,3.3243875,3.2505125,3.2997625,60600,0
1986-08-15,3.3243875,3.3243875,3.2505125,3.3243875,94900,0
1986-08-18,3.2505125,3.3243875,3.2505125,3.2505125,68700,0
1986-08-19,3.164425,3.2751375,3.1520125,3.164425,120400,0
1986-08-20,3.2997625,3.3243875,3.1273875,3.2997625,268000,0
1986-08-21,3.3243875,3.3243875,3.2012625,3.3243875,249600,0
1986-08-22,3.3982625,3.4353,3.3736375,3.3982625,314600,0
1986-08-25,3.3982625,3.410675,3.3490125,3.3982625,119200,0
1986-08-26,3.58305,3.595275,3.3982625,3.58305,297400,0
1986-08-27,3.706175,3.743025,3.58305,3.706175,158300,0
1986-08-28,3.6198875,3.7183875,3.595275,3.6198875,71800,0
1986-08-29,3.68155,3.693775,3.6323,3.68155,80400,0
1986-09-02,3.58305,3.693775,3.5213875,3.58305,95600,0
1986-09-03,3.6198875,3.6198875,3.5213875,3.6198875,72200,0
1986-09-04,3.6691375,3.706175,3.546025,3.6691375,89800,0
1986-09-05,3.546025,3.68155,3.5213875,3.546025,232800,0
1986-09-08,3.4721375,3.5706375,3.4475125,3.4721375,132700,0
1986-09-09,3.3736375,3.546025,3.3736375,3.3736375,208100,0
1986-09-10,3.3490125,3.4228875,3.3490125,3.3490125,103000,0
1986-09-11,3.1520125,3.312175,3.1273875,3.1520125,216300,0
1986-09-12,3.0781375,3.1520125,2.9303875,3.0781375,403900,0
1986-09-15,3.0781375,3.1273875,3.0042625,3.0781375,305600,0
1986-09-16,3.1027625,3.1027625,3.0042625,3.1027625,128600,0
1986-09-17,3.0042625,3.1273875,3.0042625,3.0042625,181000,0
1986-09-18,3.0288875,3.065925,3.0042625,3.0288875,109000,0
1986-09-19,3.0042625,3.0781375,2.9796375,3.0042625,159900,0
1986-09-22,3.2383,3.2383,3.0288875,3.2383,178900,0
1986-09-23,3.2751375,3.2997625,3.2258875,3.2751375,173000,0
1986-09-24,3.3243875,3.3490125,3.2505125,3.3243875,206400,0
1986-09-25,3.2012625,3.2751375,3.1766375,3.2012625,193000,0
1986-09-26,3.2505125,3.2751375,3.1766375,3.2505125,101800,0
1986-09-29,3.164425,3.1766375,3.1273875,3.164425,163900,0
1986-09-30,3.1273875,3.2012625,3.1027625,3.1273875,136900,0
1986-10-01,3.2012625,3.2258875,3.1273875,3.2012625,115300,0
1986-10-02,3.2751375,3.312175,3.2012625,3.2751375,156300,0
1986-10-03,3.213675,3.3490125,3.2012625,3.213675,186100,0
1986-10-06,3.213675,3.2258875,3.2012625,3.213675,115000,0
1986-10-07,3.2997625,3.3243875,3.2012625,3.2997625,83500,0
1986-10-08,3.4228875,3.4475125,3.312175,3.4228875,150400,0
1986-10-09,3.410675,3.4967625,3.3736375,3.410675,121700,0
1986-10-10,3.3736375,3.4228875,3.3490125,3.3736375,124000,0
1986-10-13,3.3736375,3.3736375,3.3243875,3.3736375,51300,0
1986-10-14,3.410675,3.410675,3.3736375,3.410675,225000,0
1986-10-15,3.595275,3.6198875,3.410675,3.595275,241800,0
1986-10-16,3.5706375,3.6323,3.546025,3.5706375,143400,0
1986-10-17,3.546025,3.58305,3.5338,3.546025,98100,0
1986-10-20,3.509175,3.546025,3.4721375,3.509175,115400,0
1986-10-21,3.546025,3.5706375,3.4475125,3.546025,145900,0
1986-10-22,3.6198875,3.656925,3.546025,3.6198875,267300,0
1986-10-23,3.6691375,3.706175,3.607675,3.6691375,298800,0
1986-10-24,3.6198875,3.68155,3.58305,3.6198875,182800,0
1986-10-27,3.644525,3.6691375,3.58305,3.644525,72900,0
1986-10-28,3.6323,3.6691375,3.6198875,3.6323,73700,0
1986-10-29,3.6323,3.656925,3.607675,3.6323,124200,0
1986-10-30,3.7183875,3.7308,3.6198875,3.7183875,267900,0
1986-10-31,3.68155,3.7183875,3.644525,3.68155,95600,0
1986-11-03,3.6691375,3.68155,3.6198875,3.6691375,45100,0
1986-11-04,3.68155,3.68155,3.644525,3.68155,82400,0
1986-11-05,3.6323,3.68155,3.6198875,3.6323,134200,0
1986-11-06,3.6323,3.644525,3.558425,3.6323,67500,0
1986-11-07,3.6691375,3.6691375,3.5706375,3.6691375,53700,0
1986-11-10,3.6691375,3.706175,3.6691375,3.6691375,73300,0
1986-11-11,3.68155,3.693775,3.644525,3.68155,45900,0
1986-11-12,3.656925,3.706175,3.656925,3.656925,63200,0
1986-11-13,3.509175,3.607675,3.4967625,3.509175,108700,0
1986-11-14,3.509175,3.546025,3.4721375,3.509175,68700,0
1986-11-17,3.5338,3.5338,3.4353,3.5338,109500,0
1986-11-18,3.3490125,3.5213875,3.3490125,3.3490125,114000,0
1986-11-19,3.3736375,3.38605,3.2997625,3.3736375,126200,0
1986-11-20,3.5338,3.5338,3.3736375,3.5338,140700,0
1986-11-21,3.6323,3.644525,3.4721375,3.6323,169100,0
1986-11-24,3.6198875,3.7183875,3.6198875,3.6198875,190000,0
1986-11-25,3.5706375,3.6198875,3.4475125,3.5706375,176800,0
1986-11-26,3.6198875,3.6323,3.5213875,3.6198875,221400,0
1986-11-28,3.546025,3.58305,3.546025,3.546025,41700,0
1986-12-01,3.58305,3.58305,3.4967625,3.58305,149800,0
1986-12-02,3.607675,3.6323,3.546025,3.607675,232100,0
1986-12-03,3.595275,3.6323,3.58305,3.595275,184300,0
1986-12-04,3.656925,3.6691375,3.607675,3.656925,208200,0
1986-12-05,3.5706375,3.6691375,3.5706375,3.5706375,252000,0
1986-12-08,3.58305,3.6323,3.546025,3.58305,114400,0
1986-12-09,3.5706375,3.6198875,3.558425,3.5706375,134000,0
1986-12-10,3.4967625,3.6198875,3.4967625,3.4967625,195300,0
1986-12-11,3.546025,3.558425,3.4475125,3.546025,175700,0
1986-12-12,3.5338,3.546025,3.5213875,3.5338,130600,0
1986-12-15,3.5213875,3.5213875,3.459925,3.5213875,73200,0
1986-12-16,3.5338,3.5338,3.48455,3.5338,146700,0
1986-12-17,3.5213875,3.5213875,3.459925,3.5213875,100200,0
1986-12-18,3.410675,3.5213875,3.410675,3.410675,124300,0
1986-12-19,3.546025,3.546025,3.4228875,3.546025,166600,0
1986-12-22,3.546025,3.546025,3.4967625,3.546025,103700,0
1986-12-23,3.4475125,3.546025,3.3982625,3.4475125,247500,0
1986-12-24,3.459925,3.5213875,3.459925,3.459925,189200,0
1986-12-26,3.48455,3.5213875,3.4475125,3.48455,133900,0
1986-12-29,3.5338,3.558425,3.4721375,3.5338,221200,0
1986-12-30,3.509175,3.546025,3.4967625,3.509175,117900,0
1986-12-31,3.4721375,3.4967625,3.459925,3.4721375,81500,0
1987-01-02,3.509175,3.5338,3.4967625,3.509175,103400,0
1987-01-05,3.607675,3.644525,3.546025,3.607675,173600,0
1987-01-06,3.7183875,3.743025,3.644525,3.7183875,342400,0
1987-01-07,3.8661375,3.9153875,3.7183875,3.8661375,503400,0
1987-01-08,3.989275,3.989275,3.8661375,3.989275,195000,0
1987-01-09,4.137025,4.1616375,3.9646375,4.137025,413800,0
1987-01-12,4.17405,4.284775,4.137025,4.17405,710600,0
1987-01-13,4.1123875,4.2233,4.100175,4.1123875,351500,0
1987-01-14,4.17405,4.186275,4.087775,4.17405,306500,0
1987-01-15,4.2601375,4.2601375,4.1248,4.2601375,374800,0
1987-01-16,4.235525,4.284775,4.1123875,4.235525,274200,0
1987-01-19,4.4571375,4.46955,4.149425,4.4571375,501100,0
1987-01-20,4.4203,4.5063875,4.383275,4.4203,535400,0
1987-01-21,4.4571375,4.5188125,4.383275,4.4571375,292300,0
1987-01-22,4.531025,4.5556375,4.4078875,4.531025,305900,0
1987-01-23,4.3093875,4.6048875,4.186275,4.3093875,451800,0
1987-01-26,4.2601375,4.3093875,4.2108875,4.2601375,82600,0
1987-01-27,4.383275,4.5188125,4.2233,4.383275,188300,0
1987-01-28,4.3586375,4.46955,4.334025,4.3586375,235500,0
1987-01-29,4.346425,4.4078875,4.297175,4.346425,218600,0
1987-01-30,4.383275,4.383275,4.284775,4.383275,237900,0
1987-02-02,4.37105,4.4203,4.334025,4.37105,156400,0
1987-02-03,4.334025,4.4203,4.297175,4.334025,287000,0
1987-02-04,4.395675,4.4078875,4.27255,4.395675,220300,0
1987-02-05,4.395675,4.4571375,4.3586375,4.395675,194900,0
1987-02-06,4.297175,4.4078875,4.27255,4.297175,182400,0
1987-02-09,4.2601375,4.284775,4.2108875,4.2601375,164000,0
1987-02-10,4.2233,4.2601375,4.1616375,4.2233,160200,0
1987-02-11,4.235525,4.2601375,4.17405,4.235525,159500,0
1987-02-12,4.087775,4.27255,4.087775,4.087775,496500,0
1987-02-13,4.2601375,4.3218,4.087775,4.2601375,333400,0
1987-02-17,4.4078875,4.4078875,4.297175,4.4078875,240900,0
1987-02-18,4.46955,4.5188125,4.432525,4.46955,379800,0
1987-02-19,4.4571375,4.531025,4.4078875,4.4571375,170400,0
1987-02-20,4.494175,4.494175,4.4078875,4.494175,253000,0
1987-02-23,4.4571375,4.481775,4.383275,4.4571375,127500,0
1987-02-24,4.432525,4.46955,4.346425,4.432525,127800,0
1987-02-25,4.4203,4.432525,4.383275,4.4203,75000,0
1987-02-26,4.37105,4.432525,4.334025,4.37105,181200,0
1987-02-27,4.3093875,4.395675,4.235525,4.3093875,104300,0
1987-03-02,4.297175,4.346425,4.2601375,4.297175,250600,0
1987-03-03,4.2601375,4.297175,4.2108875,4.2601375,135300,0
1987-03-04,4.2601375,4.334025,4.235525,4.2601375,236200,0
1987-03-05,4.383275,4.4078875,4.297175,4.383275,230900,0
1987-03-06,4.4203,4.4571375,4.346425,4.4203,125500,0
1987-03-09,4.432525,4.4571375,4.3093875,4.432525,197300,0
1987-03-10,4.5556375,4.580275,4.4203,4.5556375,317300,0
1987-03-11,4.494175,4.5556375,4.46955,4.494175,494600,0
1987-03-12,4.432525,4.5063875,4.4078875,4.432525,192400,0
1987-03-13,4.383275,4.432525,4.383275,4.383275,96200,0
1987-03-16,4.4078875,4.4078875,4.284775,4.4078875,225700,0
1987-03-17,4.46955,4.494175,4.37105,4.46955,106900,0
1987-03-18,4.5063875,4.5556375,4.444925,4.5063875,122400,0
1987-03-19,4.691175,4.7158125,4.494175,4.691175,376000,0
1987-03-20,4.728025,4.777275,4.678775,4.728025,320700,0
1987-03-23,4.826525,4.85115,4.740425,4.826525,220500,0
1987-03-24,4.85115,4.875775,4.7650625,4.85115,332300,0
1987-03-25,4.826525,4.875775,4.8019,4.826525,132700,0
1987-03-26,4.8635625,4.888175,4.8019,4.8635625,189700,0
1987-03-27,4.875775,5.023525,4.838925,4.875775,196000,0
1987-03-30,4.580275,4.6665625,4.5556375,4.580275,191800,0
1987-03-31,4.5680625,4.6541375,4.531025,4.5680625,165900,0
1987-04-01,4.5680625,4.580275,4.5063875,4.5680625,134800,0
1987-04-02,4.531025,4.6541375,4.531025,4.531025,199400,0
1987-04-03,4.777275,4.826525,4.5680625,4.777275,208400,0
1987-04-06,4.875775,4.925025,4.8019,4.875775,142500,0
1987-04-07,4.875775,4.925025,4.8143125,4.875775,234200,0
1987-04-08,4.925025,4.9989,4.838925,4.925025,150500,0
1987-04-09,4.777275,4.974275,4.75265,4.777275,166500,0
1987-04-10,4.728025,4.8019,4.728025,4.728025,134500,0
1987-04-13,4.481775,4.8143125,4.481775,4.481775,143900,0
1987-04-14,4.4078875,4.5063875,4.3218,4.4078875,367000,0
1987-04-15,4.481775,4.5188125,4.395675,4.481775,286900,0
1987-04-16,4.629525,4.75265,4.531025,4.629525,261800,0
1987-04-20,4.531025,4.6541375,4.432525,4.531025,180900,0
1987-04-21,4.777275,4.777275,4.481775,4.777275,227600,0
1987-04-22,4.777275,4.826525,4.740425,4.777275,167500,0
1987-04-23,4.6665625,4.75265,4.580275,4.6665625,160900,0
1987-04-24,4.432525,4.6048875,4.432525,4.432525,150500,0
1987-04-27,4.432525,4.5188125,4.247925,4.432525,415000,0
1987-04-28,4.531025,4.543425,4.4078875,4.531025,335700,0
1987-04-29,4.531025,4.629525,4.5063875,4.531025,95700,0
1987-04-30,4.531025,4.641925,4.531025,4.531025,113100,0
1987-05-01,4.543425,4.6173125,4.481775,4.543425,119300,0
1987-05-04,4.629525,4.629525,4.5188125,4.629525,91300,0
1987-05-05,4.7158125,4.7158125,4.629525,4.7158125,387800,0
1987-05-06,4.629525,4.7158125,4.6048875,4.629525,112600,0
1987-05-07,4.4571375,4.6173125,4.4571375,4.4571375,161800,0
1987-05-08,4.444925,4.531025,4.395675,4.444925,146800,0
1987-05-11,4.4078875,4.629525,4.4078875,4.4078875,180500,0
1987-05-12,4.4571375,4.46955,4.37105,4.4571375,147900,0
1987-05-13,4.5188125,4.5556375,4.432525,4.5188125,193400,0
1987-05-14,4.6048875,4.629525,4.543425,4.6048875,152300,0
1987-05-15,4.5188125,4.629525,4.494175,4.5188125,208200,0
1987-05-18,4.432525,4.432525,4.334025,4.432525,146500,0
1987-05-19,4.235525,4.444925,4.235525,4.235525,184700,0
1987-05-20,4.2233,4.2601375,4.1616375,4.2233,201200,0
1987-05-21,4.284775,4.4078875,4.247925,4.284775,148300,0
1987-05-22,4.37105,4.395675,4.27255,4.37105,82200,0
1987-05-26,4.432525,4.5063875,4.346425,4.432525,247800,0
1987-05-27,4.432525,4.481775,4.4078875,4.432525,131100,0
1987-05-28,4.543425,4.580275,4.432525,4.543425,178000,0
1987-05-29,4.5680625,4.6173125,4.5680625,4.5680625,120900,0
1987-06-01,4.580275,4.629525,4.5680625,4.580275,85000,0
1987-06-02,4.5063875,4.629525,4.481775,4.5063875,111900,0
1987-06-03,4.629525,4.678775,4.5063875,4.629525,127200,0
1987-06-04,4.691175,4.691175,4.580275,4.691175,246600,0
1987-06-05,4.678775,4.7158125,4.641925,4.678775,125200,0
1987-06-08,4.75265,4.777275,4.629525,4.75265,216000,0
1987-06-09,4.838925,4.838925,4.7033875,4.838925,230800,0
1987-06-10,4.826525,4.94965,4.8019,4.826525,197800,0
1987-06-11,4.8143125,4.85115,4.7650625,4.8143125,178800,0
1987-06-12,4.888175,4.9128125,4.826525,4.888175,120700,0
1987-06-15,4.925025,4.94965,4.875775,4.925025,117900,0
1987-06-16,4.9128125,4.937425,4.888175,4.9128125,87300,0
1987-06-17,4.888175,4.925025,4.8635625,4.888175,107000,0
1987-06-18,4.875775,4.9128125,4.826525,4.875775,60800,0
1987-06-19,4.94965,5.0113125,4.9004,4.94965,178300,0
1987-06-22,4.9620625,4.9989,4.9004,4.9620625,104600,0
1987-06-23,4.925025,4.937425,4.85115,4.925025,82000,0
1987-06-24,4.826525,4.9128125,4.8019,4.826525,108800,0
1987-06-25,4.9004,4.9004,4.8143125,4.9004,94000,0
1987-06-26,4.85115,4.875775,4.8019,4.85115,56700,0
1987-06-29,4.8019,4.85115,4.8019,4.8019,71300,0
1987-06-30,4.7033875,4.8143125,4.678775,4.7033875,115000,0
1987-07-01,4.678775,4.7158125,4.580275,4.678775,123500,0
1987-07-02,4.740425,4.777275,4.641925,4.740425,147400,0
1987-07-06,4.728025,4.85115,4.678775,4.728025,114200,0
1987-07-07,4.678775,4.7158125,4.629525,4.678775,208900,0
1987-07-08,4.6665625,4.7033875,4.580275,4.6665625,161600,0
1987-07-09,4.6173125,4.6541375,4.592675,4.6173125,148700,0
1987-07-10,4.580275,4.629525,4.5063875,4.580275,81500,0
1987-07-13,4.543425,4.5556375,4.432525,4.543425,157100,0
1987-07-14,4.7033875,4.7158125,4.5680625,4.7033875,182300,0
1987-07-15,4.777275,4.826525,4.728025,4.777275,241300,0
1987-07-16,4.7650625,4.826525,4.740425,4.7650625,78200,0
1987-07-17,4.777275,4.85115,4.728025,4.777275,187000,0
1987-07-20,4.678775,4.728025,4.629525,4.678775,187400,0
1987-07-21,4.629525,4.678775,4.6048875,4.629525,268400,0
1987-07-22,4.6048875,4.6173125,4.5680625,4.6048875,57700,0
1987-07-23,4.531025,4.641925,4.494175,4.531025,95800,0
1987-07-24,4.5556375,4.580275,4.481775,4.5556375,125600,0
1987-07-27,4.531025,4.580275,4.531025,4.531025,43800,0
1987-07-28,4.678775,4.678775,4.531025,4.678775,306700,0
1987-07-29,4.678775,4.7033875,4.6541375,4.678775,109100,0
1987-07-30,4.629525,4.728025,4.6048875,4.629525,199700,0
1987-07-31,4.592675,4.629525,4.580275,4.592675,59600,0
1987-08-03,4.6173125,4.629525,4.6048875,4.6173125,152800,0
1987-08-04,4.629525,4.629525,4.6048875,4.629525,84600,0
1987-08-05,4.641925,4.641925,4.6173125,4.641925,147900,0
1987-08-06,4.75265,4.75265,4.6048875,4.75265,228900,0
1987-08-07,4.8143125,4.838925,4.7650625,4.8143125,202400,0
1987-08-10,4.974275,5.0113125,4.8019,4.974275,202500,0
1987-08-11,5.023525,5.1098125,4.9128125,5.023525,294900,0
1987-08-12,4.986675,5.0605625,4.94965,4.986675,258400,0
1987-08-13,5.2083125,5.2083125,4.94965,5.2083125,367300,0
1987-08-14,5.183675,5.269775,5.14665,5.183675,245900,0
1987-08-17,5.085175,5.2083125,5.04815,5.085175,129200,0
1987-08-18,5.072775,5.072775,4.937425,5.072775,144000,0
1987-08-19,5.1959,5.1959,5.0605625,5.1959,97800,0
1987-08-20,5.2944,5.319025,5.2083125,5.2944,204200,0
1987-08-21,5.319025,5.3560625,5.2575625,5.319025,103100,0
1987-08-24,5.269775,5.3068125,5.1959,5.269775,112200,0
1987-08-25,5.2575625,5.368275,5.220525,5.2575625,191800,0
1987-08-26,5.1959,5.2944,5.14665,5.1959,228200,0
1987-08-27,5.14665,5.24515,5.122025,5.14665,128100,0
1987-08-28,5.122025,5.1959,5.0974,5.122025,160000,0
1987-08-31,5.023525,5.122025,5.023525,5.023525,219200,0
1987-09-01,4.9128125,5.04815,4.826525,4.9128125,264700,0
1987-09-02,4.8635625,4.937425,4.8143125,4.8635625,212200,0
1987-09-03,4.925025,4.9989,4.9004,4.925025,358900,0
1987-09-04,4.9128125,5.023525,4.888175,4.9128125,140200,0
1987-09-08,4.8635625,4.974275,4.838925,4.8635625,206800,0
1987-09-09,4.85115,4.925025,4.8019,4.85115,134900,0
1987-09-10,4.925025,4.925025,4.85115,4.925025,249300,0
1987-09-11,4.974275,5.0113125,4.9128125,4.974275,133900,0
1987-09-14,4.9989,5.023525,4.925025,4.9989,85500,0
1987-09-15,4.875775,4.986675,4.875775,4.875775,111500,0
1987-09-16,4.85115,4.94965,4.838925,4.85115,82600,0
1987-09-17,4.826525,4.8635625,4.7033875,4.826525,161200,0
1987-09-18,4.925025,4.974275,4.85115,4.925025,135900,0
1987-09-21,4.888175,5.0113125,4.85115,4.888175,162800,0
1987-09-22,5.072775,5.072775,4.826525,5.072775,121200,0
1987-09-23,5.171275,5.171275,5.023525,5.171275,216100,0
1987-09-24,5.122025,5.171275,5.072775,5.122025,178600,0
1987-09-25,5.023525,5.171275,5.023525,5.023525,99800,0
1987-09-28,5.072775,5.134425,4.9989,5.072775,203000,0
1987-09-29,5.04815,5.122025,5.04815,5.04815,180600,0
1987-09-30,4.937425,5.072775,4.925025,4.937425,94000,0
1987-10-01,5.0974,5.0974,4.925025,5.0974,116100,0
1987-10-02,5.1590625,5.183675,5.122025,5.1590625,82400,0
1987-10-05,5.122025,5.134425,5.072775,5.122025,65100,0
1987-10-06,5.122025,5.122025,4.9989,5.122025,188100,0
1987-10-07,4.9620625,5.072775,4.875775,4.9620625,216200,0
1987-10-08,4.826525,5.023525,4.777275,4.826525,127200,0
1987-10-09,4.728025,4.85115,4.7033875,4.728025,179400,0
1987-10-12,4.481775,4.75265,4.432525,4.481775,379800,0
1987-10-13,4.5680625,4.6541375,4.4571375,4.5680625,308300,0
1987-10-14,4.4203,4.629525,4.346425,4.4203,252500,0
1987-10-15,4.297175,4.531025,4.2601375,4.297175,279800,0
1987-10-16,4.198675,4.4571375,4.137025,4.198675,710000,0
1987-10-19,3.1766375,4.17405,3.1766375,3.1766375,808600,0
1987-10-20,3.743025,4.1616375,3.2258875,3.743025,897400,0
1987-10-21,3.9153875,4.17405,3.644525,3.9153875,517100,0
1987-10-22,3.6691375,3.9646375,3.644525,3.6691375,554400,0
1987-10-23,3.743025,3.743025,3.5706375,3.743025,348500,0
1987-10-26,3.558425,3.68155,3.5213875,3.558425,262100,0
1987-10-27,3.7308,3.743025,3.558425,3.7308,311700,0
1987-10-28,3.853925,4.087775,3.5706375,3.853925,362500,0
1987-10-29,4.07555,4.100175,3.792275,4.07555,554200,0
1987-10-30,4.1616375,4.334025,4.1123875,4.1616375,436900,0
1987-11-02,4.186275,4.235525,4.087775,4.186275,180100,0
1987-11-03,4.1123875,4.137025,3.9646375,4.1123875,266400,0
1987-11-04,4.0263,4.07555,3.940025,4.0263,155200,0
1987-11-05,4.137025,4.137025,4.0138875,4.137025,151400,0
1987-11-06,3.989275,4.2108875,3.9153875,3.989275,247200,0
1987-11-09,3.8293,3.9278,3.792275,3.8293,158400,0
1987-11-10,3.792275,3.8293,3.693775,3.792275,136500,0
1987-11-11,3.8661375,3.940025,3.8168875,3.8661375,80000,0
1987-11-12,4.1123875,4.137025,3.989275,4.1123875,151200,0
1987-11-13,4.1123875,4.1616375,4.07555,4.1123875,282400,0
1987-11-16,4.2601375,4.3093875,4.137025,4.2601375,185700,0
1987-11-17,4.17405,4.2601375,4.087775,4.17405,186500,0
1987-11-18,4.1248,4.2108875,4.100175,4.1248,120100,0
1987-11-19,4.038525,4.17405,4.038525,4.038525,184900,0
1987-11-20,4.137025,4.186275,3.989275,4.137025,137300,0
1987-11-23,4.17405,4.2108875,4.087775,4.17405,57100,0
1987-11-24,4.3093875,4.3093875,4.186275,4.3093875,116100,0
1987-11-25,4.198675,4.334025,4.198675,4.198675,103000,0
1987-11-27,4.0631375,4.2108875,4.0631375,4.0631375,46800,0
1987-11-30,3.8661375,3.989275,3.7183875,3.8661375,236800,0
1987-12-01,3.890775,3.9278,3.8661375,3.890775,166000,0
1987-12-02,3.9153875,3.9278,3.853925,3.9153875,177400,0
1987-12-03,3.804675,3.9278,3.755425,3.804675,172000,0
1987-12-04,3.841525,3.841525,3.743025,3.841525,190400,0
1987-12-07,3.989275,3.989275,3.8168875,3.989275,68400,0
1987-12-08,4.137025,4.1616375,3.989275,4.137025,184100,0
1987-12-09,4.198675,4.235525,4.149425,4.198675,142800,0
1987-12-10,4.137025,4.235525,4.038525,4.137025,206900,0
1987-12-11,4.050925,4.186275,4.050925,4.050925,89700,0
1987-12-14,4.284775,4.334025,3.989275,4.284775,185100,0
1987-12-15,4.334025,4.37105,4.284775,4.334025,196500,0
1987-12-16,4.4078875,4.4203,4.346425,4.4078875,199800,0
1987-12-17,4.383275,4.494175,4.346425,4.383275,206500,0
1987-12-18,4.4203,4.4571375,4.383275,4.4203,321600,0
1987-12-21,4.4078875,4.4571375,4.395675,4.4078875,72400,0
1987-12-22,4.46955,4.46955,4.395675,4.46955,319200,0
1987-12-23,4.481775,4.580275,4.4571375,4.481775,187900,0
1987-12-24,4.4078875,4.5063875,4.334025,4.4078875,124900,0
1987-12-28,4.297175,4.346425,4.235525,4.297175,74300,0
1987-12-29,4.3093875,4.3586375,4.284775,4.3093875,46400,0
1987-12-30,4.4203,4.4203,4.297175,4.4203,61800,0
1987-12-31,4.4203,4.432525,4.346425,4.4203,75300,0
1988-01-04,4.444925,4.46955,4.4078875,4.444925,185100,0
1988-01-05,4.383275,4.5063875,4.383275,4.383275,239100,0
1988-01-06,4.346425,4.432525,4.346425,4.346425,196500,0
1988-01-07,4.334025,4.334025,4.235525,4.334025,150400,0
1988-01-08,3.9646375,4.334025,3.9646375,3.9646375,260800,0
1988-01-11,3.97705,4.1123875,3.890775,3.97705,322300,0
1988-01-12,3.841525,3.952425,3.755425,3.841525,486100,0
1988-01-13,3.8293,3.8661375,3.755425,3.8293,305600,0
1988-01-14,3.87855,3.890775,3.792275,3.87855,411000,0
1988-01-15,4.07555,4.137025,4.038525,4.07555,575800,0
1988-01-18,4.137025,4.137025,4.0631375,4.137025,201000,0
1988-01-19,4.1123875,4.1616375,4.050925,4.1123875,114000,0
1988-01-20,3.940025,4.1123875,3.890775,3.940025,229800,0
1988-01-21,3.9646375,3.989275,3.9278,3.9646375,196200,0
1988-01-22,4.149425,4.1616375,3.97705,4.149425,146300,0
1988-01-25,4.2108875,4.2108875,4.137025,4.2108875,195000,0
1988-01-26,4.149425,4.2108875,4.149425,4.149425,49600,0
1988-01-27,4.1123875,4.2108875,4.07555,4.1123875,164500,0
1988-01-28,4.186275,4.186275,4.1123875,4.186275,183200,0
1988-01-29,4.2108875,4.2233,4.186275,4.2108875,169300,0
1988-02-01,4.2108875,4.27255,4.198675,4.2108875,87800,0
1988-02-02,4.1616375,4.235525,4.1123875,4.1616375,92000,0
1988-02-03,4.038525,4.17405,4.0138875,4.038525,168800,0
1988-02-04,4.038525,4.07555,3.9646375,4.038525,109800,0
1988-02-05,4.0631375,4.100175,4.038525,4.0631375,77600,0
1988-02-08,4.0138875,4.050925,3.989275,4.0138875,72400,0
1988-02-09,4.038525,4.0631375,4.001675,4.038525,70700,0
1988-02-10,4.137025,4.198675,4.038525,4.137025,112900,0
1988-02-11,4.235525,4.2601375,4.1123875,4.235525,261000,0
1988-02-12,4.27255,4.284775,4.2108875,4.27255,182900,0
1988-02-16,4.297175,4.334025,4.2108875,4.297175,125900,0
1988-02-17,4.3093875,4.383275,4.284775,4.3093875,163500,0
1988-02-18,4.235525,4.334025,4.235525,4.235525,127400,0
1988-02-19,4.186275,4.2108875,4.149425,4.186275,111700,0
1988-02-22,4.2108875,4.2108875,4.1248,4.2108875,209100,0
1988-02-23,4.27255,4.284775,4.186275,4.27255,225400,0
1988-02-24,4.235525,4.284775,4.2233,4.235525,202000,0
1988-02-25,4.284775,4.3586375,4.247925,4.284775,506500,0
1988-02-26,4.383275,4.4203,4.297175,4.383275,202300,0
1988-02-29,4.5680625,4.5680625,4.4078875,4.5680625,370600,0
1988-03-01,4.5556375,4.6173125,4.5556375,4.5556375,245700,0
1988-03-02,4.531025,4.629525,4.531025,4.531025,136700,0
1988-03-03,4.6173125,4.6173125,4.5188125,4.6173125,68200,0
1988-03-04,4.6173125,4.6541375,4.531025,4.6173125,109800,0
1988-03-07,4.629525,4.629525,4.5556375,4.629525,103800,0
1988-03-08,4.6173125,4.6541375,4.6173125,4.6173125,152100,0
1988-03-09,4.629525,4.641925,4.592675,4.629525,93700,0
1988-03-10,4.432525,4.641925,4.432525,4.432525,343300,0
1988-03-11,4.444925,4.46955,4.4078875,4.444925,110300,0
1988-03-14,4.444925,4.4571375,4.432525,4.444925,44400,0
1988-03-15,4.432525,4.46955,4.4078875,4.432525,160500,0
1988-03-16,4.4571375,4.46955,4.4203,4.4571375,137900,0
1988-03-17,4.5188125,4.5556375,4.432525,4.5188125,328700,0
1988-03-18,4.5063875,4.531025,4.4571375,4.5063875,284000,0
1988-03-21,4.4203,4.481775,4.4078875,4.4203,100300,0
1988-03-22,4.37105,4.4571375,4.346425,4.37105,134400,0
1988-03-23,4.3586375,4.395675,4.3218,4.3586375,126700,0
1988-03-24,4.235525,4.297175,4.235525,4.235525,113500,0
1988-03-25,4.186275,4.284775,4.186275,4.186275,125900,0
1988-03-28,4.137025,4.235525,4.1123875,4.137025,226700,0
1988-03-29,4.198675,4.2233,4.1616375,4.198675,112900,0
1988-03-30,4.137025,4.2108875,4.137025,4.137025,90200,0
1988-03-31,4.186275,4.186275,4.100175,4.186275,120300,0
1988-04-04,4.001675,4.1616375,4.001675,4.001675,171000,0
1988-04-05,4.0631375,4.0631375,4.0138875,4.0631375,285600,0
1988-04-06,4.038525,4.0631375,4.0138875,4.038525,380900,0
1988-04-07,4.17405,4.2108875,4.087775,4.17405,181500,0
1988-04-08,4.346425,4.383275,4.198675,4.346425,179900,0
1988-04-11,4.3586375,4.37105,4.3093875,4.3586375,123500,0
1988-04-12,4.395675,4.395675,4.3093875,4.395675,152700,0
1988-04-13,4.37105,4.395675,4.3093875,4.37105,183400,0
1988-04-14,4.2108875,4.297175,4.1616375,4.2108875,226100,0
1988-04-15,4.1248,4.186275,4.07555,4.1248,183200,0
1988-04-18,4.050925,4.087775,4.0263,4.050925,177200,0
1988-04-19,4.0263,4.087775,4.0138875,4.0263,289400,0
1988-04-20,4.0263,4.050925,4.001675,4.0263,113200,0
1988-04-21,4.038525,4.0631375,4.001675,4.038525,255800,0
1988-04-22,4.0263,4.038525,3.9646375,4.0263,254400,0
1988-04-25,4.038525,4.038525,4.0138875,4.038525,96300,0
1988-04-26,4.07555,4.100175,4.0263,4.07555,275000,0
1988-04-27,4.0263,4.1248,4.0263,4.0263,152100,0
1988-04-28,4.001675,4.050925,3.97705,4.001675,119800,0
1988-04-29,3.940025,3.97705,3.890775,3.940025,235100,0
1988-05-02,3.9278,3.940025,3.87855,3.9278,229200,0
1988-05-03,3.9646375,4.0138875,3.9153875,3.9646375,255000,0
1988-05-04,3.97705,4.001675,3.940025,3.97705,174100,0
1988-05-05,3.9278,3.9646375,3.9153875,3.9278,241000,0
1988-05-06,3.9153875,3.952425,3.903175,3.9153875,135500,0
1988-05-09,3.890775,3.940025,3.853925,3.890775,220800,0
1988-05-10,3.853925,3.903175,3.792275,3.853925,222500,0
1988-05-11,3.8168875,3.841525,3.7676375,3.8168875,215000,0
1988-05-12,3.841525,3.890775,3.804675,3.841525,194100,0
1988-05-13,3.903175,3.9153875,3.841525,3.903175,136700,0
1988-05-16,3.841525,3.903175,3.8168875,3.841525,214200,0
1988-05-17,3.853925,3.890775,3.841525,3.853925,131900,0
1988-05-18,3.7183875,3.841525,3.706175,3.7183875,566800,0
1988-05-19,3.656925,3.743025,3.6198875,3.656925,392100,0
1988-05-20,3.706175,3.706175,3.644525,3.706175,275600,0
1988-05-23,3.693775,3.706175,3.6198875,3.693775,110300,0
1988-05-24,3.706175,3.706175,3.656925,3.706175,167800,0
1988-05-25,3.595275,3.693775,3.595275,3.595275,251400,0
1988-05-26,3.6691375,3.6691375,3.5706375,3.6691375,245600,0
1988-05-27,3.6691375,3.6691375,3.644525,3.6691375,91500,0
1988-05-31,3.8168875,3.8293,3.68155,3.8168875,124100,0
1988-06-01,3.940025,3.9646375,3.792275,3.940025,422900,0
1988-06-02,3.890775,3.9153875,3.8661375,3.890775,273900,0
1988-06-03,3.9153875,3.9153875,3.841525,3.9153875,178200,0
1988-06-06,3.940025,3.9646375,3.87855,3.940025,96500,0
1988-06-07,3.9646375,4.0138875,3.890775,3.9646375,384900,0
1988-06-08,4.0631375,4.087775,3.952425,4.0631375,334000,0
1988-06-09,4.087775,4.087775,4.038525,4.087775,317300,0
1988-06-10,4.0631375,4.100175,4.0263,4.0631375,247700,0
1988-06-13,4.038525,4.07555,4.0263,4.038525,122300,0
1988-06-14,4.0631375,4.1248,4.038525,4.0631375,354200,0
1988-06-15,3.989275,4.07555,3.952425,3.989275,273900,0
1988-06-16,3.903175,3.97705,3.853925,3.903175,205900,0
1988-06-17,3.903175,3.940025,3.87855,3.903175,273100,0
1988-06-20,3.87855,3.903175,3.853925,3.87855,87000,0
1988-06-21,3.87855,3.903175,3.853925,3.87855,212900,0
1988-06-22,3.952425,3.9646375,3.8661375,3.952425,338500,0
1988-06-23,4.17405,4.17405,3.989275,4.17405,332600,0
1988-06-24,4.137025,4.17405,4.100175,4.137025,186000,0
1988-06-27,4.001675,4.087775,4.001675,4.001675,80700,0
1988-06-28,3.940025,4.0138875,3.940025,3.940025,220000,0
1988-06-29,3.9153875,3.9646375,3.890775,3.9153875,211000,0
1988-06-30,3.989275,3.989275,3.903175,3.989275,188800,0
1988-07-01,3.940025,4.0138875,3.890775,3.940025,138300,0
1988-07-05,3.940025,3.940025,3.853925,3.940025,192500,0
1988-07-06,3.940025,3.9646375,3.9153875,3.940025,185100,0
1988-07-07,4.001675,4.0138875,3.87855,4.001675,369900,0
1988-07-08,3.97705,4.0263,3.952425,3.97705,381400,0
1988-07-11,3.9646375,3.989275,3.9153875,3.9646375,165000,0
1988-07-12,3.87855,3.9646375,3.841525,3.87855,190200,0
1988-07-13,3.890775,3.903175,3.78005,3.890775,319800,0
1988-07-14,3.841525,3.87855,3.8168875,3.841525,81600,0
1988-07-15,3.8168875,3.853925,3.792275,3.8168875,367100,0
1988-07-18,3.8168875,3.8293,3.7676375,3.8168875,93600,0
1988-07-19,3.78005,3.8293,3.706175,3.78005,235200,0
1988-07-20,3.7676375,3.804675,3.743025,3.7676375,133800,0
1988-07-21,3.7308,3.743025,3.68155,3.7308,275900,0
1988-07-22,3.706175,3.743025,3.693775,3.706175,123100,0
1988-07-25,3.755425,3.755425,3.693775,3.755425,74700,0
1988-07-26,3.743025,3.7676375,3.706175,3.743025,191900,0
1988-07-27,3.7308,3.78005,3.7308,3.7308,220000,0
1988-07-28,3.8168875,3.841525,3.7183875,3.8168875,198100,0
1988-07-29,3.87855,3.87855,3.8168875,3.87855,128800,0
1988-08-01,3.841525,3.87855,3.792275,3.841525,99700,0
1988-08-02,3.792275,3.841525,3.755425,3.792275,109400,0
1988-08-03,3.792275,3.8293,3.7676375,3.792275,161400,0
1988-08-04,3.8168875,3.8293,3.792275,3.8168875,108600,0
1988-08-05,3.792275,3.8293,3.743025,3.792275,257900,0
1988-08-08,3.7676375,3.8168875,3.7676375,3.7676375,96100,0
1988-08-09,3.743025,3.7676375,3.706175,3.743025,173600,0
1988-08-10,3.743025,3.743025,3.7183875,3.743025,138900,0
1988-08-11,3.755425,3.792275,3.7308,3.755425,180600,0
1988-08-12,3.755425,3.7676375,3.7308,3.755425,67000,0
1988-08-15,3.743025,3.7676375,3.7308,3.743025,283400,0
1988-08-16,3.792275,3.841525,3.706175,3.792275,163900,0
1988-08-17,3.7183875,3.804675,3.706175,3.7183875,181600,0
1988-08-18,3.7183875,3.743025,3.693775,3.7183875,336600,0
1988-08-19,3.743025,3.7676375,3.693775,3.743025,367800,0
1988-08-22,3.706175,3.743025,3.693775,3.706175,188800,0
1988-08-23,3.6691375,3.693775,3.644525,3.6691375,141700,0
1988-08-24,3.706175,3.7183875,3.656925,3.706175,92900,0
1988-08-25,3.7308,3.7676375,3.68155,3.7308,144900,0
1988-08-26,3.7308,3.755425,3.706175,3.7308,56000,0
1988-08-29,3.792275,3.792275,3.7308,3.792275,100600,0
1988-08-30,3.5338,3.78005,3.5213875,3.5338,1773900,0
1988-08-31,3.5706375,3.595275,3.558425,3.5706375,723400,0
1988-09-01,3.459925,3.558425,3.4475125,3.459925,550700,0
1988-09-02,3.4721375,3.5213875,3.4475125,3.4721375,554900,0
1988-09-06,3.459925,3.5213875,3.459925,3.459925,231600,0
1988-09-07,3.4353,3.4721375,3.410675,3.4353,366400,0
1988-09-08,3.48455,3.509175,3.4228875,3.48455,298200,0
1988-09-09,3.595275,3.6198875,3.459925,3.595275,345600,0
1988-09-12,3.6691375,3.7676375,3.595275,3.6691375,243900,0
1988-09-13,3.607675,3.6323,3.58305,3.607675,241600,0
1988-09-14,3.5338,3.6323,3.4721375,3.5338,761700,0
1988-09-15,3.546025,3.644525,3.4967625,3.546025,490400,0
1988-09-16,3.58305,3.58305,3.5213875,3.58305,366000,0
1988-09-19,3.595275,3.607675,3.5213875,3.595275,158800,0
1988-09-20,3.58305,3.6323,3.58305,3.58305,133400,0
1988-09-21,3.656925,3.68155,3.595275,3.656925,207500,0
1988-09-22,3.656925,3.755425,3.6323,3.656925,195700,0
1988-09-23,3.6198875,3.644525,3.558425,3.6198875,290200,0
1988-09-26,3.6323,3.6323,3.5706375,3.6323,83600,0
1988-09-27,3.644525,3.656925,3.6198875,3.644525,203600,0
1988-09-28,3.6198875,3.644525,3.595275,3.6198875,141400,0
1988-09-29,3.68155,3.7308,3.607675,3.68155,364000,0
1988-09-30,3.6323,3.6691375,3.6323,3.6323,200900,0
1988-10-03,3.693775,3.706175,3.595275,3.693775,277000,0
1988-10-04,3.644525,3.743025,3.644525,3.644525,140300,0
1988-10-05,3.7308,3.7676375,3.644525,3.7308,183700,0
1988-10-06,3.7183875,3.792275,3.693775,3.7183875,145200,0
1988-10-07,3.78005,3.78005,3.7183875,3.78005,336100,0
1988-10-10,3.706175,3.7676375,3.693775,3.706175,82100,0
1988-10-11,3.706175,3.7183875,3.656925,3.706175,96900,0
1988-10-12,3.6691375,3.68155,3.656925,3.6691375,131200,0
1988-10-13,3.7183875,3.7183875,3.656925,3.7183875,162400,0
1988-10-14,3.706175,3.743025,3.693775,3.706175,169300,0
1988-10-17,3.743025,3.743025,3.693775,3.743025,183000,0
1988-10-18,3.792275,3.804675,3.7308,3.792275,173400,0
1988-10-19,3.755425,3.8168875,3.743025,3.755425,204800,0
1988-10-20,3.7676375,3.792275,3.743025,3.7676375,284600,0
1988-10-21,3.7183875,3.78005,3.68155,3.7183875,338800,0
1988-10-24,3.6691375,3.7308,3.6691375,3.6691375,264000,0
1988-10-25,3.644525,3.6691375,3.644525,3.644525,177900,0
1988-10-26,3.6198875,3.6691375,3.58305,3.6198875,118900,0
1988-10-27,3.6323,3.6323,3.58305,3.6323,471700,0
1988-10-28,3.6691375,3.68155,3.607675,3.6691375,539700,0
1988-10-31,3.7308,3.7308,3.644525,3.7308,191900,0
1988-11-01,3.693775,3.7308,3.68155,3.693775,505500,0
1988-11-02,3.706175,3.7183875,3.693775,3.706175,175900,0
1988-11-03,3.693775,3.7183875,3.693775,3.693775,570200,0
1988-11-04,3.644525,3.755425,3.644525,3.644525,227500,0
1988-11-07,3.706175,3.7308,3.6323,3.706175,524300,0
1988-11-08,3.6691375,3.743025,3.6691375,3.6691375,217000,0
1988-11-09,3.706175,3.706175,3.644525,3.706175,195400,0
1988-11-10,3.693775,3.7183875,3.6691375,3.693775,261900,0
1988-11-11,3.656925,3.693775,3.656925,3.656925,187300,0
1988-11-14,3.6323,3.6691375,3.6198875,3.6323,162400,0
1988-11-15,3.6198875,3.644525,3.6198875,3.6198875,143600,0
1988-11-16,3.558425,3.644525,3.558425,3.558425,233300,0
1988-11-17,3.58305,3.6198875,3.5706375,3.58305,446500,0
1988-11-18,3.6323,3.6691375,3.595275,3.6323,125000,0
1988-11-21,3.6198875,3.6323,3.595275,3.6198875,457800,0
1988-11-22,3.6198875,3.6323,3.595275,3.6198875,324500,0
1988-11-23,3.6198875,3.644525,3.607675,3.6198875,180700,0
1988-11-25,3.644525,3.644525,3.595275,3.644525,111000,0
1988-11-28,3.6198875,3.6323,3.595275,3.6198875,200700,0
1988-11-29,3.693775,3.693775,3.595275,3.693775,126900,0
1988-11-30,3.706175,3.743025,3.68155,3.706175,160100,0
1988-12-01,3.7183875,3.755425,3.68155,3.7183875,74800,0
1988-12-02,3.755425,3.8168875,3.706175,3.755425,91000,0
1988-12-05,3.792275,3.8168875,3.7308,3.792275,163100,0
1988-12-06,3.804675,3.8168875,3.7676375,3.804675,169500,0
1988-12-07,3.841525,3.87855,3.792275,3.841525,196300,0
1988-12-08,3.853925,3.87855,3.804675,3.853925,93000,0
1988-12-09,3.890775,3.9278,3.8293,3.890775,132400,0
1988-12-12,3.890775,3.9153875,3.890775,3.890775,160600,0
1988-12-13,3.903175,3.9153875,3.87855,3.903175,156100,0
1988-12-14,3.890775,3.903175,3.890775,3.890775,96100,0
1988-12-15,3.8661375,3.903175,3.853925,3.8661375,80100,0
1988-12-16,3.9153875,3.9278,3.8168875,3.9153875,211200,0
1988-12-19,3.9278,3.9278,3.8661375,3.9278,164900,0
1988-12-20,3.890775,3.940025,3.890775,3.890775,134400,0
1988-12-21,3.9153875,3.9153875,3.8661375,3.9153875,158100,0
1988-12-22,3.9278,3.9278,3.8661375,3.9278,168000,0
1988-12-23,3.903175,3.940025,3.903175,3.903175,92500,0
1988-12-27,3.8661375,3.903175,3.853925,3.8661375,61100,0
1988-12-28,3.841525,3.890775,3.841525,3.841525,47100,0
1988-12-29,3.890775,3.9153875,3.841525,3.890775,124300,0
1988-12-30,3.8168875,3.9153875,3.8168875,3.8168875,157300,0
1989-01-03,3.8293,3.87855,3.804675,3.8293,92000,0
1989-01-04,3.87855,3.890775,3.841525,3.87855,125600,0
1989-01-05,3.890775,3.9278,3.841525,3.890775,143800,0
1989-01-06,3.952425,3.9646375,3.9153875,3.952425,209700,0
1989-01-09,3.8168875,3.87855,3.792275,3.8168875,397200,0
1989-01-10,3.841525,3.903175,3.8168875,3.841525,380500,0
1989-01-11,3.8661375,3.87855,3.804675,3.8661375,225300,0
1989-01-12,3.890775,3.9278,3.8661375,3.890775,154400,0
1989-01-13,3.9646375,3.989275,3.890775,3.9646375,257000,0
1989-01-16,4.038525,4.07555,4.001675,4.038525,189800,0
1989-01-17,3.853925,3.9278,3.841525,3.853925,687200,0
1989-01-18,3.841525,3.8661375,3.8168875,3.841525,519200,0
1989-01-19,3.8661375,3.87855,3.8168875,3.8661375,430100,0
1989-01-20,3.890775,3.890775,3.841525,3.890775,224200,0
1989-01-23,3.78005,3.890775,3.78005,3.78005,207400,0
1989-01-24,3.78005,3.841525,3.7308,3.78005,300000,0
1989-01-25,3.792275,3.8168875,3.7676375,3.792275,299500,0
1989-01-26,3.853925,3.8661375,3.755425,3.853925,321100,0
1989-01-27,3.87855,3.903175,3.841525,3.87855,446300,0
1989-01-30,3.890775,3.9153875,3.87855,3.890775,237100,0
1989-01-31,3.9153875,3.940025,3.890775,3.9153875,247200,0
1989-02-01,3.989275,4.038525,3.9153875,3.989275,256800,0
1989-02-02,4.038525,4.038525,3.952425,4.038525,169900,0
1989-02-03,4.0138875,4.0263,3.97705,4.0138875,167300,0
1989-02-06,3.952425,4.0263,3.940025,3.952425,161800,0
1989-02-07,4.001675,4.0138875,3.940025,4.001675,547100,0
1989-02-08,4.0263,4.038525,3.989275,4.0263,223800,0
1989-02-09,3.940025,4.0263,3.940025,3.940025,294600,0
1989-02-10,3.841525,3.903175,3.8168875,3.841525,277200,0
1989-02-13,3.8293,3.8661375,3.804675,3.8293,136700,0
1989-02-14,3.853925,3.890775,3.841525,3.853925,68900,0
1989-02-15,3.8661375,3.890775,3.841525,3.8661375,104600,0
1989-02-16,3.841525,3.890775,3.8168875,3.841525,176100,0
1989-02-17,3.841525,3.841525,3.8168875,3.841525,299900,0
1989-02-21,3.743025,3.841525,3.7183875,3.743025,545700,0
1989-02-22,3.7183875,3.755425,3.693775,3.7183875,398300,0
1989-02-23,3.693775,3.7308,3.6691375,3.693775,237900,0
1989-02-24,3.6691375,3.7183875,3.6691375,3.6691375,452800,0
1989-02-27,3.644525,3.68155,3.644525,3.644525,105600,0
1989-02-28,3.6691375,3.7183875,3.6691375,3.6691375,285300,0
1989-03-01,3.6198875,3.755425,3.6198875,3.6198875,584200,0
1989-03-02,3.656925,3.656925,3.595275,3.656925,338900,0
1989-03-03,3.607675,3.644525,3.595275,3.607675,238900,0
1989-03-06,3.6323,3.6323,3.58305,3.6323,311800,0
1989-03-07,3.607675,3.6323,3.595275,3.607675,285700,0
1989-03-08,3.595275,3.6198875,3.5706375,3.595275,244400,0
1989-03-09,3.607675,3.6198875,3.58305,3.607675,164200,0
1989-03-10,3.5706375,3.6198875,3.5706375,3.5706375,204900,0
1989-03-13,3.58305,3.607675,3.58305,3.58305,86400,0
1989-03-14,3.595275,3.607675,3.58305,3.595275,171300,0
1989-03-15,3.595275,3.6198875,3.58305,3.595275,153800,0
1989-03-16,3.58305,3.607675,3.58305,3.58305,237900,0
1989-03-17,3.546025,3.5706375,3.5213875,3.546025,451800,0
1989-03-20,3.546025,3.5706375,3.5338,3.546025,420600,0
1989-03-21,3.546025,3.595275,3.546025,3.546025,273000,0
1989-03-22,3.558425,3.58305,3.5338,3.558425,215400,0
1989-03-23,3.595275,3.607675,3.558425,3.595275,150600,0
1989-03-27,3.6198875,3.6198875,3.558425,3.6198875,131700,0
1989-03-28,3.6198875,3.644525,3.58305,3.6198875,176200,0
1989-03-29,3.58305,3.6323,3.5706375,3.58305,154100,0
1989-03-30,3.595275,3.6198875,3.58305,3.595275,131100,0
1989-03-31,3.595275,3.6198875,3.595275,3.595275,135200,0
1989-04-03,3.644525,3.6691375,3.607675,3.644525,158200,0
1989-04-04,3.656925,3.6691375,3.607675,3.656925,184800,0
1989-04-05,3.68155,3.693775,3.656925,3.68155,135400,0
1989-04-06,3.706175,3.7183875,3.6691375,3.706175,119300,0
1989-04-07,3.755425,3.7676375,3.693775,3.755425,253800,0
1989-04-10,3.755425,3.755425,3.7308,3.755425,83700,0
1989-04-11,3.755425,3.7676375,3.7308,3.755425,106600,0
1989-04-12,3.804675,3.8168875,3.755425,3.804675,136400,0
1989-04-13,3.804675,3.8168875,3.7676375,3.804675,203400,0
1989-04-14,3.8293,3.8293,3.78005,3.8293,154100,0
1989-04-17,3.8661375,3.890775,3.78005,3.8661375,268500,0
1989-04-18,3.87855,3.903175,3.8661375,3.87855,487900,0
1989-04-19,3.9278,3.9646375,3.890775,3.9278,550300,0
1989-04-20,3.903175,3.9278,3.853925,3.903175,337000,0
1989-04-21,3.9153875,3.9278,3.8661375,3.9153875,249600,0
1989-04-24,3.853925,3.9153875,3.841525,3.853925,84300,0
1989-04-25,3.841525,3.890775,3.8168875,3.841525,321600,0
1989-04-26,3.853925,3.8661375,3.8168875,3.853925,132600,0
1989-04-27,3.8661375,3.9153875,3.841525,3.8661375,207000,0
1989-04-28,3.841525,3.8661375,3.841525,3.841525,182400,0
1989-05-01,3.8293,3.841525,3.792275,3.8293,166800,0
1989-05-02,3.792275,3.8661375,3.792275,3.792275,138800,0
1989-05-03,3.841525,3.841525,3.7676375,3.841525,124500,0
1989-05-04,3.804675,3.853925,3.792275,3.804675,153200,0
1989-05-05,3.804675,3.841525,3.78005,3.804675,125400,0
1989-05-08,3.7308,3.755425,3.7183875,3.7308,123000,0
1989-05-09,3.7676375,3.792275,3.7183875,3.7676375,142700,0
1989-05-10,3.804675,3.8168875,3.7676375,3.804675,138400,0
1989-05-11,3.8168875,3.8293,3.792275,3.8168875,107000,0
1989-05-12,3.853925,3.87855,3.841525,3.853925,301200,0
1989-05-15,3.8661375,3.87855,3.841525,3.8661375,185100,0
1989-05-16,3.8661375,3.890775,3.841525,3.8661375,183900,0
1989-05-17,3.9278,3.952425,3.841525,3.9278,241000,0
1989-05-18,3.903175,3.952425,3.890775,3.903175,84400,0
1989-05-19,3.792275,3.890775,3.7183875,3.792275,686100,0
1989-05-22,3.8168875,3.841525,3.743025,3.8168875,508200,0
1989-05-23,3.7308,3.792275,3.7308,3.7308,358800,0
1989-05-24,3.78005,3.78005,3.7308,3.78005,196000,0
1989-05-25,3.7676375,3.8168875,3.743025,3.7676375,104400,0
1989-05-26,3.7676375,3.8168875,3.755425,3.7676375,135300,0
1989-05-30,3.755425,3.792275,3.755425,3.755425,174900,0
1989-05-31,3.841525,3.8661375,3.743025,3.841525,282200,0
1989-06-01,3.8293,3.890775,3.8168875,3.8293,154800,0
1989-06-02,3.87855,3.9153875,3.8293,3.87855,195100,0
1989-06-05,3.841525,3.9278,3.8293,3.841525,329400,0
1989-06-06,3.9153875,3.9278,3.841525,3.9153875,169300,0
1989-06-07,3.940025,3.940025,3.890775,3.940025,150400,0
1989-06-08,3.9646375,3.97705,3.9153875,3.9646375,161700,0
1989-06-09,3.9646375,3.97705,3.940025,3.9646375,124300,0
1989-06-12,4.0263,4.07555,3.9153875,4.0263,208800,0
1989-06-13,3.9646375,4.038525,3.9646375,3.9646375,167100,0
1989-06-14,3.97705,3.989275,3.940025,3.97705,110400,0
1989-06-15,3.903175,3.989275,3.87855,3.903175,178100,0
1989-06-16,3.952425,3.97705,3.841525,3.952425,264000,0
1989-06-19,3.940025,4.0138875,3.9278,3.940025,153200,0
1989-06-20,4.0263,4.0263,3.940025,4.0263,274100,0
1989-06-21,3.940025,4.0263,3.940025,3.940025,131600,0
1989-06-22,3.9646375,3.989275,3.940025,3.9646375,79200,0
1989-06-23,4.0263,4.0263,3.952425,4.0263,90200,0
1989-06-26,4.001675,4.038525,3.989275,4.001675,115600,0
1989-06-27,4.050925,4.087775,3.97705,4.050925,213500,0
1989-06-28,4.038525,4.07555,4.001675,4.038525,172100,0
1989-06-29,3.9646375,4.0138875,3.9646375,3.9646375,205200,0
1989-06-30,3.952425,3.989275,3.8661375,3.952425,299600,0
1989-07-03,3.9278,3.940025,3.903175,3.9278,66800,0
1989-07-05,3.9646375,3.9646375,3.9278,3.9646375,111400,0
1989-07-06,3.9278,3.952425,3.903175,3.9278,109400,0
1989-07-07,3.952425,3.952425,3.890775,3.952425,82000,0
1989-07-10,3.989275,4.001675,3.952425,3.989275,98400,0
1989-07-11,4.087775,4.1123875,3.9646375,4.087775,101700,0
1989-07-12,4.07555,4.07555,4.0263,4.07555,119700,0
1989-07-13,4.050925,4.100175,4.038525,4.050925,47400,0
1989-07-14,4.087775,4.087775,3.9646375,4.087775,114900,0
1989-07-17,4.038525,4.087775,4.0138875,4.038525,85600,0
1989-07-18,4.001675,4.038525,3.9646375,4.001675,46600,0
1989-07-19,4.0263,4.050925,3.989275,4.0263,237400,0
1989-07-20,3.952425,4.050925,3.952425,3.952425,187800,0
1989-07-21,4.001675,4.038525,3.989275,4.001675,202700,0
1989-07-24,3.940025,4.0138875,3.940025,3.940025,114700,0
1989-07-25,3.9646375,3.97705,3.940025,3.9646375,324200,0
1989-07-26,3.989275,3.989275,3.952425,3.989275,70800,0
1989-07-27,3.940025,4.001675,3.940025,3.940025,87200,0
1989-07-28,3.952425,3.9646375,3.9153875,3.952425,110400,0
1989-07-31,3.989275,3.989275,3.9278,3.989275,138100,0
1989-08-01,4.001675,4.0263,3.9646375,4.001675,284100,0
1989-08-02,4.038525,4.050925,3.989275,4.038525,201200,0
1989-08-03,3.989275,4.038525,3.989275,3.989275,165400,0
1989-08-04,3.9646375,4.038525,3.952425,3.9646375,346400,0
1989-08-07,4.07555,4.07555,3.9646375,4.07555,275200,0
1989-08-08,4.17405,4.17405,4.0631375,4.17405,249300,0
1989-08-09,4.198675,4.235525,4.149425,4.198675,201200,0
1989-08-10,4.235525,4.235525,4.17405,4.235525,164400,0
1989-08-11,4.2108875,4.3093875,4.186275,4.2108875,152800,0
1989-08-14,4.149425,4.2108875,4.137025,4.149425,79300,0
1989-08-15,4.186275,4.198675,4.17405,4.186275,51000,0
1989-08-16,4.2108875,4.2233,4.198675,4.2108875,100200,0
1989-08-17,4.2108875,4.235525,4.2108875,4.2108875,91200,0
1989-08-18,4.087775,4.186275,3.9646375,4.087775,748100,0
1989-08-21,4.038525,4.100175,4.038525,4.038525,149000,0
1989-08-22,4.050925,4.07555,4.038525,4.050925,112000,0
1989-08-23,4.149425,4.149425,4.050925,4.149425,121800,0
1989-08-24,4.247925,4.2601375,4.137025,4.247925,166600,0
1989-08-25,4.235525,4.247925,4.186275,4.235525,107000,0
1989-08-28,4.2601375,4.2601375,4.186275,4.2601375,56100,0
1989-08-29,4.334025,4.383275,4.27255,4.334025,301400,0
1989-08-30,4.2601375,4.3586375,4.2601375,4.2601375,119200,0
1989-08-31,4.247925,4.27255,4.235525,4.247925,93700,0
1989-09-01,4.297175,4.3218,4.198675,4.297175,283500,0
1989-09-05,4.334025,4.3586375,4.3093875,4.334025,138000,0
1989-09-06,4.297175,4.334025,4.284775,4.297175,119100,0
1989-09-07,4.383275,4.395675,4.3218,4.383275,162000,0
1989-09-08,4.37105,4.383275,4.334025,4.37105,169700,0
1989-09-11,4.334025,4.383275,4.3093875,4.334025,193400,0
1989-09-12,4.334025,4.346425,4.3093875,4.334025,175200,0
1989-09-13,4.346425,4.395675,4.334025,4.346425,235600,0
1989-09-14,4.3218,4.346425,4.3218,4.3218,112100,0
1989-09-15,4.3586375,4.3586375,4.3218,4.3586375,174500,0
1989-09-18,4.334025,4.383275,4.334025,4.334025,39700,0
1989-09-19,4.37105,4.37105,4.334025,4.37105,131400,0
1989-09-20,4.395675,4.444925,4.346425,4.395675,311400,0
1989-09-21,4.4203,4.481775,4.395675,4.4203,244300,0
1989-09-22,4.4571375,4.5063875,4.432525,4.4571375,201500,0
1989-09-25,4.46955,4.46955,4.432525,4.46955,210700,0
1989-09-26,4.5063875,4.580275,4.481775,4.5063875,317800,0
1989-09-27,4.494175,4.5188125,4.46955,4.494175,60700,0
1989-09-28,4.6048875,4.6048875,4.494175,4.6048875,222200,0
1989-09-29,4.6173125,4.629525,4.580275,4.6173125,165700,0
1989-10-02,4.5680625,4.592675,4.531025,4.5680625,45800,0
1989-10-03,4.629525,4.6665625,4.580275,4.629525,312600,0
1989-10-04,4.740425,4.777275,4.6541375,4.740425,273100,0
1989-10-05,4.75265,4.777275,4.7033875,4.75265,156500,0
1989-10-06,4.75265,4.777275,4.740425,4.75265,81800,0
1989-10-09,4.728025,4.740425,4.7033875,4.728025,35000,0
1989-10-10,4.7650625,4.777275,4.7033875,4.7650625,213000,0
1989-10-11,4.728025,4.75265,4.691175,4.728025,109000,0
1989-10-12,4.777275,4.789675,4.691175,4.777275,144400,0
1989-10-13,4.432525,4.777275,4.383275,4.432525,333200,0
1989-10-16,4.5063875,4.5556375,4.334025,4.5063875,358000,0
1989-10-17,4.580275,4.6541375,4.5063875,4.580275,198400,0
1989-10-18,4.629525,4.7033875,4.5680625,4.629525,110400,0
1989-10-19,4.8143125,4.85115,4.6541375,4.8143125,127500,0
1989-10-20,4.8143125,4.875775,4.777275,4.8143125,165800,0
1989-10-23,4.740425,4.85115,4.728025,4.740425,92500,0
1989-10-24,4.974275,4.9989,4.6541375,4.974275,623200,0
1989-10-25,4.8019,4.937425,4.777275,4.8019,259900,0
1989-10-26,4.8019,4.85115,4.7033875,4.8019,159600,0
1989-10-27,4.580275,4.777275,4.531025,4.580275,329400,0
1989-10-30,4.6048875,4.6048875,4.5680625,4.6048875,217200,0
1989-10-31,4.629525,4.629525,4.580275,4.629525,144700,0
1989-11-01,4.580275,4.629525,4.543425,4.580275,89700,0
1989-11-02,4.4571375,4.580275,4.444925,4.4571375,76500,0
1989-11-03,4.4203,4.4571375,4.4078875,4.4203,79300,0
1989-11-06,4.383275,4.4203,4.3586375,4.383275,62900,0
1989-11-07,4.444925,4.4571375,4.37105,4.444925,126300,0
1989-11-08,4.5063875,4.580275,4.432525,4.5063875,185500,0
1989-11-09,4.531025,4.543425,4.481775,4.531025,86600,0
1989-11-10,4.543425,4.5680625,4.5188125,4.543425,75100,0
1989-11-13,4.5680625,4.580275,4.531025,4.5680625,42400,0
1989-11-14,4.580275,4.6048875,4.5556375,4.580275,90100,0
1989-11-15,4.6173125,4.641925,4.5556375,4.6173125,125800,0
1989-11-16,4.641925,4.678775,4.6173125,4.641925,86500,0
1989-11-17,4.678775,4.728025,4.6541375,4.678775,53100,0
1989-11-20,4.6541375,4.6541375,4.6048875,4.6541375,92100,0
1989-11-21,4.728025,4.728025,4.6541375,4.728025,82300,0
1989-11-22,4.629525,4.678775,4.6048875,4.629525,180500,0
1989-11-24,4.7033875,4.728025,4.6541375,4.7033875,123700,0
1989-11-27,4.789675,4.789675,4.7158125,4.789675,132600,0
1989-11-28,4.8635625,4.8635625,4.777275,4.8635625,179900,0
1989-11-29,4.777275,4.875775,4.777275,4.777275,219500,0
1989-11-30,4.8019,4.8019,4.728025,4.8019,139700,0
1989-12-01,4.789675,4.9004,4.789675,4.789675,136000,0
1989-12-04,4.826525,4.8635625,4.789675,4.826525,70900,0
1989-12-05,4.728025,4.838925,4.7158125,4.728025,151100,0
1989-12-06,4.678775,4.7033875,4.629525,4.678775,128300,0
1989-12-07,4.6048875,4.678775,4.592675,4.6048875,183400,0
1989-12-08,4.580275,4.629525,4.543425,4.580275,167200,0
1989-12-11,4.5680625,4.580275,4.531025,4.5680625,182100,0
1989-12-12,4.494175,4.5556375,4.481775,4.494175,248500,0
1989-12-13,4.5063875,4.592675,4.4571375,4.5063875,355800,0
1989-12-14,4.678775,4.7033875,4.6048875,4.678775,271000,0
1989-12-15,4.678775,4.7158125,4.6541375,4.678775,307600,0
1989-12-18,4.691175,4.740425,4.678775,4.691175,174600,0
1989-12-19,4.7033875,4.728025,4.6665625,4.7033875,142300,0
1989-12-20,4.678775,4.728025,4.6665625,4.678775,147700,0
1989-12-21,4.6541375,4.7033875,4.629525,4.6541375,154700,0
1989-12-22,4.641925,4.6665625,4.629525,4.641925,68900,0
1989-12-26,4.691175,4.7158125,4.629525,4.691175,74800,0
1989-12-27,4.777275,4.777275,4.678775,4.777275,113200,0
1989-12-28,4.826525,4.826525,4.75265,4.826525,55300,0
1989-12-29,4.826525,4.826525,4.8019,4.826525,94000,0
1990-01-02,4.9128125,4.9128125,4.728025,4.9128125,130400,0
1990-01-03,4.888175,4.9128125,4.838925,4.888175,111800,0
1990-01-04,4.8635625,4.9004,4.85115,4.8635625,71900,0
1990-01-05,4.826525,4.8635625,4.8143125,4.826525,130100,0
1990-01-08,4.838925,4.8635625,4.8019,4.838925,134200,0
1990-01-09,4.75265,4.8635625,4.75265,4.75265,105200,0
1990-01-10,4.7033875,4.75265,4.6048875,4.7033875,120700,0
1990-01-11,4.7650625,4.826525,4.7033875,4.7650625,114600,0
1990-01-12,4.8019,4.8019,4.6665625,4.8019,194700,0
1990-01-15,4.7158125,4.7650625,4.7033875,4.7158125,171000,0
1990-01-16,4.8019,4.826525,4.629525,4.8019,219900,0
1990-01-17,4.728025,4.826525,4.7033875,4.728025,217800,0
1990-01-18,4.728025,4.75265,4.6541375,4.728025,112200,0
1990-01-19,4.8143125,4.826525,4.7033875,4.8143125,224400,0
1990-01-22,4.7650625,4.826525,4.740425,4.7650625,165800,0
1990-01-23,4.740425,4.777275,4.7033875,4.740425,193000,0
1990-01-24,4.75265,4.777275,4.691175,4.75265,162800,0
1990-01-25,4.789675,4.826525,4.7650625,4.789675,211400,0
1990-01-26,4.75265,4.85115,4.728025,4.75265,280400,0
1990-01-29,4.7033875,4.789675,4.641925,4.7033875,243400,0
1990-01-30,4.7033875,4.75265,4.6541375,4.7033875,190100,0
1990-01-31,4.629525,4.678775,4.6048875,4.629525,275300,0
1990-02-01,4.740425,4.75265,4.6173125,4.740425,179000,0
1990-02-02,4.740425,4.75265,4.7033875,4.740425,198200,0
1990-02-05,4.728025,4.740425,4.7158125,4.728025,97000,0
1990-02-06,4.789675,4.789675,4.7158125,4.789675,157200,0
1990-02-07,4.9128125,4.925025,4.7650625,4.9128125,365800,0
1990-02-08,4.8635625,4.937425,4.8635625,4.8635625,346900,0
1990-02-09,4.925025,4.937425,4.875775,4.925025,95700,0
1990-02-12,4.8635625,4.925025,4.85115,4.8635625,102000,0
1990-02-13,4.8635625,4.875775,4.8019,4.8635625,288900,0
1990-02-14,4.8143125,4.8635625,4.8019,4.8143125,127700,0
1990-02-15,4.94965,4.94965,4.8143125,4.94965,412700,0
1990-02-16,4.986675,4.9989,4.94965,4.986675,272000,0
1990-02-20,4.974275,4.9989,4.94965,4.974275,430700,0
1990-02-21,4.9004,4.94965,4.9004,4.9004,429200,0
1990-02-22,4.888175,4.9620625,4.875775,4.888175,279500,0
1990-02-23,4.888175,4.9128125,4.8019,4.888175,195700,0
1990-02-26,4.937425,4.9620625,4.888175,4.937425,114300,0
1990-02-27,4.974275,5.0605625,4.925025,4.974275,198800,0
1990-02-28,4.94965,5.023525,4.937425,4.94965,159700,0
1990-03-01,4.9004,4.986675,4.888175,4.9004,223300,0
1990-03-02,4.9989,5.023525,4.875775,4.9989,331800,0
1990-03-05,5.072775,5.134425,5.04815,5.072775,256100,0
1990-03-06,5.1959,5.1959,5.04815,5.1959,243500,0
1990-03-07,5.24515,5.269775,5.1959,5.24515,355900,0
1990-03-08,5.220525,5.269775,5.171275,5.220525,319500,0
1990-03-09,5.122025,5.1959,5.0974,5.122025,292700,0
1990-03-12,5.122025,5.134425,5.0974,5.122025,170100,0
1990-03-13,5.023525,5.14665,5.023525,5.023525,192900,0
1990-03-14,5.072775,5.085175,4.9989,5.072775,143600,0
1990-03-15,5.1098125,5.1098125,5.023525,5.1098125,193700,0
1990-03-16,5.2575625,5.269775,5.171275,5.2575625,329700,0
1990-03-19,5.2575625,5.269775,5.1959,5.2575625,152000,0
1990-03-20,5.24515,5.3068125,5.183675,5.24515,332200,0
1990-03-21,5.282175,5.282175,5.2083125,5.282175,363300,0
1990-03-22,5.14665,5.2944,5.122025,5.14665,206400,0
1990-03-23,5.171275,5.2083125,5.122025,5.171275,117100,0
1990-03-26,5.122025,5.183675,5.122025,5.122025,129400,0
1990-03-27,5.122025,5.122025,5.023525,5.122025,194200,0
1990-03-28,5.1098125,5.134425,5.085175,5.1098125,137600,0
1990-03-29,5.171275,5.2083125,5.1098125,5.171275,109400,0
1990-03-30,5.2575625,5.269775,5.1098125,5.2575625,221400,0
1990-04-02,5.282175,5.2944,5.183675,5.282175,124800,0
1990-04-03,5.269775,5.368275,5.232925,5.269775,230900,0
1990-04-04,5.319025,5.368275,5.282175,5.319025,296800,0
1990-04-05,5.3068125,5.34365,5.2944,5.3068125,168200,0
1990-04-06,5.3068125,5.319025,5.24515,5.3068125,114500,0
1990-04-09,5.232925,5.34365,5.232925,5.232925,94300,0
1990-04-10,5.220525,5.2944,5.220525,5.220525,75500,0
1990-04-11,5.2575625,5.2944,5.232925,5.2575625,131600,0
1990-04-12,5.319025,5.3929,5.282175,5.319025,257300,0
1990-04-16,5.319025,5.34365,5.3068125,5.319025,451800,0
1990-04-17,5.2575625,5.319025,5.2575625,5.2575625,81000,0
1990-04-18,5.220525,5.3068125,5.183675,5.220525,219000,0
1990-04-19,5.1098125,5.2575625,5.085175,5.1098125,120900,0
1990-04-20,5.0113125,5.134425,4.974275,5.0113125,126000,0
1990-04-23,4.9989,5.035925,4.9620625,4.9989,95000,0
1990-04-24,4.9989,5.072775,4.9620625,4.9989,88300,0
1990-04-25,4.9989,5.0113125,4.974275,4.9989,68300,0
1990-04-26,5.023525,5.072775,4.94965,5.023525,109100,0
1990-04-27,4.925025,5.023525,4.9004,4.925025,192600,0
1990-04-30,4.9620625,4.974275,4.925025,4.9620625,107100,0
1990-05-01,5.023525,5.035925,4.925025,5.023525,118200,0
1990-05-02,5.0974,5.122025,5.023525,5.0974,117900,0
1990-05-03,5.134425,5.14665,5.04815,5.134425,105900,0
1990-05-04,5.1959,5.1959,5.122025,5.1959,65800,0
1990-05-07,5.319025,5.319025,5.183675,5.319025,177800,0
1990-05-08,5.2944,5.319025,5.269775,5.2944,110700,0
1990-05-09,5.282175,5.3068125,5.24515,5.282175,73200,0
1990-05-10,5.2944,5.319025,5.282175,5.2944,78200,0
1990-05-11,5.368275,5.417525,5.2944,5.368275,163100,0
1990-05-14,5.528425,5.614525,5.380675,5.528425,296200,0
1990-05-15,5.4914,5.54065,5.417525,5.4914,141400,0
1990-05-16,5.4914,5.5038125,5.4053125,5.4914,170800,0
1990-05-17,5.5530625,5.577675,5.4914,5.5530625,124600,0
1990-05-18,5.6515625,5.6515625,5.528425,5.6515625,118500,0
1990-05-21,5.713025,5.762275,5.5899,5.713025,171000,0
1990-05-22,5.614525,5.762275,5.5899,5.614525,137100,0
1990-05-23,5.6515625,5.6515625,5.577675,5.6515625,227500,0
1990-05-24,5.63915,5.6515625,5.614525,5.63915,145200,0
1990-05-25,5.54065,5.614525,5.54065,5.54065,47100,0
1990-05-29,5.713025,5.73765,5.479175,5.713025,133800,0
1990-05-30,5.63915,5.762275,5.626925,5.63915,178800,0
1990-05-31,5.6761875,5.713025,5.63915,5.6761875,115200,0
1990-06-01,5.6761875,5.7500625,5.663775,5.6761875,69100,0
1990-06-04,5.73765,5.7869,5.6515625,5.73765,108000,0
1990-06-05,5.7008125,5.7746875,5.6884,5.7008125,149300,0
1990-06-06,5.626925,5.6884,5.626925,5.626925,107800,0
1990-06-07,5.5899,5.6515625,5.4914,5.5899,118000,0
1990-06-08,5.516025,5.577675,5.466775,5.516025,92800,0
1990-06-11,5.516025,5.516025,5.417525,5.516025,90400,0
1990-06-12,5.626925,5.63915,5.516025,5.626925,112700,0
1990-06-13,5.5899,5.63915,5.565275,5.5899,115300,0
1990-06-14,5.479175,5.577675,5.44215,5.479175,100100,0
1990-06-15,5.417525,5.44215,5.368275,5.417525,212500,0
1990-06-18,5.429925,5.466775,5.4053125,5.429925,155800,0
1990-06-19,5.4053125,5.44215,5.4053125,5.4053125,154100,0
1990-06-20,5.44215,5.4545625,5.4053125,5.44215,129100,0
1990-06-21,5.479175,5.479175,5.417525,5.479175,169300,0
1990-06-22,5.5038125,5.54065,5.4914,5.5038125,109100,0
1990-06-25,5.417525,5.516025,5.417525,5.417525,125100,0
1990-06-26,5.4053125,5.5038125,5.368275,5.4053125,180400,0
1990-06-27,5.4053125,5.417525,5.3560625,5.4053125,134200,0
1990-06-28,5.4053125,5.417525,5.368275,5.4053125,210500,0
1990-06-29,5.44215,5.479175,5.417525,5.44215,140900,0
1990-07-02,5.4914,5.5038125,5.417525,5.4914,64100,0
1990-07-03,5.5530625,5.5899,5.4914,5.5530625,146200,0
1990-07-05,5.54065,5.614525,5.466775,5.54065,101400,0
1990-07-06,5.4914,5.54065,5.466775,5.4914,114000,0
1990-07-09,5.466775,5.516025,5.44215,5.466775,69600,0
1990-07-10,5.3929,5.466775,5.34365,5.3929,123700,0
1990-07-11,5.5530625,5.5530625,5.417525,5.5530625,179500,0
1990-07-12,5.6515625,5.663775,5.54065,5.6515625,267900,0
1990-07-13,5.7008125,5.7254375,5.63915,5.7008125,126300,0
1990-07-16,5.7993125,5.811525,5.6761875,5.7993125,96100,0
1990-07-17,5.93465,5.93465,5.83615,5.93465,152600,0
1990-07-18,5.811525,5.910025,5.762275,5.811525,224900,0
1990-07-19,5.7008125,5.762275,5.63915,5.7008125,150700,0
1990-07-20,5.516025,5.6761875,5.516025,5.516025,245500,0
1990-07-23,5.2944,5.4914,5.269775,5.2944,294900,0
1990-07-24,5.368275,5.368275,5.24515,5.368275,232700,0
1990-07-25,5.417525,5.417525,5.319025,5.417525,81600,0
1990-07-26,5.319025,5.3929,5.2944,5.319025,161300,0
1990-07-27,5.269775,5.319025,5.232925,5.269775,90200,0
1990-07-30,5.282175,5.282175,5.183675,5.282175,77600,0
1990-07-31,5.1959,5.319025,5.1590625,5.1959,183600,0
1990-08-01,5.1959,5.232925,5.183675,5.1959,136200,0
1990-08-02,5.1959,5.220525,5.134425,5.1959,184900,0
1990-08-03,5.1098125,5.171275,4.9989,5.1098125,204100,0
1990-08-06,4.925025,4.9989,4.9004,4.925025,222200,0
1990-08-07,4.9128125,5.023525,4.875775,4.9128125,265700,0
1990-08-08,4.937425,4.94965,4.9004,4.937425,232900,0
1990-08-09,5.04815,5.04815,4.925025,5.04815,104200,0
1990-08-10,5.023525,5.0974,4.9989,5.023525,118900,0
1990-08-13,4.9989,5.0113125,4.94965,4.9989,159000,0
1990-08-14,4.9989,5.023525,4.9989,4.9989,138700,0
1990-08-15,5.1098125,5.14665,5.023525,5.1098125,109900,0
1990-08-16,4.9620625,5.085175,4.94965,4.9620625,423300,0
1990-08-17,4.826525,4.925025,4.7650625,4.826525,391100,0
1990-08-20,4.875775,4.875775,4.826525,4.875775,190400,0
1990-08-21,4.728025,4.85115,4.691175,4.728025,284800,0
1990-08-22,4.7650625,4.8143125,4.7158125,4.7650625,183100,0
1990-08-23,4.678775,4.7158125,4.6048875,4.678775,335600,0
1990-08-24,4.75265,4.75265,4.6665625,4.75265,187800,0
1990-08-27,4.974275,4.9989,4.8019,4.974275,156500,0
1990-08-28,4.986675,5.0113125,4.9620625,4.986675,176500,0
1990-08-29,4.9620625,5.035925,4.937425,4.9620625,190700,0
1990-08-30,4.9004,4.974275,4.8635625,4.9004,140300,0
1990-08-31,4.9620625,4.9620625,4.875775,4.9620625,124900,0
1990-09-04,4.986675,4.986675,4.925025,4.986675,81300,0
1990-09-05,4.986675,5.023525,4.974275,4.986675,179800,0
1990-09-06,4.94965,4.986675,4.937425,4.94965,47600,0
1990-09-07,5.023525,5.072775,4.925025,5.023525,102500,0
1990-09-10,4.974275,5.072775,4.974275,4.974275,104400,0
1990-09-11,4.94965,4.9989,4.937425,4.94965,59400,0
1990-09-12,4.8635625,4.94965,4.826525,4.8635625,147800,0
1990-09-13,4.8019,4.838925,4.789675,4.8019,169900,0
1990-09-14,4.7033875,4.789675,4.691175,4.7033875,99700,0
1990-09-17,4.678775,4.691175,4.6541375,4.678775,200400,0
1990-09-18,4.7033875,4.7033875,4.641925,4.7033875,145600,0
1990-09-19,4.7158125,4.75265,4.7033875,4.7158125,201200,0
1990-09-20,4.691175,4.7033875,4.6665625,4.691175,173500,0
1990-09-21,4.8019,4.826525,4.678775,4.8019,185800,0
1990-09-24,4.789675,4.826525,4.7650625,4.789675,221000,0
1990-09-25,4.9004,4.925025,4.789675,4.9004,78000,0
1990-09-26,4.789675,4.8635625,4.777275,4.789675,142300,0
1990-09-27,4.789675,4.85115,4.7650625,4.789675,166300,0
1990-09-28,4.888175,4.9004,4.740425,4.888175,210600,0
1990-10-01,4.94965,4.974275,4.9004,4.94965,210500,0
1990-10-02,4.925025,4.974275,4.925025,4.925025,166200,0
1990-10-03,4.75265,4.925025,4.75265,4.75265,281200,0
1990-10-04,4.6173125,4.7033875,4.6048875,4.6173125,864200,0
1990-10-05,4.6541375,4.678775,4.5556375,4.6541375,361600,0
1990-10-08,4.6665625,4.7158125,4.641925,4.6665625,287500,0
1990-10-09,4.6541375,4.678775,4.629525,4.6541375,313400,0
1990-10-10,4.629525,4.6541375,4.592675,4.629525,529100,0
1990-10-11,4.5063875,4.629525,4.5063875,4.5063875,543300,0
1990-10-12,4.543425,4.6048875,4.4571375,4.543425,623900,0
1990-10-15,4.678775,4.75265,4.580275,4.678775,354700,0
1990-10-16,4.7158125,4.826525,4.691175,4.7158125,257200,0
1990-10-17,4.8143125,4.826525,4.7158125,4.8143125,362700,0
1990-10-18,4.986675,4.986675,4.8143125,4.986675,166500,0
1990-10-19,5.0605625,5.1098125,5.035925,5.0605625,190600,0
1990-10-22,5.14665,5.14665,4.9989,5.14665,152500,0
1990-10-23,5.085175,5.1590625,5.085175,5.085175,129900,0
1990-10-24,5.035925,5.0974,5.023525,5.035925,134100,0
1990-10-25,4.986675,5.035925,4.974275,4.986675,93800,0
1990-10-26,4.925025,4.9989,4.925025,4.925025,130000,0
1990-10-29,4.925025,4.974275,4.888175,4.925025,100000,0
1990-10-30,4.94965,4.9620625,4.875775,4.94965,102200,0
1990-10-31,4.9620625,4.974275,4.925025,4.9620625,57300,0
1990-11-01,4.986675,4.9989,4.925025,4.986675,84600,0
1990-11-02,5.072775,5.085175,4.986675,5.072775,100400,0
1990-11-05,5.0605625,5.0974,5.023525,5.0605625,158300,0
1990-11-06,5.04815,5.0605625,5.035925,5.04815,199800,0
1990-11-07,5.023525,5.04815,5.023525,5.023525,91100,0
1990-11-08,5.04815,5.072775,4.9989,5.04815,95000,0
1990-11-09,5.122025,5.122025,5.072775,5.122025,152000,0
1990-11-12,5.232925,5.2575625,5.122025,5.232925,188000,0
1990-11-13,5.232925,5.269775,5.220525,5.232925,199400,0
1990-11-14,5.319025,5.3560625,5.269775,5.319025,195500,0
1990-11-15,5.269775,5.319025,5.269775,5.269775,135600,0
1990-11-16,5.3068125,5.34365,5.2944,5.3068125,167500,0
1990-11-19,5.331425,5.331425,5.3068125,5.331425,120300,0
1990-11-20,5.319025,5.331425,5.269775,5.319025,106200,0
1990-11-21,5.417525,5.417525,5.269775,5.417525,180000,0
1990-11-23,5.3929,5.4545625,5.368275,5.3929,55200,0
1990-11-26,5.3068125,5.368275,5.2944,5.3068125,63500,0
1990-11-27,5.3560625,5.380675,5.3068125,5.3560625,82800,0
1990-11-28,5.3560625,5.380675,5.34365,5.3560625,140100,0
1990-11-29,5.319025,5.368275,5.3068125,5.319025,107400,0
1990-11-30,5.3068125,5.3560625,5.3068125,5.3068125,283600,0
1990-12-03,5.3929,5.3929,5.368275,5.3929,118200,0
1990-12-04,5.380675,5.3929,5.331425,5.380675,107700,0
1990-12-05,5.4053125,5.4053125,5.368275,5.4053125,109700,0
1990-12-06,5.44215,5.466775,5.417525,5.44215,217200,0
1990-12-07,5.34365,5.44215,5.319025,5.34365,79300,0
1990-12-10,5.3068125,5.319025,5.24515,5.3068125,362100,0
1990-12-11,5.2575625,5.2944,5.2083125,5.2575625,116700,0
1990-12-12,5.220525,5.282175,5.171275,5.220525,454000,0
1990-12-13,5.368275,5.3929,5.1959,5.368275,322600,0
1990-12-14,5.34365,5.34365,5.269775,5.34365,191700,0
1990-12-17,5.380675,5.3929,5.319025,5.380675,93600,0
1990-12-18,5.319025,5.3929,5.269775,5.319025,152000,0
1990-12-19,5.3068125,5.34365,5.269775,5.3068125,139300,0
1990-12-20,5.2944,5.34365,5.2575625,5.2944,136800,0
1990-12-21,5.34365,5.380675,5.282175,5.34365,153600,0
1990-12-24,5.34365,5.34365,5.3068125,5.34365,38900,0
1990-12-26,5.3560625,5.3560625,5.2944,5.3560625,43700,0
1990-12-27,5.24515,5.34365,5.24515,5.24515,39200,0
1990-12-28,5.2575625,5.282175,5.232925,5.2575625,72300,0
1990-12-31,5.282175,5.319025,5.2575625,5.282175,38100,0
1991-01-02,5.368275,5.3929,5.24515,5.368275,135000,0
1991-01-03,5.269775,5.3929,5.269775,5.269775,101800,0
1991-01-04,5.171275,5.3068125,5.171275,5.171275,121300,0
1991-01-07,5.122025,5.1590625,5.1098125,5.122025,60000,0
1991-01-08,5.023525,5.14665,4.974275,5.023525,154200,0
1991-01-09,5.023525,5.122025,4.9989,5.023525,131600,0
1991-01-10,4.9989,5.072775,4.94965,4.9989,95600,0
1991-01-11,5.0113125,5.023525,4.974275,5.0113125,84200,0
1991-01-14,5.0113125,5.023525,4.974275,5.0113125,76100,0
1991-01-15,4.925025,5.035925,4.925025,4.925025,91400,0
1991-01-16,5.072775,5.1098125,4.925025,5.072775,178300,0
1991-01-17,5.368275,5.368275,5.220525,5.368275,501100,0
1991-01-18,5.565275,5.5899,5.3068125,5.565275,260800,0
1991-01-21,5.516025,5.528425,5.417525,5.516025,117400,0
1991-01-22,5.54065,5.565275,5.479175,5.54065,126900,0
1991-01-23,5.565275,5.6023125,5.466775,5.565275,153100,0
1991-01-24,5.5899,5.663775,5.565275,5.5899,161400,0
1991-01-25,5.6884,5.73765,5.5899,5.6884,134400,0
1991-01-28,5.73765,5.762275,5.63915,5.73765,109200,0
1991-01-29,5.73765,5.7746875,5.6884,5.73765,80900,0
1991-01-30,5.811525,5.8239375,5.762275,5.811525,95200,0
1991-01-31,5.8854,5.8854,5.7500625,5.8854,114900,0
1991-02-01,5.811525,5.8854,5.7869,5.811525,167600,0
1991-02-04,5.910025,5.93465,5.7500625,5.910025,180000,0
1991-02-05,6.0455625,6.0948125,5.9839,6.0455625,188400,0
1991-02-06,6.2179375,6.23015,5.9839,6.2179375,175200,0
1991-02-07,6.1686875,6.2794,6.156275,6.1686875,257700,0
1991-02-08,6.205525,6.205525,6.107025,6.205525,205100,0
1991-02-11,6.304025,6.3656875,6.205525,6.304025,108500,0
1991-02-12,6.205525,6.42715,6.205525,6.205525,214800,0
1991-02-13,6.205525,6.2425625,6.156275,6.205525,133800,0
1991-02-14,6.008525,6.3164375,5.9839,6.008525,227100,0
1991-02-15,6.205525,6.254775,6.0209375,6.205525,231200,0
1991-02-19,6.304025,6.304025,6.156275,6.304025,100800,0
1991-02-20,6.156275,6.2794,6.0824,6.156275,133100,0
1991-02-21,6.13165,6.1809,6.107025,6.13165,84300,0
1991-02-22,6.0209375,6.205525,6.008525,6.0209375,106200,0
1991-02-25,6.205525,6.23015,6.0948125,6.205525,80600,0
1991-02-26,6.0824,6.23015,6.03315,6.0824,89100,0
1991-02-27,6.1686875,6.1809,6.107025,6.1686875,150600,0
1991-02-28,6.1440625,6.23015,6.1440625,6.1440625,113500,0
1991-03-01,6.156275,6.1686875,6.0824,6.156275,103600,0
1991-03-04,6.205525,6.254775,6.156275,6.205525,99500,0
1991-03-05,6.4764,6.4764,6.205525,6.4764,155300,0
1991-03-06,6.4641875,6.599525,6.4149375,6.4641875,121100,0
1991-03-07,6.42715,6.451775,6.3779,6.42715,76100,0
1991-03-08,6.550275,6.5749,6.42715,6.550275,214000,0
1991-03-11,6.353275,6.501025,6.353275,6.353275,151400,0
1991-03-12,6.3164375,6.353275,6.304025,6.3164375,100500,0
1991-03-13,6.2671875,6.304025,6.2425625,6.2671875,64400,0
1991-03-14,6.1440625,6.3164375,6.107025,6.1440625,108700,0
1991-03-15,6.0824,6.156275,6.008525,6.0824,162200,0
1991-03-18,6.057775,6.0824,6.03315,6.057775,99900,0
1991-03-19,6.008525,6.0824,5.9839,6.008525,70500,0
1991-03-20,5.9470625,6.0455625,5.8978125,5.9470625,149000,0
1991-03-21,5.93465,5.9839,5.910025,5.93465,109500,0
1991-03-22,5.9963125,6.03315,5.93465,5.9963125,73500,0
1991-03-25,6.0209375,6.03315,5.9839,6.0209375,80900,0
1991-03-26,6.254775,6.2794,6.107025,6.254775,128900,0
1991-03-27,6.3410625,6.3903125,6.2671875,6.3410625,132600,0
1991-03-28,6.3410625,6.3779,6.32865,6.3410625,71600,0
1991-04-01,6.2918125,6.32865,6.2671875,6.2918125,59000,0
1991-04-02,6.353275,6.353275,6.254775,6.353275,126100,0
1991-04-03,6.4395625,6.52565,6.3779,6.4395625,108800,0
1991-04-04,6.402525,6.5134375,6.402525,6.402525,70500,0
1991-04-05,6.402525,6.550275,6.3779,6.402525,74700,0
1991-04-08,6.5873125,6.599525,6.3779,6.5873125,73600,0
1991-04-09,6.4395625,6.62415,6.42715,6.4395625,77700,0
1991-04-10,6.501025,6.501025,6.4149375,6.501025,76600,0
1991-04-11,6.7596875,6.845775,6.5749,6.7596875,159600,0
1991-04-12,6.72265,6.7719,6.6734,6.72265,138500,0
1991-04-15,6.747275,6.7596875,6.7104375,6.747275,71600,0
1991-04-16,6.833575,6.845775,6.6365625,6.833575,77400,0
1991-04-17,6.944275,6.993525,6.845775,6.944275,129600,0
1991-04-18,6.9689,7.01815,6.8581875,6.9689,83500,0
1991-04-19,6.895025,6.944275,6.895025,6.895025,44800,0
1991-04-22,6.9074375,6.9689,6.845775,6.9074375,185100,0
1991-04-23,6.981325,7.01815,6.932075,6.981325,74100,0
1991-04-24,6.9074375,6.981325,6.895025,6.9074375,77800,0
1991-04-25,6.82115,6.895025,6.7719,6.82115,80600,0
1991-04-26,6.7596875,6.82115,6.698025,6.7596875,103100,0
1991-04-29,6.6734,6.8089375,6.6611875,6.6734,84500,0
1991-04-30,6.698025,6.747275,6.6858125,6.698025,117700,0
1991-05-01,6.72265,6.796525,6.698025,6.72265,97300,0
1991-05-02,6.747275,6.796525,6.72265,6.747275,132200,0
1991-05-03,6.845775,6.8704,6.698025,6.845775,118100,0
1991-05-06,6.796525,6.845775,6.72265,6.796525,57800,0
1991-05-07,7.01815,7.092025,6.845775,7.01815,178400,0
1991-05-08,7.239775,7.2644,6.993525,7.239775,218900,0
1991-05-09,7.2644,7.2644,7.190525,7.2644,191600,0
1991-05-10,7.190525,7.289025,7.1659,7.190525,145000,0
1991-05-13,7.0674,7.21515,7.0674,7.0674,111500,0
1991-05-14,7.0674,7.1659,7.042775,7.0674,203200,0
1991-05-15,6.402525,6.698025,6.1809,6.402525,569500,0
1991-05-16,6.1809,6.451775,5.93465,6.1809,689700,0
1991-05-17,6.1809,6.32865,6.008525,6.1809,319100,0
1991-05-20,5.910025,6.254775,5.811525,5.910025,538400,0
1991-05-21,6.23015,6.23015,5.959275,6.23015,599500,0
1991-05-22,6.304025,6.32865,6.254775,6.304025,414500,0
1991-05-23,6.304025,6.402525,6.205525,6.304025,419200,0
1991-05-24,6.402525,6.402525,6.32865,6.402525,171600,0
1991-05-28,6.451775,6.501025,6.304025,6.451775,312000,0
1991-05-29,6.62415,6.62415,6.451775,6.62415,195800,0
1991-05-30,6.648775,6.698025,6.4764,6.648775,408100,0
1991-05-31,6.698025,6.698025,6.550275,6.698025,167900,0
1991-06-03,6.747275,6.845775,6.6734,6.747275,187500,0
1991-06-04,6.747275,6.845775,6.6734,6.747275,220500,0
1991-06-05,6.62415,6.796525,6.599525,6.62415,109600,0
1991-06-06,6.501025,6.62415,6.501025,6.501025,176600,0
1991-06-07,6.304025,6.42715,6.205525,6.304025,508800,0
1991-06-10,6.23015,6.304025,6.23015,6.23015,170500,0
1991-06-11,6.23015,6.304025,6.107025,6.23015,377100,0
1991-06-12,6.107025,6.23015,6.0824,6.107025,546100,0
1991-06-13,6.304025,6.304025,6.13165,6.304025,237700,0
1991-06-14,6.402525,6.501025,6.304025,6.402525,323100,0
1991-06-17,6.254775,6.353275,6.1809,6.254775,154900,0
1991-06-18,6.1809,6.2794,6.156275,6.1809,242300,0
1991-06-19,6.205525,6.254775,6.057775,6.205525,362300,0
1991-06-20,6.23015,6.254775,6.156275,6.23015,342500,0
1991-06-21,6.304025,6.353275,6.254775,6.304025,382400,0
1991-06-24,6.156275,6.32865,6.156275,6.156275,226600,0
1991-06-25,6.057775,6.23015,6.03315,6.057775,177900,0
1991-06-26,6.107025,6.254775,6.008525,6.107025,304200,0
1991-06-27,6.42715,6.42715,6.057775,6.42715,187700,0
1991-06-28,6.402525,6.42715,6.304025,6.402525,145800,0
1991-07-01,6.52565,6.550275,6.3779,6.52565,151600,0
1991-07-02,6.648775,6.747275,6.501025,6.648775,359000,0
1991-07-03,6.5749,6.62415,6.52565,6.5749,102500,0
1991-07-05,6.5749,6.62415,6.52565,6.5749,38200,0
1991-07-08,6.599525,6.599525,6.501025,6.599525,91500,0
1991-07-09,6.550275,6.698025,6.52565,6.550275,126400,0
1991-07-10,6.42715,6.62415,6.353275,6.42715,256800,0
1991-07-11,6.451775,6.4764,6.32865,6.451775,147900,0
1991-07-12,6.353275,6.451775,6.304025,6.353275,206600,0
1991-07-15,6.4764,6.501025,6.353275,6.4764,244600,0
1991-07-16,6.451775,6.501025,6.42715,6.451775,212700,0
1991-07-17,6.42715,6.501025,6.42715,6.42715,131800,0
1991-07-18,6.3779,6.451775,6.353275,6.3779,130900,0
1991-07-19,6.402525,6.4764,6.32865,6.402525,194300,0
1991-07-22,6.3779,6.402525,6.3779,6.3779,82300,0
1991-07-23,6.2794,6.3779,6.254775,6.2794,178300,0
1991-07-24,6.32865,6.3779,6.23015,6.32865,207200,0
1991-07-25,6.32865,6.353275,6.2794,6.32865,117700,0
1991-07-26,6.304025,6.3779,6.304025,6.304025,131700,0
1991-07-29,6.4764,6.4764,6.2794,6.4764,225600,0
1991-07-30,6.402525,6.4764,6.3779,6.402525,119700,0
1991-07-31,6.6734,6.6734,6.353275,6.6734,187500,0
1991-08-01,6.599525,6.6734,6.550275,6.599525,135100,0
1991-08-02,6.599525,6.648775,6.501025,6.599525,174500,0
1991-08-05,6.501025,6.5749,6.4764,6.501025,96500,0
1991-08-06,6.845775,6.845775,6.451775,6.845775,158800,0
1991-08-07,6.7719,6.845775,6.72265,6.7719,161000,0
1991-08-08,6.7719,6.796525,6.698025,6.7719,179100,0
1991-08-09,6.550275,6.7719,6.501025,6.550275,152400,0
1991-08-12,6.451775,6.52565,6.42715,6.451775,95400,0
1991-08-13,6.6734,6.698025,6.501025,6.6734,149400,0
1991-08-14,6.550275,6.8704,6.501025,6.550275,245200,0
1991-08-15,6.451775,6.599525,6.451775,6.451775,143000,0
1991-08-16,6.23015,6.4764,6.107025,6.23015,767500,0
1991-08-19,6.1809,6.254775,5.959275,6.1809,402000,0
1991-08-20,6.254775,6.2794,6.205525,6.254775,356700,0
1991-08-21,6.402525,6.402525,6.2794,6.402525,570400,0
1991-08-22,6.501025,6.550275,6.42715,6.501025,269100,0
1991-08-23,6.648775,6.698025,6.52565,6.648775,252900,0
1991-08-26,6.72265,6.747275,6.52565,6.72265,153300,0
1991-08-27,6.82115,6.8704,6.6734,6.82115,168800,0
1991-08-28,6.796525,6.845775,6.7719,6.796525,184000,0
1991-08-29,6.845775,6.8704,6.747275,6.845775,213100,0
1991-08-30,6.895025,6.895025,6.82115,6.895025,162100,0
1991-09-03,6.845775,6.993525,6.845775,6.845775,343500,0
1991-09-04,6.62415,6.8704,6.599525,6.62415,246400,0
1991-09-05,6.62415,6.6734,6.5749,6.62415,163400,0
1991-09-06,6.4764,6.62415,6.42715,6.4764,176900,0
1991-09-09,6.550275,6.62415,6.501025,6.550275,151100,0
1991-09-10,6.42715,6.5749,6.3779,6.42715,144600,0
1991-09-11,6.42715,6.501025,6.402525,6.42715,148000,0
1991-09-12,6.4764,6.550275,6.3779,6.4764,102200,0
1991-09-13,6.501025,6.52565,6.42715,6.501025,232300,0
1991-09-16,6.451775,6.52565,6.3779,6.451775,157100,0
1991-09-17,6.4764,6.599525,6.4764,6.4764,395300,0
1991-09-18,6.4764,6.501025,6.42715,6.4764,118100,0
1991-09-19,6.4764,6.52565,6.451775,6.4764,226400,0
1991-09-20,6.4764,6.52565,6.451775,6.4764,324200,0
1991-09-23,6.4764,6.501025,6.402525,6.4764,139000,0
1991-09-24,6.62415,6.698025,6.451775,6.62415,138800,0
1991-09-25,6.7719,6.7719,6.5749,6.7719,309000,0
1991-09-26,6.648775,6.796525,6.648775,6.648775,170300,0
1991-09-27,6.6734,6.698025,6.550275,6.6734,124100,0
1991-09-30,6.845775,6.8704,6.6734,6.845775,211300,0
1991-10-01,6.944275,6.944275,6.796525,6.944275,255600,0
1991-10-02,7.042775,7.21515,6.91965,7.042775,243600,0
1991-10-03,7.01815,7.092025,6.9689,7.01815,117100,0
1991-10-04,6.895025,7.01815,6.895025,6.895025,144800,0
1991-10-07,6.8704,6.895025,6.82115,6.8704,176900,0
1991-10-08,6.796525,6.944275,6.7719,6.796525,144800,0
1991-10-09,7.042775,7.092025,6.895025,7.042775,328200,0
1991-10-10,7.141275,7.141275,6.993525,7.141275,234000,0
1991-10-11,7.092025,7.1659,7.092025,7.092025,158200,0
1991-10-14,7.2644,7.31365,7.141275,7.2644,181900,0
1991-10-15,7.633775,7.633775,7.289025,7.633775,320200,0
1991-10-16,7.80615,7.830775,7.584525,7.80615,166300,0
1991-10-17,7.683025,7.830775,7.60915,7.683025,258800,0
1991-10-18,7.683025,7.7569,7.6584,7.683025,220200,0
1991-10-21,7.6584,7.732275,7.60915,7.6584,226300,0
1991-10-22,7.535275,7.633775,7.535275,7.535275,183700,0
1991-10-23,7.535275,7.6584,7.535275,7.535275,262600,0
1991-10-24,7.387525,7.584525,7.31365,7.387525,297700,0
1991-10-25,7.31365,7.41215,7.2644,7.31365,147400,0
1991-10-28,7.289025,7.3629,7.2644,7.289025,158700,0
1991-10-29,7.3629,7.41215,7.21515,7.3629,249400,0
1991-10-30,7.31365,7.387525,7.2644,7.31365,267900,0
1991-10-31,7.11665,7.31365,7.11665,7.11665,242600,0
1991-11-01,7.338275,7.387525,7.042775,7.338275,287300,0
1991-11-04,7.239775,7.2644,7.190525,7.239775,135700,0
1991-11-05,7.338275,7.338275,7.289025,7.338275,121500,0
1991-11-06,7.3629,7.41215,7.31365,7.3629,162300,0
1991-11-07,7.486025,7.486025,7.3629,7.486025,366200,0
1991-11-08,7.5599,7.6584,7.486025,7.5599,168300,0
1991-11-11,7.51065,7.6584,7.51065,7.60915,77500,0
1991-11-12,7.60915,7.6584,7.584525,7.633775,165800,0
1991-11-13,7.633775,7.633775,7.584525,7.584525,93100,0
1991-11-14,7.60915,7.6584,7.584525,7.6584,66400,0
1991-11-15,7.633775,7.6584,7.31365,7.31365,181300,0
1991-11-18,7.3629,7.436775,7.31365,7.387525,227100,0
1991-11-19,7.31365,7.41215,7.11665,7.289025,219300,0
1991-11-20,7.41215,7.41215,7.338275,7.3629,195400,0
1991-11-21,7.3629,7.436775,7.31365,7.436775,182500,0
1991-11-22,7.387525,7.387525,7.239775,7.2644,165300,0
1991-11-25,7.31365,7.41215,7.289025,7.3629,147400,0
1991-11-26,7.338275,7.436775,7.289025,7.41215,256200,0
1991-11-27,7.41215,7.4614,7.338275,7.436775,173400,0
1991-11-29,7.31365,7.338275,7.239775,7.289025,86400,0
1991-12-02,7.190525,7.387525,7.190525,7.387525,187600,0
1991-12-03,7.436775,7.486025,7.338275,7.387525,317200,0
1991-12-04,7.41215,7.41215,7.21515,7.387525,184000,0
1991-12-05,7.338275,7.387525,7.289025,7.338275,202000,0
1991-12-06,7.338275,7.41215,7.31365,7.31365,167800,0
1991-12-09,7.387525,7.4614,7.338275,7.3629,171600,0
1991-12-10,7.289025,7.5599,7.289025,7.535275,325500,0
1991-12-11,7.535275,7.584525,7.436775,7.486025,190000,0
1991-12-12,7.486025,7.5599,7.41215,7.535275,219700,0
1991-12-13,7.633775,7.7569,7.584525,7.6584,157000,0
1991-12-16,7.683025,7.7569,7.584525,7.6584,147400,0
1991-12-17,7.70765,7.70765,7.633775,7.633775,138500,0
1991-12-18,7.6584,7.732275,7.633775,7.683025,194000,0
1991-12-19,7.633775,7.70765,7.584525,7.6584,302300,0
1991-12-20,7.830775,7.880025,7.732275,7.8554,617900,0
1991-12-23,7.880025,8.10165,7.830775,8.077025,361700,0
1991-12-24,8.175525,8.4218,8.1509,8.27405,258400,0
1991-12-26,8.224775,8.6188,8.224775,8.56955,149300,0
1991-12-27,8.59415,8.66805,8.49565,8.6434,134900,0
1991-12-30,8.59415,9.06205,8.56955,9.06205,271600,0
1991-12-31,9.0128,9.1359,8.76655,8.96355,338300,0
1992-01-02,8.86505,8.88965,8.59415,8.76655,390200,0
1992-01-03,8.8158,8.9143,8.7173,8.76655,250500,0
1992-01-06,8.6188,8.69265,8.3233,8.69265,410400,0
1992-01-07,8.5203,8.66805,8.49565,8.5203,395700,0
1992-01-08,8.4464,8.76655,8.4218,8.6434,451900,0
1992-01-09,8.6188,8.86505,8.59415,8.8158,238600,0
1992-01-10,8.8404,8.88965,8.76655,8.88965,233100,0
1992-01-13,8.8404,8.86505,8.66805,8.69265,225900,0
1992-01-14,8.7173,9.0128,8.69265,9.0128,364200,0
1992-01-15,9.1113,9.65305,9.08665,9.65305,469800,0
1992-01-16,9.55455,9.579175,9.25905,9.3083,427300,0
1992-01-17,9.16055,9.2344,9.0128,9.08665,309500,0
1992-01-20,8.96355,9.0128,8.86505,8.96355,138300,0
1992-01-21,8.9389,8.9389,8.224775,8.59415,302900,0
1992-01-22,8.6434,8.76655,8.59415,8.7173,263600,0
1992-01-23,8.76655,9.0128,8.76655,8.86505,282500,0
1992-01-24,8.86505,8.86505,8.56955,8.6188,143100,0
1992-01-27,8.6434,8.66805,8.5203,8.56955,65500,0
1992-01-28,8.5449,8.6434,8.4464,8.47105,237300,0
1992-01-29,8.47105,8.56955,8.4218,8.5449,329600,0
1992-01-30,8.59415,8.66805,8.5203,8.6434,119200,0
1992-01-31,8.59415,8.6188,8.4218,8.4218,143400,0
1992-02-03,8.47105,8.69265,8.37255,8.66805,172300,0
1992-02-04,8.6434,8.9389,8.59415,8.8404,300400,0
1992-02-05,8.8158,9.06205,8.79115,9.0128,222400,0
1992-02-06,9.0128,9.16055,8.88965,9.1113,140900,0
1992-02-07,9.06205,9.1113,8.88965,9.0374,270900,0
1992-02-10,9.1113,9.25905,9.06205,9.2344,345200,0
1992-02-11,9.25905,9.3083,9.16055,9.2344,224500,0
1992-02-12,9.2098,9.2344,9.06205,9.18515,171700,0
1992-02-13,9.2098,9.2344,8.96355,9.0128,308100,0
1992-02-14,8.9143,8.96355,8.8158,8.88965,121100,0
1992-02-18,8.98815,9.06205,8.8404,8.86505,175100,0
1992-02-19,8.9143,9.0128,8.88965,8.98815,210300,0
1992-02-20,9.0128,9.16055,8.96355,9.16055,154700,0
1992-02-21,9.16055,9.16055,8.98815,8.98815,208900,0
1992-02-24,9.0374,9.2344,8.9389,9.1113,356200,0
1992-02-25,9.08665,9.1113,8.7173,8.8404,256500,0
1992-02-26,8.86505,9.06205,8.86505,8.9143,284100,0
1992-02-27,8.96355,8.96355,8.79115,8.8158,171300,0
1992-02-28,8.7173,8.8158,8.69265,8.7173,147700,0
1992-03-02,8.79115,8.8158,8.6434,8.66805,473800,0
1992-03-03,8.69265,8.79115,8.59415,8.69265,257400,0
1992-03-04,8.69265,8.8158,8.6434,8.6434,212900,0
1992-03-05,8.6188,8.6188,8.3479,8.4464,228300,0
1992-03-06,8.47105,8.56955,8.47105,8.5203,204100,0
1992-03-09,8.5449,8.5449,8.37255,8.39715,138400,0
1992-03-10,8.4464,8.4464,8.3233,8.37255,194500,0
1992-03-11,8.49565,8.5449,8.4218,8.5203,376000,0
1992-03-12,8.7173,8.7419,8.6188,8.6434,370400,0
1992-03-13,8.76655,8.88965,8.69265,8.8404,362700,0
1992-03-16,8.8158,8.86505,8.76655,8.86505,270600,0
1992-03-17,8.88965,9.1113,8.88965,9.08665,324000,0
1992-03-18,9.3083,9.3329,9.1359,9.18515,545300,0
1992-03-19,9.16055,9.16055,9.0128,9.08665,189700,0
1992-03-20,9.0374,9.08665,9.0128,9.06205,467100,0
1992-03-23,9.0128,9.0374,8.98815,9.0374,215900,0
1992-03-24,9.0374,9.06205,9.0128,9.06205,122800,0
1992-03-25,9.06205,9.1359,9.06205,9.1113,218500,0
1992-03-26,9.1359,9.25905,9.08665,9.18515,247900,0
1992-03-27,9.16055,9.16055,8.98815,9.0374,131500,0
1992-03-30,9.0374,9.0374,8.96355,8.96355,114200,0
1992-03-31,8.96355,8.98815,8.86505,8.96355,362500,0
1992-04-01,8.96355,8.96355,8.8158,8.8158,225100,0
1992-04-02,8.8404,8.8404,8.6188,8.6434,183200,0
1992-04-03,8.66805,8.66805,8.5449,8.59415,189900,0
1992-04-06,8.59415,8.7173,8.59415,8.69265,168900,0
1992-04-07,8.69265,8.7173,8.6188,8.6188,132400,0
1992-04-08,8.6188,8.6188,8.4218,8.49565,224200,0
1992-04-09,8.5449,8.56955,8.39715,8.47105,264300,0
1992-04-10,8.66805,8.66805,8.59415,8.6434,318200,0
1992-04-13,8.6434,8.6434,8.56955,8.56955,166800,0
1992-04-14,8.59415,8.88965,8.59415,8.88965,386900,0
1992-04-15,9.0128,9.25905,8.98815,9.1113,410100,0
1992-04-16,9.1113,9.16055,8.9389,9.16055,259500,0
1992-04-20,9.08665,9.08665,8.88965,9.0374,228900,0
1992-04-21,9.0374,9.16055,9.0128,9.16055,157400,0
1992-04-22,9.16055,9.2098,9.06205,9.18515,172400,0
1992-04-23,9.2098,9.2344,8.98815,9.16055,288800,0
1992-04-24,9.18515,9.2098,8.9389,8.98815,215800,0
1992-04-27,9.0128,9.0128,8.8404,8.9389,182100,0
1992-04-28,8.98815,8.98815,8.8158,8.9143,204600,0
1992-04-29,8.9143,8.9143,8.7173,8.8404,177600,0
1992-04-30,8.9143,8.96355,8.8404,8.9389,302200,0
1992-05-01,9.0374,9.1113,8.98815,9.0374,314700,0
1992-05-04,9.08665,9.1359,9.0128,9.1359,130200,0
1992-05-05,9.08665,9.2344,9.0374,9.18515,194600,0
1992-05-06,9.2344,9.38215,9.2098,9.35755,287100,0
1992-05-07,9.3329,9.35755,9.28365,9.28365,163600,0
1992-05-08,9.3083,9.45605,9.25905,9.431425,225600,0
1992-05-11,9.45605,9.5053,9.38215,9.45605,195700,0
1992-05-12,9.45605,9.55455,9.4068,9.431425,412900,0
1992-05-13,9.5053,9.529925,9.431425,9.480675,213500,0
1992-05-14,9.35755,9.38215,9.2098,9.28365,155000,0
1992-05-15,9.16055,9.16055,9.0128,9.0374,220500,0
1992-05-18,9.1359,9.16055,8.98815,9.1113,125900,0
1992-05-19,9.08665,9.1113,8.96355,9.1113,135100,0
1992-05-20,9.1113,9.2098,9.06205,9.06205,107200,0
1992-05-21,9.06205,9.06205,8.9143,8.98815,221000,0
1992-05-22,9.0128,9.0128,8.9143,8.96355,111800,0
1992-05-26,8.9143,8.9389,8.79115,8.86505,143100,0
1992-05-27,8.8158,8.86505,8.76655,8.8158,129600,0
1992-05-28,8.8404,8.9143,8.79115,8.9143,114100,0
1992-05-29,8.9389,9.0128,8.88965,8.96355,350900,0
1992-06-01,9.0374,9.0374,8.9389,8.98815,144700,0
1992-06-02,8.98815,9.0374,8.8404,8.86505,242600,0
1992-06-03,8.86505,8.98815,8.8158,8.8404,207800,0
1992-06-04,8.88965,8.9143,8.8404,8.9143,131800,0
1992-06-05,8.88965,8.88965,8.79115,8.88965,194300,0
1992-06-08,8.9389,9.0374,8.88965,8.9143,149500,0
1992-06-09,8.9143,8.98815,8.88965,8.88965,253100,0
1992-06-10,8.88965,8.9389,8.86505,8.86505,92700,0
1992-06-11,8.86505,8.9143,8.79115,8.9143,93200,0
1992-06-12,9.0128,9.0128,8.8158,8.8158,151500,0
1992-06-15,8.76655,8.9143,8.76655,8.86505,163600,0
1992-06-16,8.88965,8.9143,8.47105,8.49565,269300,0
1992-06-17,8.37255,8.37255,8.1509,8.224775,791200,0
1992-06-18,8.224775,8.4218,8.20015,8.37255,189100,0
1992-06-19,8.3479,8.4218,8.29865,8.3233,171800,0
1992-06-22,8.37255,8.37255,8.126275,8.175525,213900,0
1992-06-23,8.175525,8.3479,8.175525,8.3233,176600,0
1992-06-24,8.3479,8.39715,8.224775,8.27405,160900,0
1992-06-25,8.27405,8.3233,8.126275,8.224775,102400,0
1992-06-26,8.2494,8.3233,8.224775,8.3233,73200,0
1992-06-29,8.27405,8.49565,8.27405,8.47105,151400,0
1992-06-30,8.5203,8.5203,8.37255,8.4218,68300,0
1992-07-01,8.4464,8.47105,8.37255,8.47105,156800,0
1992-07-02,8.5449,8.6188,8.39715,8.4218,226700,0
1992-07-06,8.4218,8.4218,8.224775,8.29865,129600,0
1992-07-07,8.175525,8.224775,7.633775,7.781525,1026400,0
1992-07-08,7.732275,7.978525,7.732275,7.978525,717800,0
1992-07-09,8.00315,8.27405,8.00315,8.27405,563000,0
1992-07-10,8.27405,8.27405,8.126275,8.126275,310500,0
1992-07-13,8.126275,8.1509,7.978525,8.1509,398800,0
1992-07-14,8.027775,8.3233,8.00315,8.175525,600600,0
1992-07-15,8.175525,8.224775,8.077025,8.20015,235700,0
1992-07-16,8.175525,8.224775,8.1509,8.175525,147800,0
1992-07-17,8.1509,8.27405,8.10165,8.27405,294200,0
1992-07-20,8.175525,8.27405,8.1509,8.224775,345500,0
1992-07-21,8.27405,8.39715,8.2494,8.3479,314600,0
1992-07-22,8.29865,8.3479,8.2494,8.3479,120600,0
1992-07-23,8.39715,8.49565,8.3479,8.49565,211100,0
1992-07-24,8.47105,8.49565,8.39715,8.39715,91100,0
1992-07-27,8.37255,8.37255,8.29865,8.3233,111800,0
1992-07-28,8.27405,8.6188,8.27405,8.56955,303500,0
1992-07-29,8.6188,8.76655,8.6188,8.69265,235600,0
1992-07-30,8.66805,8.76655,8.59415,8.7419,125700,0
1992-07-31,8.79115,8.8404,8.76655,8.8404,149700,0
1992-08-03,8.8404,8.8404,8.7419,8.8158,92800,0
1992-08-04,8.8158,8.86505,8.79115,8.86505,86400,0
1992-08-05,8.8158,8.9389,8.8158,8.8404,129300,0
1992-08-06,8.8404,8.9143,8.8158,8.8404,94200,0
1992-08-07,8.8158,8.8404,8.66805,8.7173,110200,0
1992-08-10,8.66805,8.69265,8.6188,8.69265,94500,0
1992-08-11,8.7419,8.76655,8.59415,8.6188,155200,0
1992-08-12,8.6434,8.76655,8.6188,8.7173,92500,0
1992-08-13,8.76655,8.8404,8.66805,8.7173,97600,0
1992-08-14,8.7419,8.76655,8.69265,8.7419,131800,0
1992-08-17,8.7419,8.8158,8.7173,8.76655,291800,0
1992-08-18,8.79115,8.8158,8.66805,8.7173,167400,0
1992-08-19,8.7173,8.7419,8.6188,8.69265,175600,0
1992-08-20,8.69265,8.79115,8.69265,8.7173,73800,0
1992-08-21,8.79115,8.8404,8.6434,8.6434,222600,0
1992-08-24,8.59415,8.6188,8.5203,8.5203,94900,0
1992-08-25,8.49565,8.5449,8.47105,8.49565,112900,0
1992-08-26,8.5203,8.5449,8.47105,8.49565,99300,0
1992-08-27,8.5203,8.5203,8.47105,8.47105,57000,0
1992-08-28,8.49565,8.5203,8.47105,8.49565,96000,0
1992-08-31,8.5203,8.5203,8.47105,8.49565,75400,0
1992-09-01,8.5203,8.6188,8.47105,8.5449,135900,0
1992-09-02,8.5203,8.7419,8.47105,8.7419,197400,0
1992-09-03,8.7419,8.88965,8.7173,8.8404,222000,0
1992-09-04,8.88965,8.9389,8.8158,8.88965,142000,0
1992-09-08,8.88965,9.06205,8.86505,9.0128,232600,0
1992-09-09,9.0374,9.08665,9.0128,9.06205,166300,0
1992-09-10,9.0374,9.2098,9.0374,9.2098,193600,0
1992-09-11,9.2098,9.25905,9.18515,9.2344,175400,0
1992-09-14,9.25905,9.3329,9.1113,9.3083,346100,0
1992-09-15,9.2344,9.3083,9.16055,9.16055,173500,0
1992-09-16,9.1113,9.18515,9.06205,9.18515,167300,0
1992-09-17,9.2098,9.2344,9.1359,9.2344,235500,0
1992-09-18,9.35755,9.35755,9.25905,9.28365,378100,0
1992-09-21,9.25905,9.3329,9.2344,9.28365,87600,0
1992-09-22,9.25905,9.28365,9.1359,9.18515,177700,0
1992-09-23,9.2344,9.35755,9.2344,9.3329,116400,0
1992-09-24,9.3329,9.35755,9.16055,9.2098,142700,0
1992-09-25,9.2098,9.3083,9.1359,9.18515,107600,0
1992-09-28,9.1359,9.2344,9.1113,9.2344,126600,0
1992-09-29,9.2098,9.28365,9.18515,9.25905,82100,0
1992-09-30,9.25905,9.4068,9.2344,9.3329,182200,0
1992-10-01,9.3329,9.35755,9.2098,9.35755,130000,0
1992-10-02,9.35755,9.35755,9.1113,9.1359,168000,0
1992-10-05,9.1113,9.18515,8.79115,9.18515,201700,0
1992-10-06,9.2098,9.2344,9.08665,9.1359,102900,0
1992-10-07,9.18515,9.18515,8.96355,9.0374,162700,0
1992-10-08,9.08665,9.2344,9.08665,9.2344,161700,0
1992-10-09,9.2098,9.2344,9.0128,9.0128,105100,0
1992-10-12,9.0374,9.1113,9.0128,9.08665,74300,0
1992-10-13,9.08665,9.08665,9.0128,9.0374,149800,0
1992-10-14,9.0374,9.0374,8.98815,9.0374,97900,0
1992-10-15,8.9143,9.08665,8.88965,9.06205,179200,0
1992-10-16,9.06205,9.08665,9.0374,9.08665,100500,0
1992-10-19,9.06205,9.1359,9.06205,9.1359,142400,0
1992-10-20,9.16055,9.2344,9.16055,9.2344,201800,0
1992-10-21,9.2098,9.3329,9.2098,9.3083,110200,0
1992-10-22,9.3083,9.4068,9.25905,9.38215,97000,0
1992-10-23,9.4068,9.45605,9.3083,9.35755,133200,0
1992-10-26,9.28365,9.3329,9.18515,9.3083,105900,0
1992-10-27,9.28365,9.3083,9.2098,9.2344,110100,0
1992-10-28,9.25905,9.5053,9.2344,9.5053,110200,0
1992-10-29,9.45605,9.5053,9.431425,9.5053,198300,0
1992-10-30,9.55455,9.6038,9.480675,9.529925,161400,0
1992-11-02,9.529925,9.628425,9.45605,9.628425,156700,0
1992-11-03,9.628425,9.776175,9.628425,9.677675,207100,0
1992-11-04,9.677675,9.85005,9.628425,9.825425,238700,0
1992-11-05,9.85005,10.04705,9.85005,10.04705,295200,0
1992-11-06,9.9978,10.0963,9.923925,9.9978,330800,0
1992-11-09,9.94855,10.04705,9.8993,9.923925,226700,0
1992-11-10,9.973175,10.022425,9.923925,9.9978,159800,0
1992-11-11,9.9978,10.022425,9.923925,9.94855,282800,0
1992-11-12,9.8993,9.923925,9.85005,9.8993,131400,0
1992-11-13,9.874675,9.923925,9.874675,9.874675,182900,0
1992-11-16,9.874675,9.923925,9.85005,9.874675,201600,0
1992-11-17,9.8993,9.9978,9.874675,9.8993,149100,0
1992-11-18,9.94855,10.022425,9.923925,9.94855,190700,0
1992-11-19,9.94855,9.9978,9.8993,9.973175,238400,0
1992-11-20,10.022425,10.022425,9.8993,9.9978,272300,0
1992-11-23,9.9978,9.9978,9.973175,9.973175,159700,0
1992-11-24,9.9978,10.120925,9.9978,10.120925,298900,0
1992-11-25,10.071675,10.1948,10.071675,10.14555,132100,0
1992-11-27,10.1948,10.268675,10.14555,10.219425,63900,0
1992-11-30,10.24405,10.2933,10.1948,10.2933,121500,0
1992-12-01,10.317925,10.416425,10.2933,10.3918,296900,0
1992-12-02,10.317925,10.317925,10.071675,10.071675,312600,0
1992-12-03,10.120925,10.34255,10.0963,10.2933,295900,0
1992-12-04,10.2933,10.34255,10.219425,10.317925,181400,0
1992-12-07,10.317925,10.367175,10.24405,10.367175,271000,0
1992-12-08,10.367175,10.3918,10.268675,10.34255,239700,0
1992-12-09,10.24405,10.3918,10.24405,10.3918,206800,0
1992-12-10,10.34255,10.416425,10.317925,10.34255,228900,0
1992-12-11,10.2933,10.514925,10.268675,10.317925,102300,0
1992-12-14,10.317925,10.3918,10.268675,10.2933,204400,0
1992-12-15,10.2933,10.317925,10.24405,10.2933,225900,0
1992-12-16,10.34255,10.416425,10.317925,10.34255,238200,0
1992-12-17,10.367175,10.564175,10.317925,10.564175,171600,0
1992-12-18,10.63805,10.73655,10.613425,10.711925,333900,0
1992-12-21,10.6873,10.958175,10.662675,10.810425,132400,0
1992-12-22,10.859675,10.8843,10.73655,10.83505,160000,0
1992-12-23,10.810425,10.859675,10.711925,10.711925,137300,0
1992-12-24,10.73655,10.761175,10.613425,10.6873,92700,0
1992-12-28,10.761175,10.83505,10.711925,10.83505,82000,0
1992-12-29,10.810425,10.83505,10.63805,10.711925,122000,0
1992-12-30,10.613425,10.6873,10.564175,10.5888,142700,0
1992-12-31,10.53955,10.53955,10.44105,10.465675,200600,0
1993-01-04,10.4903,10.53955,10.170175,10.170175,370800,0
1993-01-05,10.219425,10.3918,10.14555,10.3918,232600,0
1993-01-06,10.3918,10.465675,10.3918,10.44105,128300,0
1993-01-07,10.44105,10.465675,10.2933,10.367175,260300,0
1993-01-08,10.34255,10.34255,10.14555,10.1948,292300,0
1993-01-11,10.14555,10.170175,10.04705,10.0963,181200,0
1993-01-12,10.0963,10.0963,9.8993,9.9978,247000,0
1993-01-13,9.9978,10.022425,9.874675,10.022425,221700,0
1993-01-14,10.14555,10.564175,10.120925,10.564175,454000,0
1993-01-15,10.53955,10.613425,10.3918,10.4903,342300,0
1993-01-18,10.416425,10.465675,10.317925,10.44105,254800,0
1993-01-19,10.44105,10.465675,10.2933,10.34255,211300,0
1993-01-20,10.34255,10.34255,10.1948,10.219425,184000,0
1993-01-21,10.268675,10.34255,10.219425,10.317925,197100,0
1993-01-22,10.317925,10.317925,10.219425,10.219425,141900,0
1993-01-25,10.24405,10.367175,10.219425,10.317925,461300,0
1993-01-26,10.317925,10.416425,10.2933,10.3918,396200,0
1993-01-27,10.3918,10.3918,10.14555,10.170175,288700,0
1993-01-28,10.170175,10.170175,9.9978,10.022425,188200,0
1993-01-29,10.04705,10.1948,9.94855,10.120925,269600,0
1993-02-01,10.2933,10.367175,10.24405,10.34255,293200,0
1993-02-02,10.367175,10.416425,10.34255,10.416425,212100,0
1993-02-03,10.44105,10.7858,10.416425,10.711925,719200,0
1993-02-04,10.7858,10.859675,10.73655,10.83505,351300,0
1993-02-05,10.859675,10.93355,10.83505,10.93355,252500,0
1993-02-08,10.8843,11.007425,10.83505,10.958175,141700,0
1993-02-09,10.908925,10.908925,10.83505,10.859675,172600,0
1993-02-10,10.83505,10.93355,10.83505,10.8843,161700,0
1993-02-11,10.908925,10.958175,10.83505,10.8843,241100,0
1993-02-12,10.8843,10.8843,10.7858,10.83505,124400,0
1993-02-16,10.7858,10.83505,10.564175,10.5888,215700,0
1993-02-17,10.564175,10.63805,10.416425,10.44105,205700,0
1993-02-18,10.5888,10.711925,10.5888,10.63805,233600,0
1993-02-19,10.662675,10.8843,10.662675,10.810425,203700,0
1993-02-22,10.83505,10.8843,10.810425,10.8843,162700,0
1993-02-23,10.908925,10.908925,10.7858,10.810425,196600,0
1993-02-24,10.7858,10.7858,10.44105,10.73655,334000,0
1993-02-25,10.7858,10.83505,10.6873,10.73655,227200,0
1993-02-26,10.761175,10.761175,10.53955,10.613425,151000,0
1993-03-01,10.5888,10.63805,10.564175,10.5888,129600,0
1993-03-02,10.53955,10.73655,10.53955,10.73655,220200,0
1993-03-03,10.6873,10.6873,10.564175,10.613425,300800,0
1993-03-04,10.613425,10.613425,10.465675,10.53955,188000,0
1993-03-05,10.4903,10.5888,10.4903,10.53955,237300,0
1993-03-08,10.613425,10.8843,10.564175,10.8843,198700,0
1993-03-09,10.908925,11.056675,10.7858,10.859675,202900,0
1993-03-10,10.810425,10.8843,10.761175,10.8843,147700,0
1993-03-11,10.8843,11.007425,10.7858,10.7858,222600,0
1993-03-12,10.7858,10.7858,10.613425,10.6873,154900,0
1993-03-15,10.6873,10.6873,10.613425,10.662675,116500,0
1993-03-16,10.6873,10.711925,10.4903,10.514925,303000,0
1993-03-17,10.514925,10.53955,10.465675,10.53955,403200,0
1993-03-18,10.564175,10.613425,10.44105,10.4903,233500,0
1993-03-19,10.514925,10.514925,10.219425,10.24405,424600,0
1993-03-22,10.24405,10.2933,10.1948,10.1948,355700,0
1993-03-23,10.219425,10.24405,10.022425,10.022425,303200,0
1993-03-24,10.120925,10.14555,9.94855,10.0963,310400,0
1993-03-25,10.0963,10.367175,10.071675,10.317925,161800,0
1993-03-26,10.367175,10.367175,10.24405,10.24405,181200,0
1993-03-29,10.317925,10.465675,10.317925,10.34255,178800,0
1993-03-30,10.2933,10.367175,10.24405,10.34255,112200,0
1993-03-31,10.34255,10.3918,10.2933,10.2933,155700,0
1993-04-01,10.34255,10.367175,10.219425,10.367175,208600,0
1993-04-02,10.268675,10.34255,10.24405,10.317925,166800,0
1993-04-05,10.34255,10.416425,10.14555,10.24405,300400,0
1993-04-06,10.1948,10.219425,9.825425,9.8993,365100,0
1993-04-07,9.94855,9.9978,9.8993,9.9978,344000,0
1993-04-08,9.94855,9.9978,9.677675,9.825425,289200,0
1993-04-12,9.85005,10.0963,9.85005,9.9978,317200,0
1993-04-13,10.14555,10.2933,10.14555,10.24405,416600,0
1993-04-14,10.1948,10.24405,10.14555,10.24405,389700,0
1993-04-15,10.219425,10.24405,9.973175,10.04705,200400,0
1993-04-16,10.04705,10.04705,9.4068,9.55455,1023000,0
1993-04-19,9.579175,9.677675,9.45605,9.45605,494000,0
1993-04-20,9.45605,9.55455,9.28365,9.5053,652700,0
1993-04-21,9.5053,9.825425,9.38215,9.8008,484100,0
1993-04-22,9.75155,9.776175,9.6038,9.65305,217600,0
1993-04-23,9.6038,9.628425,9.35755,9.45605,282900,0
1993-04-26,9.45605,9.529925,9.4068,9.529925,500800,0
1993-04-27,9.529925,9.65305,9.45605,9.65305,463100,0
1993-04-28,9.628425,9.7023,9.529925,9.7023,278000,0
1993-04-29,9.7023,9.7023,9.579175,9.628425,248400,0
1993-04-30,9.65305,9.776175,9.65305,9.7023,160800,0
1993-05-03,9.75155,9.75155,9.628425,9.7023,237100,0
1993-05-04,9.75155,9.85005,9.726925,9.8008,422700,0
1993-05-05,9.825425,9.825425,9.776175,9.8008,305200,0
1993-05-06,9.776175,9.8008,9.75155,9.8008,148800,0
1993-05-07,9.8008,9.8008,9.726925,9.726925,137300,0
1993-05-10,9.7023,9.825425,9.7023,9.726925,295300,0
1993-05-11,9.7023,9.75155,9.677675,9.75155,149800,0
1993-05-12,9.7023,9.726925,9.65305,9.677675,119800,0
1993-05-13,9.6038,9.628425,9.55455,9.6038,236000,0
1993-05-14,9.6038,9.677675,9.579175,9.579175,170200,0
1993-05-17,9.55455,9.628425,9.529925,9.6038,156700,0
1993-05-18,9.529925,9.579175,9.5053,9.55455,288800,0
1993-05-19,9.529925,9.8008,9.480675,9.8008,239400,0
1993-05-20,9.8008,9.825425,9.776175,9.825425,165100,0
1993-05-21,9.825425,9.825425,9.75155,9.8008,286600,0
1993-05-24,9.776175,9.874675,9.776175,9.874675,239200,0
1993-05-25,9.923925,9.973175,9.874675,9.923925,191100,0
1993-05-26,9.923925,9.94855,9.776175,9.923925,118700,0
1993-05-27,9.94855,9.94855,9.7023,9.75155,240400,0
1993-05-28,9.776175,9.776175,9.480675,9.55455,199000,0
1993-06-01,9.628425,9.776175,9.6038,9.75155,215200,0
1993-06-02,9.7023,9.8008,9.677675,9.726925,422500,0
1993-06-03,9.677675,9.776175,9.677675,9.776175,166400,0
1993-06-04,9.726925,9.8008,9.7023,9.776175,246100,0
1993-06-07,9.825425,9.8993,9.75155,9.776175,301300,0
1993-06-08,9.726925,9.776175,9.7023,9.726925,206000,0
1993-06-09,9.726925,9.726925,9.677675,9.7023,187100,0
1993-06-10,9.7023,9.726925,9.65305,9.677675,157400,0
1993-06-11,9.75155,9.8008,9.677675,9.7023,366600,0
1993-06-14,9.7023,9.726925,9.65305,9.7023,194400,0
1993-06-15,9.75155,9.8008,9.677675,9.7023,111600,0
1993-06-16,9.7023,9.726925,9.55455,9.65305,220400,0
1993-06-17,9.7023,9.7023,9.3329,9.35755,394000,0
1993-06-18,9.38215,9.4068,9.25905,9.25905,391300,0
1993-06-21,9.25905,9.35755,9.25905,9.3329,202700,0
1993-06-22,9.38215,9.4068,9.2344,9.25905,489900,0
1993-06-23,9.25905,9.38215,9.25905,9.35755,832300,0
1993-06-24,9.35755,9.628425,9.35755,9.6038,403200,0
1993-06-25,9.579175,9.579175,9.480675,9.480675,267900,0
1993-06-28,9.480675,9.5053,9.45605,9.480675,209900,0
1993-06-29,9.480675,9.5053,9.45605,9.45605,145800,0
1993-06-30,9.45605,9.5053,9.4068,9.45605,127900,0
1993-07-01,9.431425,9.6038,9.431425,9.55455,224300,0
1993-07-02,9.579175,9.677675,9.579175,9.628425,320200,0
1993-07-06,9.628425,9.628425,9.28365,9.3329,220500,0
1993-07-07,9.35755,9.38215,9.25905,9.3083,238900,0
1993-07-08,9.28365,9.38215,9.25905,9.35755,309800,0
1993-07-09,9.35755,9.38215,9.3083,9.35755,195800,0
1993-07-12,9.35755,9.5053,9.3083,9.5053,271500,0
1993-07-13,9.5053,9.579175,9.45605,9.480675,197800,0
1993-07-14,9.5053,9.7023,9.45605,9.65305,162800,0
1993-07-15,9.628425,9.65305,9.6038,9.628425,81700,0
1993-07-16,9.65305,9.65305,9.579175,9.628425,136900,0
1993-07-19,9.628425,9.628425,9.55455,9.6038,107600,0
1993-07-20,9.579175,9.628425,9.529925,9.628425,112600,0
1993-07-21,9.65305,9.677675,9.579175,9.6038,170200,0
1993-07-22,9.628425,9.628425,9.579175,9.628425,158700,0
1993-07-23,9.6038,9.7023,9.6038,9.7023,119000,0
1993-07-26,9.677675,9.8008,9.677675,9.776175,134200,0
1993-07-27,9.8008,9.825425,9.75155,9.825425,90600,0
1993-07-28,9.825425,9.85005,9.726925,9.726925,150100,0
1993-07-29,9.75155,9.825425,9.726925,9.8008,110600,0
1993-07-30,9.825425,9.923925,9.75155,9.8008,131600,0
1993-08-02,9.8008,9.874675,9.726925,9.8008,189700,0
1993-08-03,9.7023,9.726925,9.677675,9.726925,182200,0
1993-08-04,9.677675,9.726925,9.65305,9.7023,155800,0
1993-08-05,9.7023,9.85005,9.65305,9.85005,163500,0
1993-08-06,9.874675,9.8993,9.85005,9.8993,160100,0
1993-08-09,9.923925,10.14555,9.8993,10.14555,212800,0
1993-08-10,10.0963,10.120925,10.04705,10.071675,134400,0
1993-08-11,9.9978,10.04705,9.973175,10.022425,158000,0
1993-08-12,9.973175,10.022425,9.923925,9.973175,149900,0
1993-08-13,10.04705,10.04705,9.973175,10.022425,132400,0
1993-08-16,10.022425,10.14555,9.9978,10.120925,155000,0
1993-08-17,10.170175,10.170175,9.825425,9.825425,333500,0
1993-08-18,9.825425,9.85005,9.726925,9.726925,380900,0
1993-08-19,9.726925,9.726925,9.529925,9.529925,357100,0
1993-08-20,9.6038,9.6038,9.480675,9.55455,277400,0
1993-08-23,9.579175,9.6038,9.529925,9.55455,271900,0
1993-08-24,9.6038,9.677675,9.579175,9.65305,206900,0
1993-08-25,9.628425,9.65305,9.45605,9.45605,164200,0
1993-08-26,9.55455,9.6038,9.480675,9.55455,293500,0
1993-08-27,9.5053,9.579175,9.38215,9.4068,330000,0
1993-08-30,9.431425,9.55455,9.431425,9.55455,178400,0
1993-08-31,9.6038,9.628425,9.529925,9.6038,434100,0
1993-09-01,9.6038,9.65305,9.529925,9.55455,498500,0
1993-09-02,9.5053,9.55455,9.4068,9.529925,243800,0
1993-09-03,9.529925,9.7023,9.529925,9.65305,704800,0
1993-09-07,9.6038,9.677675,9.579175,9.579175,305300,0
1993-09-08,9.55455,9.6038,9.480675,9.55455,344800,0
1993-09-09,9.55455,9.6038,9.5053,9.529925,237800,0
1993-09-10,9.55455,9.677675,9.529925,9.65305,282600,0
1993-09-13,9.65305,9.8008,9.65305,9.7023,245800,0
1993-09-14,9.628425,9.65305,9.529925,9.6038,279600,0
1993-09-15,9.579175,9.776175,9.5053,9.75155,261000,0
1993-09-16,9.8008,9.85005,9.726925,9.776175,305800,0
1993-09-17,9.628425,9.7023,9.628425,9.7023,402600,0
1993-09-20,9.65305,9.825425,9.65305,9.776175,223600,0
1993-09-21,9.776175,9.776175,9.677675,9.7023,228100,0
1993-09-22,9.677675,9.94855,9.677675,9.923925,352600,0
1993-09-23,9.973175,10.14555,9.94855,10.14555,281300,0
1993-09-24,10.120925,10.170175,10.04705,10.0963,211300,0
1993-09-27,10.0963,10.268675,10.04705,10.268675,282100,0
1993-09-28,10.24405,10.367175,10.24405,10.268675,235000,0
1993-09-29,10.268675,10.2933,10.14555,10.170175,166600,0
1993-09-30,10.170175,10.1948,9.8993,9.8993,230600,0
1993-10-01,9.8993,9.973175,9.776175,9.874675,345200,0
1993-10-04,9.8993,9.923925,9.825425,9.8993,191700,0
1993-10-05,9.923925,10.071675,9.825425,9.8993,185500,0
1993-10-06,9.94855,10.0963,9.923925,9.973175,368200,0
1993-10-07,10.022425,10.022425,9.94855,9.973175,168500,0
1993-10-08,9.9978,10.04705,9.874675,9.973175,181200,0
1993-10-11,10.04705,10.04705,9.94855,9.973175,77100,0
1993-10-12,10.022425,10.022425,9.8993,9.8993,189700,0
1993-10-13,9.8993,10.04705,9.85005,10.022425,217900,0
1993-10-14,10.0963,10.24405,10.071675,10.219425,211700,0
1993-10-15,10.2933,10.465675,10.268675,10.416425,293000,0
1993-10-18,10.367175,10.4903,10.34255,10.44105,220400,0
1993-10-19,10.416425,10.44105,10.34255,10.416425,171700,0
1993-10-20,10.367175,10.367175,10.219425,10.2933,303000,0
1993-10-21,10.34255,10.3918,10.2933,10.34255,117400,0
1993-10-22,10.367175,10.465675,10.34255,10.416425,236000,0
1993-10-25,10.44105,10.44105,10.34255,10.416425,121800,0
1993-10-26,10.3918,10.416425,10.367175,10.3918,127700,0
1993-10-27,10.416425,10.465675,10.367175,10.465675,122900,0
1993-10-28,10.465675,10.63805,10.465675,10.514925,157000,0
1993-10-29,10.514925,10.564175,10.4903,10.514925,182600,0
1993-11-01,10.465675,10.514925,10.416425,10.4903,100700,0
1993-11-02,10.514925,10.514925,10.34255,10.3918,205000,0
1993-11-03,10.3918,10.416425,10.317925,10.3918,181500,0
1993-11-04,10.34255,10.416425,10.071675,10.0963,229500,0
1993-11-05,10.04705,10.14555,10.022425,10.071675,166400,0
1993-11-08,10.071675,10.34255,10.04705,10.2933,281100,0
1993-11-09,10.3918,10.44105,10.317925,10.44105,216900,0
1993-11-10,10.44105,10.63805,10.367175,10.613425,239100,0
1993-11-11,10.5888,10.711925,10.564175,10.564175,173600,0
1993-11-12,10.5888,10.73655,10.5888,10.73655,356400,0
1993-11-15,10.6873,10.8843,10.6873,10.7858,289100,0
1993-11-16,10.810425,11.13055,10.7858,11.056675,601100,0
1993-11-17,11.03205,11.0813,10.83505,10.93355,405100,0
1993-11-18,10.8843,10.8843,10.761175,10.761175,359700,0
1993-11-19,10.761175,10.761175,10.662675,10.761175,258600,0
1993-11-22,10.711925,10.8843,10.6873,10.810425,373700,0
1993-11-23,10.810425,10.810425,10.53955,10.63805,264200,0
1993-11-24,10.6873,10.7858,10.63805,10.711925,192800,0
1993-11-26,10.761175,10.93355,10.761175,10.908925,87800,0
1993-11-29,10.8843,10.908925,10.761175,10.8843,308600,0
1993-11-30,10.859675,10.958175,10.83505,10.859675,133600,0
1993-12-01,10.8843,11.007425,10.859675,10.8843,244800,0
1993-12-02,10.908925,10.9828,10.8843,10.9828,127300,0
1993-12-03,10.9828,10.9828,10.83505,10.8843,233300,0
1993-12-06,10.8843,10.8843,10.7858,10.83505,388600,0
1993-12-07,10.859675,10.908925,10.83505,10.8843,128500,0
1993-12-08,10.908925,10.93355,10.761175,10.93355,227800,0
1993-12-09,10.958175,11.13055,10.908925,10.908925,250500,0
1993-12-10,10.8843,10.93355,10.859675,10.859675,120300,0
1993-12-13,10.761175,10.958175,10.761175,10.958175,158900,0
1993-12-14,10.958175,10.9828,10.8843,10.93355,166800,0
1993-12-15,10.958175,11.007425,10.83505,10.83505,130600,0
1993-12-16,10.83505,10.908925,10.761175,10.859675,175500,0
1993-12-17,10.908925,10.9828,10.859675,10.9828,238000,0
1993-12-20,10.9828,11.105925,10.93355,11.03205,149600,0
1993-12-21,10.9828,11.13055,10.93355,11.007425,197000,0
1993-12-22,11.105925,11.13055,11.056675,11.105925,200500,0
1993-12-23,11.0813,11.0813,10.9828,11.03205,204900,0
1993-12-27,11.0813,11.204425,11.03205,11.155175,197600,0
1993-12-28,11.105925,11.155175,11.056675,11.13055,130900,0
1993-12-29,11.13055,11.13055,11.03205,11.105925,125500,0
1993-12-30,11.105925,11.105925,11.03205,11.03205,162500,0
1993-12-31,11.056675,11.0813,10.8843,10.8843,153300,0
1994-01-03,10.908925,10.908925,10.73655,10.761175,250800,0
1994-01-04,10.761175,10.8843,10.761175,10.83505,211000,0
1994-01-05,10.7858,10.810425,10.613425,10.6873,231800,0
1994-01-06,10.6873,10.6873,10.53955,10.5888,227900,0
1994-01-07,10.5888,10.73655,10.465675,10.662675,328700,0
1994-01-10,10.711925,10.8843,10.662675,10.83505,325100,0
1994-01-11,10.810425,10.8843,10.7858,10.810425,270300,0
1994-01-12,10.761175,10.7858,10.564175,10.613425,360900,0
1994-01-13,10.63805,10.6873,10.317925,10.3918,593800,0
1994-01-14,10.44105,10.63805,10.44105,10.613425,224300,0
1994-01-17,10.63805,10.711925,10.53955,10.613425,147900,0
1994-01-18,10.564175,10.662675,10.564175,10.564175,178800,0
1994-01-19,10.465675,10.514925,10.3918,10.44105,231100,0
1994-01-20,10.44105,10.44105,10.2933,10.367175,219900,0
1994-01-21,10.268675,10.4903,10.268675,10.416425,218900,0
1994-01-24,10.416425,10.53955,10.367175,10.3918,155600,0
1994-01-25,10.34255,10.44105,10.34255,10.367175,169200,0
1994-01-26,10.367175,10.44105,10.2933,10.44105,241000,0
1994-01-27,10.367175,10.613425,10.317925,10.53955,143400,0
1994-01-28,10.5888,10.810425,10.44105,10.44105,298300,0
1994-01-31,10.465675,10.564175,10.2933,10.317925,178500,0
1994-02-01,10.34255,10.3918,10.317925,10.34255,249400,0
1994-02-02,10.34255,10.465675,10.34255,10.416425,210000,0
1994-02-03,10.367175,10.44105,10.34255,10.416425,132200,0
1994-02-04,10.44105,10.4903,10.2933,10.2933,266900,0
1994-02-07,10.268675,10.44105,10.24405,10.3918,261400,0
1994-02-08,10.3918,10.3918,10.2933,10.2933,293900,0
1994-02-09,10.2933,10.367175,10.268675,10.317925,363500,0
1994-02-10,10.34255,10.416425,10.317925,10.367175,226900,0
1994-02-11,10.3918,10.3918,10.2933,10.2933,85000,0
1994-02-14,10.317925,10.367175,10.2933,10.34255,132300,0
1994-02-15,10.367175,10.367175,10.268675,10.268675,293800,0
1994-02-16,10.268675,10.317925,10.24405,10.268675,189200,0
1994-02-17,10.317925,10.317925,9.9978,10.14555,263200,0
1994-02-18,10.0963,10.120925,9.8993,9.9978,315400,0
1994-02-22,10.04705,10.2933,10.022425,10.24405,219700,0
1994-02-23,10.219425,10.268675,10.120925,10.170175,208200,0
1994-02-24,10.120925,10.14555,9.94855,10.04705,369000,0
1994-02-25,9.9978,10.120925,9.973175,10.04705,189000,0
1994-02-28,10.0963,10.120925,10.071675,10.0963,164700,0
1994-03-01,10.120925,10.170175,9.9978,10.04705,209000,0
1994-03-02,10.04705,10.4903,9.9978,10.3918,537500,0
1994-03-03,10.4903,10.662675,10.44105,10.564175,534600,0
1994-03-04,10.564175,10.7858,10.4903,10.73655,478700,0
1994-03-07,10.73655,10.8843,10.73655,10.810425,323700,0
1994-03-08,10.7858,10.93355,10.711925,10.810425,430900,0
1994-03-09,10.761175,10.810425,10.6873,10.73655,351300,0
1994-03-10,10.7858,10.810425,10.662675,10.662675,329000,0
1994-03-11,10.6873,10.711925,10.53955,10.5888,230600,0
1994-03-14,10.514925,10.662675,10.44105,10.662675,225900,0
1994-03-15,10.662675,10.662675,10.416425,10.53955,248700,0
1994-03-16,10.514925,10.63805,10.514925,10.63805,99300,0
1994-03-17,10.63805,10.6873,10.53955,10.6873,303100,0
1994-03-18,10.7858,10.810425,10.711925,10.7858,473600,0
1994-03-21,10.73655,10.810425,10.6873,10.7858,207400,0
1994-03-22,10.7858,10.859675,10.7858,10.83505,278700,0
1994-03-23,10.8843,10.93355,10.83505,10.83505,306400,0
1994-03-24,10.859675,10.8843,10.5888,10.5888,316100,0
1994-03-25,10.63805,10.6873,10.4903,10.514925,139700,0
1994-03-28,10.564175,10.5888,10.465675,10.465675,203300,0
1994-03-29,10.564175,10.564175,10.367175,10.367175,145200,0
1994-03-30,10.34255,10.3918,10.0963,10.120925,373500,0
1994-03-31,10.0963,10.219425,9.94855,10.0963,474500,0
1994-04-04,9.8993,10.0963,9.85005,9.94855,462600,0
1994-04-05,10.04705,10.14555,10.022425,10.120925,542600,0
1994-04-06,10.170175,10.170175,10.04705,10.170175,411700,0
1994-04-07,10.219425,10.24405,10.120925,10.1948,202100,0
1994-04-08,10.170175,10.2933,10.14555,10.170175,317800,0
1994-04-11,10.219425,10.2933,10.14555,10.2933,187300,0
1994-04-12,10.34255,10.367175,10.219425,10.24405,228300,0
1994-04-13,10.1948,10.24405,9.85005,10.04705,361800,0
1994-04-14,9.9978,10.14555,9.94855,9.9978,179500,0
1994-04-15,9.9978,10.120925,9.874675,9.874675,231600,0
1994-04-18,9.8993,9.8993,9.726925,9.8008,321100,0
1994-04-19,9.75155,9.874675,9.726925,9.8008,415400,0
1994-04-20,9.825425,9.825425,9.38215,9.65305,366300,0
1994-04-21,9.7023,9.923925,9.7023,9.825425,358500,0
1994-04-22,9.8993,9.8993,9.776175,9.874675,291300,0
1994-04-25,9.923925,10.120925,9.874675,10.071675,285400,0
1994-04-26,10.022425,10.14555,10.022425,10.120925,278600,0
1994-04-28,10.0963,10.120925,10.04705,10.04705,363700,0
1994-04-29,10.04705,10.1948,9.9978,10.14555,285200,0
1994-05-02,10.1948,10.1948,10.0963,10.170175,200100,0
1994-05-03,10.170175,10.170175,9.9978,10.14555,163300,0
1994-05-04,10.120925,10.1948,10.04705,10.170175,164300,0
1994-05-05,10.14555,10.219425,10.120925,10.120925,124700,0
1994-05-06,10.120925,10.120925,9.874675,9.973175,117700,0
1994-05-09,9.9978,9.9978,9.874675,9.923925,237900,0
1994-05-10,9.973175,10.04705,9.923925,9.923925,148700,0
1994-05-11,9.923925,9.973175,9.677675,9.776175,262900,0
1994-05-12,9.825425,9.874675,9.8008,9.825425,186000,0
1994-05-13,9.874675,9.8993,9.75155,9.8993,149800,0
1994-05-16,9.8993,9.923925,9.8008,9.85005,123200,0
1994-05-17,9.85005,10.022425,9.8008,9.9978,263500,0
1994-05-18,10.071675,10.170175,10.04705,10.120925,197200,0
1994-05-19,10.14555,10.14555,10.04705,10.120925,208000,0
1994-05-20,10.120925,10.170175,10.0963,10.0963,440000,0
1994-05-23,9.9978,9.9978,9.874675,9.973175,206500,0
1994-05-24,10.022425,10.268675,9.973175,10.0963,309300,0
1994-05-25,9.94855,10.120925,9.923925,10.120925,296500,0
1994-05-26,10.120925,10.317925,10.071675,10.2933,198300,0
1994-05-27,10.24405,10.514925,10.24405,10.367175,206300,0
1994-05-31,10.367175,10.53955,10.317925,10.514925,255000,0
1994-06-01,10.465675,10.465675,10.317925,10.416425,218500,0
1994-06-02,10.44105,10.514925,10.3918,10.465675,150600,0
1994-06-03,10.465675,10.514925,10.44105,10.4903,261400,0
1994-06-06,10.514925,10.5888,10.4903,10.514925,205300,0
1994-06-07,10.514925,10.564175,10.465675,10.514925,142700,0
1994-06-08,10.53955,10.53955,10.44105,10.465675,152100,0
1994-06-09,10.44105,10.514925,10.367175,10.4903,226900,0
1994-06-10,10.514925,10.711925,10.514925,10.63805,162900,0
1994-06-13,10.6873,10.73655,10.662675,10.6873,158900,0
1994-06-14,10.711925,10.7858,10.6873,10.7858,210600,0
1994-06-15,10.7858,10.83505,10.711925,10.711925,169700,0
1994-06-16,10.761175,10.8843,10.73655,10.83505,168000,0
1994-06-17,10.859675,10.8843,10.73655,10.7858,372800,0
1994-06-20,10.73655,10.7858,10.613425,10.6873,185700,0
1994-06-21,10.6873,10.6873,10.416425,10.53955,176300,0
1994-06-22,10.5888,10.613425,10.514925,10.613425,190200,0
1994-06-23,10.613425,10.662675,10.53955,10.53955,126000,0
1994-06-24,10.53955,10.564175,10.34255,10.3918,113300,0
1994-06-27,10.367175,10.53955,10.268675,10.4903,154300,0
1994-06-28,10.514925,10.613425,10.3918,10.5888,143500,0
1994-06-29,10.53955,10.63805,10.53955,10.5888,234200,0
1994-06-30,10.5888,10.5888,10.416425,10.465675,184900,0
1994-07-01,10.514925,10.5888,10.465675,10.5888,166100,0
1994-07-05,10.53955,10.5888,10.4903,10.514925,110900,0
1994-07-06,10.4903,10.514925,10.3918,10.465675,170100,0
1994-07-07,10.465675,10.4903,10.416425,10.4903,108000,0
1994-07-08,10.44105,10.465675,10.317925,10.367175,173100,0
1994-07-11,10.367175,10.3918,10.2933,10.3918,184200,0
1994-07-12,10.367175,10.514925,10.317925,10.4903,222900,0
1994-07-13,10.465675,10.564175,10.465675,10.465675,179700,0
1994-07-14,10.4903,10.613425,10.4903,10.613425,190400,0
1994-07-15,10.5888,10.613425,10.514925,10.53955,212600,0
1994-07-18,10.5888,10.5888,10.514925,10.53955,83000,0
1994-07-19,10.53955,10.53955,10.3918,10.3918,107900,0
1994-07-20,10.3918,10.3918,10.219425,10.2933,124600,0
1994-07-21,10.2933,10.2933,10.1948,10.24405,158800,0
1994-07-22,10.2933,10.2933,10.14555,10.268675,176300,0
1994-07-25,10.24405,10.268675,10.14555,10.170175,296200,0
1994-07-26,10.04705,10.170175,9.9978,10.14555,327500,0
1994-07-27,10.0963,10.0963,10.04705,10.071675,231700,0
1994-07-28,10.04705,10.071675,9.9978,10.022425,441400,0
1994-07-29,10.04705,10.170175,10.022425,10.14555,240500,0
1994-08-01,10.1948,10.317925,10.1948,10.317925,383200,0
1994-08-02,10.367175,10.3918,10.317925,10.34255,146100,0
1994-08-03,10.2933,10.367175,10.2933,10.34255,163000,0
1994-08-04,10.367175,10.416425,10.317925,10.34255,182300,0
1994-08-05,10.317925,10.367175,10.317925,10.34255,94900,0
1994-08-08,10.34255,10.465675,10.34255,10.416425,174800,0
1994-08-09,10.3918,10.465675,10.34255,10.44105,117100,0
1994-08-10,10.465675,10.514925,10.416425,10.514925,139300,0
1994-08-11,10.564175,10.564175,10.34255,10.416425,151900,0
1994-08-12,10.465675,10.514925,10.44105,10.44105,117700,0
1994-08-15,10.4903,10.613425,10.416425,10.564175,252100,0
1994-08-16,10.53955,10.6873,10.53955,10.63805,277800,0
1994-08-17,10.711925,10.711925,10.5888,10.63805,254300,0
1994-08-18,10.63805,10.63805,10.53955,10.613425,230400,0
1994-08-19,10.63805,10.63805,10.514925,10.514925,182100,0
1994-08-22,10.465675,10.465675,10.3918,10.3918,213100,0
1994-08-23,10.416425,10.4903,10.3918,10.416425,335900,0
1994-08-24,10.44105,10.465675,10.3918,10.416425,195100,0
1994-08-25,10.416425,10.465675,10.3918,10.465675,359100,0
1994-08-26,10.4903,10.73655,10.4903,10.711925,222900,0
1994-08-29,10.711925,10.73655,10.613425,10.613425,197100,0
1994-08-30,10.63805,10.6873,10.514925,10.6873,375300,0
1994-08-31,10.63805,10.73655,10.613425,10.662675,249200,0
1994-09-01,10.613425,10.63805,10.564175,10.613425,121500,0
1994-09-02,10.662675,10.662675,10.564175,10.5888,100500,0
1994-09-06,10.5888,10.613425,10.564175,10.5888,72500,0
1994-09-07,10.5888,10.6873,10.514925,10.6873,154200,0
1994-09-08,10.6873,10.73655,10.63805,10.6873,226800,0
1994-09-09,10.63805,10.63805,10.564175,10.613425,141300,0
1994-09-12,10.5888,10.63805,10.53955,10.564175,261700,0
1994-09-13,10.564175,10.6873,10.53955,10.6873,229000,0
1994-09-14,10.662675,10.8843,10.662675,10.8843,591700,0
1994-09-15,11.13055,11.204425,11.0813,11.204425,508800,0
1994-09-16,11.056675,11.13055,11.007425,11.105925,871500,0
1994-09-19,11.105925,11.13055,11.056675,11.056675,209700,0
1994-09-20,11.007425,11.03205,10.83505,10.83505,600500,0
1994-09-21,10.859675,10.8843,10.761175,10.7858,442200,0
1994-09-22,10.83505,10.908925,10.83505,10.859675,202100,0
1994-09-23,10.810425,10.83505,10.761175,10.7858,139400,0
1994-09-26,10.73655,11.056675,10.73655,11.056675,219500,0
1994-09-27,11.03205,11.105925,11.007425,11.007425,177200,0
1994-09-28,11.007425,11.105925,10.958175,10.9828,113600,0
1994-09-29,11.03205,11.056675,10.9828,11.03205,143100,0
1994-09-30,11.056675,11.105925,11.007425,11.0813,149500,0
1994-10-03,11.056675,11.0813,11.007425,11.056675,193300,0
1994-10-04,11.056675,11.105925,10.908925,10.93355,232100,0
1994-10-05,10.859675,10.8843,10.761175,10.859675,155400,0
1994-10-06,10.8843,10.908925,10.73655,10.73655,167900,0
1994-10-07,10.761175,10.810425,10.711925,10.761175,84700,0
1994-10-10,10.8843,11.105925,10.83505,11.0813,113900,0
1994-10-11,11.0813,11.302925,11.056675,11.204425,207100,0
1994-10-12,11.1798,11.253675,11.056675,11.155175,127500,0
1994-10-13,11.2783,11.32755,11.204425,11.22905,173400,0
1994-10-14,11.2783,11.302925,11.1798,11.253675,269800,0
1994-10-17,11.2783,11.2783,11.13055,11.204425,114100,0
1994-10-18,11.22905,11.22905,11.155175,11.22905,93600,0
1994-10-19,11.204425,11.401425,11.155175,11.401425,269600,0
1994-10-20,11.401425,11.450675,11.253675,11.352175,226400,0
1994-10-21,11.32755,11.352175,11.22905,11.302925,141900,0
1994-10-24,11.32755,11.3768,11.22905,11.2783,216500,0
1994-10-25,11.13055,11.22905,11.0813,11.155175,279500,0
1994-10-26,11.204425,11.204425,11.03205,11.03205,219300,0
1994-10-27,11.056675,11.105925,11.007425,11.105925,181500,0
1994-10-28,11.105925,11.450675,10.83505,11.401425,247300,0
1994-10-31,11.450675,11.598425,11.450675,11.499925,280900,0
1994-11-01,11.4753,11.499925,11.2783,11.32755,246800,0
1994-11-02,11.2783,11.401425,11.22905,11.22905,190200,0
1994-11-03,11.2783,11.302925,11.1798,11.1798,95000,0
1994-11-04,11.22905,11.352175,11.204425,11.253675,182900,0
1994-11-07,11.302925,11.302925,11.1798,11.253675,171700,0
1994-11-08,11.2783,11.401425,11.22905,11.3768,155200,0
1994-11-09,11.4753,11.499925,11.401425,11.42605,258200,0
1994-11-10,11.450675,11.5738,11.3768,11.3768,246100,0
1994-11-11,11.302925,11.32755,11.204425,11.2783,122200,0
1994-11-14,11.302925,11.352175,11.204425,11.22905,238300,0
1994-11-15,11.302925,11.3768,11.22905,11.253675,149000,0
1994-11-16,11.253675,11.32755,11.22905,11.253675,141500,0
1994-11-17,11.253675,11.32755,11.253675,11.2783,119000,0
1994-11-18,11.2783,11.32755,11.204425,11.2783,147700,0
1994-11-21,11.32755,11.32755,11.1798,11.2783,190500,0
1994-11-22,11.253675,11.42605,11.22905,11.253675,233300,0
1994-11-23,11.03205,11.03205,10.810425,10.958175,430000,0
1994-11-25,10.958175,11.03205,10.958175,11.03205,78400,0
1994-11-28,11.007425,11.105925,10.958175,11.0813,174700,0
1994-11-29,11.056675,11.105925,11.007425,11.105925,185300,0
1994-11-30,11.0813,11.105925,10.9828,11.007425,242900,0
1994-12-01,10.9828,11.007425,10.761175,10.761175,198200,0
1994-12-02,10.7858,10.908925,10.7858,10.83505,261900,0
1994-12-05,10.859675,10.859675,10.761175,10.761175,126100,0
1994-12-06,10.83505,11.056675,10.810425,10.93355,151600,0
1994-12-07,10.8843,10.9828,10.8843,10.9828,103000,0
1994-12-08,10.93355,10.958175,10.711925,10.73655,123500,0
1994-12-09,10.73655,10.73655,10.514925,10.53955,195500,0
1994-12-12,10.4903,10.514925,10.34255,10.3918,494200,0
1994-12-13,10.53955,10.93355,10.53955,10.8843,380200,0
1994-12-14,10.83505,11.0813,10.83505,11.0813,302400,0
1994-12-15,11.007425,11.13055,11.007425,11.105925,277000,0
1994-12-16,11.155175,11.204425,11.0813,11.13055,483100,0
1994-12-19,11.03205,11.155175,11.007425,11.105925,251900,0
1994-12-20,11.105925,11.204425,11.0813,11.204425,389300,0
1994-12-21,11.155175,11.499925,11.155175,11.450675,335000,0
1994-12-22,11.450675,11.598425,11.401425,11.450675,268800,0
1994-12-23,11.450675,11.52455,11.42605,11.4753,114000,0
1994-12-27,11.549175,11.696925,11.549175,11.696925,130700,0
1994-12-28,11.6723,11.7708,11.598425,11.647675,216500,0
1994-12-29,11.62305,11.62305,11.52455,11.5738,95800,0
1994-12-30,11.598425,11.62305,11.499925,11.52455,94200,0
1995-01-03,11.4753,11.52455,11.32755,11.52455,234800,0
1995-01-04,11.499925,11.5738,11.450675,11.4753,212900,0
1995-01-05,11.549175,11.5738,11.4753,11.549175,200400,0
1995-01-06,11.549175,11.598425,11.4753,11.549175,354600,0
1995-01-09,11.52455,11.5738,11.499925,11.549175,107600,0
1995-01-10,11.598425,11.7708,11.549175,11.72155,268200,0
1995-01-11,11.82005,11.893925,11.7708,11.8693,343100,0
1995-01-12,11.7708,12.041675,11.7708,11.992425,419000,0
1995-01-13,12.01705,12.01705,11.8693,11.943175,495200,0
1995-01-16,11.943175,12.140175,11.943175,11.992425,357100,0
1995-01-17,11.893925,11.893925,11.746175,11.82005,356000,0
1995-01-18,11.7708,11.82005,11.72155,11.7708,166900,0
1995-01-19,11.72155,11.82005,11.647675,11.795425,178200,0
1995-01-20,11.82005,11.82005,11.52455,11.5738,285900,0
1995-01-23,11.52455,11.647675,11.499925,11.598425,282400,0
1995-01-24,11.647675,11.696925,11.62305,11.62305,125800,0
1995-01-25,11.5738,11.62305,11.52455,11.52455,195900,0
1995-01-26,11.52455,11.6723,11.52455,11.62305,127100,0
1995-01-27,11.6723,11.7708,11.52455,11.598425,186300,0
1995-01-30,11.598425,11.598425,11.52455,11.549175,137000,0
1995-01-31,11.5738,11.72155,11.549175,11.6723,327000,0
1995-02-01,11.6723,11.696925,11.52455,11.62305,223000,0
1995-02-02,11.598425,11.7708,11.5738,11.7708,159200,0
1995-02-03,11.795425,11.91855,11.7708,11.91855,408100,0
1995-02-06,11.943175,12.140175,11.943175,12.01705,251000,0
1995-02-07,11.9678,12.01705,11.893925,12.01705,260800,0
1995-02-08,12.01705,12.11555,12.01705,12.0663,249800,0
1995-02-09,12.0663,12.140175,11.992425,12.090925,126900,0
1995-02-10,12.0663,12.090925,11.943175,12.041675,108400,0
1995-02-13,12.041675,12.2633,12.01705,12.2633,157900,0
1995-02-14,12.2633,12.2633,12.11555,12.1648,143300,0
1995-02-15,12.140175,12.189425,12.0663,12.11555,233200,0
1995-02-16,12.11555,12.140175,12.041675,12.11555,208800,0
1995-02-17,12.11555,12.140175,12.090925,12.090925,169700,0
1995-02-21,12.0663,12.140175,11.91855,11.992425,216200,0
1995-02-22,11.9678,12.1648,11.9678,12.11555,225700,0
1995-02-23,12.11555,12.337175,12.090925,12.2633,383600,0
1995-02-24,12.287925,12.386425,12.1648,12.189425,245500,0
1995-02-27,12.189425,12.189425,12.090925,12.140175,127300,0
1995-02-28,12.140175,12.1648,12.01705,12.140175,194900,0
1995-03-01,12.11555,12.11555,12.01705,12.090925,285000,0
1995-03-02,12.090925,12.140175,12.0663,12.11555,255000,0
1995-03-03,12.0663,12.287925,12.01705,12.238675,253000,0
1995-03-06,12.287925,12.287925,12.140175,12.189425,166300,0
1995-03-07,12.189425,12.189425,11.992425,12.041675,251400,0
1995-03-08,12.0663,12.0663,11.943175,12.01705,247400,0
1995-03-09,12.041675,12.090925,12.01705,12.041675,189200,0
1995-03-10,12.090925,12.50955,12.0663,12.50955,404400,0
1995-03-13,12.4603,12.70655,12.4603,12.50955,493100,0
1995-03-14,12.5588,12.5588,12.31255,12.337175,270400,0
1995-03-15,12.337175,12.337175,12.2633,12.287925,197400,0
1995-03-16,12.31255,12.4603,12.31255,12.3618,231600,0
1995-03-17,12.41105,12.583425,12.386425,12.50955,387600,0
1995-03-20,12.583425,12.681925,12.5588,12.583425,242700,0
1995-03-21,12.60805,12.780425,12.583425,12.6573,228600,0
1995-03-22,12.60805,12.632675,12.4603,12.60805,243600,0
1995-03-23,12.60805,12.60805,12.435675,12.484925,175500,0
1995-03-24,12.484925,12.731175,12.386425,12.583425,275900,0
1995-03-27,12.60805,12.80505,12.583425,12.7558,313300,0
1995-03-28,12.731175,12.780425,12.681925,12.7558,112700,0
1995-03-29,12.7558,12.90355,12.731175,12.780425,565500,0
1995-03-30,12.80505,12.80505,12.386425,12.484925,283800,0
1995-03-31,12.4603,12.4603,12.21405,12.41105,380100,0
1995-04-03,12.435675,12.435675,12.337175,12.41105,120200,0
1995-04-04,12.435675,12.484925,12.3618,12.484925,128800,0
1995-04-05,12.484925,12.484925,12.287925,12.31255,139300,0
1995-04-06,12.21405,12.31255,12.1648,12.2633,254500,0
1995-04-07,12.31255,12.41105,12.238675,12.386425,162400,0
1995-04-10,12.337175,12.50955,12.337175,12.435675,140100,0
1995-04-11,12.484925,12.5588,12.386425,12.484925,222800,0
1995-04-12,12.4603,12.7558,12.4603,12.681925,236800,0
1995-04-13,12.681925,12.878925,12.6573,12.878925,279300,0
1995-04-17,12.878925,12.878925,12.484925,12.60805,207200,0
1995-04-18,12.632675,12.6573,12.4603,12.4603,166400,0
1995-04-19,12.484925,12.484925,12.386425,12.41105,167500,0
1995-04-20,12.435675,12.435675,12.31255,12.3618,183700,0
1995-04-21,12.41105,12.4603,12.337175,12.386425,185400,0
1995-04-24,12.435675,12.60805,12.386425,12.60805,242200,0
1995-04-25,12.5588,12.60805,12.386425,12.60805,246300,0
1995-04-26,12.5588,12.60805,12.50955,12.583425,110900,0
1995-04-27,12.50955,12.534175,12.41105,12.534175,242400,0
1995-04-28,12.484925,12.681925,12.435675,12.6573,136000,0
1995-05-01,12.6573,12.6573,12.484925,12.5588,165500,0
1995-05-02,12.60805,12.60805,12.4603,12.5588,180200,0
1995-05-03,12.5588,12.7558,12.534175,12.7558,157100,0
1995-05-04,12.80505,13.00205,12.780425,12.80505,362000,0
1995-05-05,12.80505,12.80505,12.6573,12.6573,207600,0
1995-05-08,12.731175,12.7558,12.6573,12.70655,181800,0
1995-05-09,12.70655,12.8543,12.70655,12.780425,323000,0
1995-05-10,12.80505,12.878925,12.731175,12.80505,202800,0
1995-05-11,12.80505,12.80505,12.681925,12.7558,261400,0
1995-05-12,12.731175,12.80505,12.632675,12.632675,254700,0
1995-05-15,12.6573,12.681925,12.534175,12.5588,411200,0
1995-05-16,12.583425,12.60805,12.50955,12.534175,296700,0
1995-05-17,12.50955,12.50955,12.386425,12.41105,325600,0
1995-05-18,12.3618,12.41105,12.11555,12.11555,450400,0
1995-05-19,12.11555,12.287925,12.090925,12.21405,318400,0
1995-05-22,12.21405,12.3618,12.1648,12.1648,592900,0
1995-05-23,12.21405,12.21405,11.992425,12.090925,843700,0
1995-05-24,12.090925,12.1648,11.91855,11.943175,692900,0
1995-05-25,11.9678,12.090925,11.91855,12.0663,483200,0
1995-05-26,12.0663,12.090925,11.9678,12.01705,236300,0
1995-05-30,12.11555,12.1648,12.01705,12.0663,290700,0
1995-05-31,12.11555,12.31255,12.01705,12.2633,385100,0
1995-06-01,12.287925,12.337175,12.1648,12.2633,262400,0
1995-06-02,12.21405,12.435675,12.1648,12.287925,558100,0
1995-06-05,12.287925,12.484925,12.287925,12.435675,384400,0
1995-06-06,12.41105,12.4603,12.337175,12.4603,346300,0
1995-06-07,12.4603,12.4603,12.3618,12.41105,272100,0
1995-06-08,12.4603,12.484925,12.337175,12.3618,209200,0
1995-06-09,12.31255,12.386425,12.238675,12.386425,233300,0
1995-06-12,12.41105,12.50955,12.41105,12.4603,182200,0
1995-06-13,12.50955,12.60805,12.484925,12.583425,199200,0
1995-06-14,12.534175,12.5588,12.2633,12.3618,353600,0
1995-06-15,12.3618,12.41105,12.2633,12.31255,137000,0
1995-06-16,12.337175,12.337175,12.140175,12.2633,709800,0
1995-06-19,12.2633,12.4603,12.238675,12.4603,213800,0
1995-06-20,12.534175,12.583425,12.50955,12.5588,419100,0
1995-06-21,12.583425,12.60805,12.50955,12.5588,480900,0
1995-06-22,12.583425,12.6573,12.5588,12.583425,470900,0
1995-06-23,12.632675,12.632675,12.534175,12.534175,242700,0
1995-06-26,12.534175,12.632675,12.534175,12.534175,225500,0
1995-06-27,12.50955,12.50955,12.31255,12.31255,283800,0
1995-06-28,12.11555,12.386425,12.090925,12.386425,562000,0
1995-06-29,12.386425,12.41105,12.31255,12.386425,204800,0
1995-06-30,12.337175,12.435675,12.337175,12.386425,177800,0
1995-07-03,12.386425,12.41105,12.337175,12.41105,90100,0
1995-07-05,12.386425,12.4603,12.31255,12.3618,287900,0
1995-07-06,12.386425,12.534175,12.337175,12.4603,378800,0
1995-07-07,12.4603,12.70655,12.435675,12.70655,453600,0
1995-07-10,12.681925,12.681925,12.484925,12.534175,307600,0
1995-07-11,12.5588,12.632675,12.50955,12.583425,230300,0
1995-07-12,12.583425,12.681925,12.4603,12.632675,550400,0
1995-07-13,12.632675,12.731175,12.60805,12.70655,312700,0
1995-07-14,12.6573,12.681925,12.583425,12.6573,531400,0
1995-07-17,12.6573,12.681925,12.60805,12.6573,237500,0
1995-07-18,12.6573,12.66345,12.583425,12.60805,256000,0
1995-07-19,12.60805,12.60805,12.189425,12.238675,472500,0
1995-07-20,12.2633,12.386425,12.238675,12.337175,307100,0
1995-07-21,12.50955,12.50955,12.2633,12.484925,445500,0
1995-07-24,12.484925,12.583425,12.4603,12.50955,258500,0
1995-07-25,12.4603,12.681925,12.4603,12.681925,379300,0
1995-07-26,12.70655,12.780425,12.70655,12.70655,304500,0
1995-07-27,12.7558,12.8543,12.70655,12.7558,522000,0
1995-07-28,12.731175,12.7558,12.681925,12.7558,369900,0
1995-07-31,12.731175,12.878925,12.583425,12.60805,421700,0
1995-08-01,12.632675,12.6573,12.534175,12.6573,363400,0
1995-08-02,12.731175,12.780425,12.583425,12.632675,381600,0
1995-08-03,12.60805,12.6573,12.484925,12.6573,316600,0
1995-08-04,12.70655,12.80505,12.681925,12.7558,186700,0
1995-08-07,12.80505,12.80505,12.6573,12.681925,110400,0
1995-08-08,12.681925,12.681925,12.5588,12.583425,114500,0
1995-08-09,12.632675,12.780425,12.60805,12.780425,149300,0
1995-08-10,12.878925,12.977425,12.878925,12.90355,311200,0
1995-08-11,12.9528,12.9528,12.7558,12.80505,409100,0
1995-08-14,12.80505,12.928175,12.7558,12.928175,393100,0
1995-08-15,13.00205,13.10055,12.817375,13.00205,618300,0
1995-08-16,13.075925,13.174425,12.928175,13.162125,289000,0
1995-08-17,13.174425,13.174425,12.9528,13.026675,720200,0
1995-08-18,13.026675,13.1498,13.00205,13.125175,414300,0
1995-08-21,13.125175,13.174425,13.10055,13.125175,438600,0
1995-08-22,13.125175,13.1498,12.9528,13.00205,382900,0
1995-08-23,13.075925,13.10055,12.9528,12.977425,345600,0
1995-08-24,13.00205,13.00205,12.829675,12.977425,197600,0
1995-08-25,13.00205,13.00205,12.90355,12.9528,120800,0
1995-08-28,12.90355,12.9528,12.7558,12.7558,211400,0
1995-08-29,12.7558,12.7558,12.5588,12.681925,236300,0
1995-08-30,12.632675,12.7558,12.583425,12.70655,264400,0
1995-08-31,12.70655,12.90355,12.6573,12.80505,349300,0
1995-09-01,12.8543,13.075925,12.8543,13.00205,267800,0
1995-09-05,13.026675,13.223675,13.00205,13.223675,278800,0
1995-09-06,13.223675,13.49455,13.19905,13.469925,419800,0
1995-09-07,13.59305,13.666925,13.49455,13.59305,195800,0
1995-09-08,13.6423,13.666925,13.4453,13.6423,223400,0
1995-09-11,13.59305,13.6423,13.29755,13.4453,404500,0
1995-09-12,13.5438,13.69155,13.420675,13.49455,344500,0
1995-09-13,13.469925,13.469925,13.075925,13.19905,415500,0
1995-09-14,13.223675,13.59305,13.19905,13.568425,545200,0
1995-09-15,13.568425,13.59305,13.4453,13.49455,571700,0
1995-09-18,13.4453,13.49455,13.39605,13.4453,230000,0
1995-09-19,13.59305,13.962425,13.568425,13.8393,567800,0
1995-09-20,13.79005,13.814675,13.568425,13.6423,237100,0
1995-09-21,13.666925,13.7408,13.59305,13.716175,172300,0
1995-09-22,13.716175,13.88855,13.666925,13.88855,278000,0
1995-09-25,13.88855,13.88855,13.666925,13.79005,328500,0
1995-09-26,13.8393,13.88855,13.59305,13.617675,584300,0
1995-09-27,13.617675,13.7408,13.420675,13.5438,411400,0
1995-09-28,13.49455,13.666925,13.49455,13.617675,225700,0
1995-09-29,13.59305,13.69155,13.420675,13.420675,370300,0
1995-10-02,13.469925,13.69155,13.4453,13.59305,398600,0
1995-10-03,13.617675,13.6423,13.39605,13.5438,276000,0
1995-10-04,13.519175,13.519175,13.39605,13.469925,301400,0
1995-10-05,13.469925,13.568425,13.39605,13.568425,305400,0
1995-10-06,13.617675,13.716175,13.59305,13.666925,158400,0
1995-10-09,13.69155,13.79005,13.519175,13.716175,309500,0
1995-10-10,13.666925,13.666925,13.519175,13.666925,368300,0
1995-10-11,13.716175,13.88855,13.69155,13.79005,263800,0
1995-10-12,13.863925,14.15945,13.863925,14.110175,315700,0
1995-10-13,14.15945,14.25795,14.0363,14.08555,275500,0
1995-10-16,14.110175,14.110175,13.962425,14.0363,155700,0
1995-10-17,14.060925,14.060925,13.863925,13.98705,224500,0
1995-10-18,14.011675,14.3072,13.98705,14.1348,214500,0
1995-10-19,14.1348,14.3072,14.08555,14.25795,204600,0
1995-10-20,14.25795,14.35645,14.2333,14.35645,198500,0
1995-10-23,14.3072,14.35645,14.110175,14.3072,229100,0
1995-10-24,14.35645,14.5288,14.3318,14.5288,253700,0
1995-10-25,14.5288,14.55345,14.35645,14.35645,222800,0
1995-10-26,14.3072,14.35645,14.110175,14.110175,174600,0
1995-10-27,14.15945,14.18405,13.98705,14.060925,225400,0
1995-10-30,14.08555,14.2333,14.060925,14.15945,211200,0
1995-10-31,14.15945,14.18405,14.08555,14.08555,200700,0
1995-11-01,14.110175,14.110175,13.913175,13.962425,224400,0
1995-11-02,13.98705,14.08555,13.962425,13.98705,323500,0
1995-11-03,13.98705,14.08555,13.913175,13.9378,302700,0
1995-11-06,13.9378,14.1348,13.88855,14.08555,229100,0
1995-11-07,14.08555,14.15945,14.0363,14.0363,346200,0
1995-11-08,14.0363,14.060925,13.765425,14.0363,337600,0
1995-11-09,14.011675,14.18405,13.9378,14.15945,208200,0
1995-11-10,14.110175,14.28255,14.0363,14.15945,226500,0
1995-11-13,14.18405,14.28255,14.1348,14.18405,124800,0
1995-11-14,14.2087,14.38105,14.15945,14.2087,210800,0
1995-11-15,14.18405,14.5288,14.15945,14.5288,278700,0
1995-11-16,14.5042,14.8243,14.45495,14.8243,493100,0
1995-11-17,14.87355,15.464575,14.87355,15.464575,472200,0
1995-11-20,15.3907,15.3907,14.94745,14.9967,330900,0
1995-11-21,14.94745,15.14445,14.87355,15.1198,369100,0
1995-11-22,15.07055,15.16905,14.9967,15.04595,344900,0
1995-11-24,15.07055,15.0952,14.9967,15.0213,58600,0
1995-11-27,15.07055,15.2922,14.97205,15.26755,329100,0
1995-11-28,15.24295,15.34145,15.1937,15.2922,236800,0
1995-11-29,15.2922,15.34145,15.14445,15.2922,232500,0
1995-11-30,15.366075,15.6862,15.366075,15.661575,438700,0
1995-12-01,15.858575,15.858575,15.710825,15.73545,388900,0
1995-12-04,15.63695,15.760075,15.53845,15.73545,299200,0
1995-12-05,15.73545,16.104825,15.710825,16.0802,359700,0
1995-12-06,16.0802,16.203325,15.907825,16.12945,362400,0
1995-12-07,16.0802,16.22795,16.006325,16.104825,201100,0
1995-12-08,16.055575,16.154075,15.9817,16.006325,145900,0
1995-12-11,16.006325,16.055575,15.73545,15.73545,178200,0
1995-12-12,15.5877,15.63695,15.1937,15.2922,345000,0
1995-12-13,15.366075,15.366075,14.7258,15.0213,934500,0
1995-12-14,14.77505,14.77505,14.5042,14.5288,640400,0
1995-12-15,14.57805,14.57805,14.4303,14.47955,562500,0
1995-12-18,14.47955,14.47955,14.15945,14.2333,271300,0
1995-12-19,14.2333,14.25795,13.79005,13.8393,552700,0
1995-12-20,13.88855,14.060925,13.716175,13.716175,491100,0
1995-12-21,13.7408,14.45495,13.7408,14.38105,578300,0
1995-12-22,14.3318,14.35645,14.08555,14.2087,439600,0
1995-12-26,14.2087,14.4057,14.18405,14.4057,368900,0
1995-12-27,14.38105,14.4057,14.28255,14.3072,130900,0
1995-12-28,14.3072,14.6027,14.28255,14.5288,338300,0
1995-12-29,14.57805,14.65195,14.5288,14.6273,214400,0
1996-01-02,14.57805,14.6273,14.38105,14.4303,521300,0
1996-01-03,14.5288,14.6273,14.38105,14.57805,916600,0
1996-01-04,14.5288,14.8243,14.38105,14.57805,1048500,0
1996-01-05,14.47955,14.77505,14.2333,14.77505,1027600,0
1996-01-08,14.77505,14.8243,14.6273,14.77505,137200,0
1996-01-09,14.77505,15.3168,14.67655,15.0213,886300,0
1996-01-10,15.0213,15.46455,14.9228,14.97205,1061500,0
1996-01-11,15.16905,15.56305,15.1198,15.46455,1005900,0
1996-01-12,15.5138,15.76005,14.8243,15.3168,890800,0
1996-01-15,15.26755,15.36605,14.28255,14.38105,595100,0
1996-01-16,14.57805,14.6273,14.0363,14.57805,1260500,0
1996-01-17,14.67655,14.97205,14.6273,14.8243,1342100,0
1996-01-18,14.87355,15.46455,14.8243,15.26755,1295700,0
1996-01-19,15.26755,15.6123,15.2183,15.6123,698900,0
1996-01-22,15.5138,15.56305,15.3168,15.46455,510700,0
1996-01-23,15.4153,15.5138,15.16905,15.2183,358200,0
1996-01-24,15.26755,15.4153,14.97205,15.2183,330400,0
1996-01-25,15.2183,15.36605,15.07055,15.26755,488600,0
1996-01-26,15.26755,15.26755,15.0213,15.2183,547700,0
1996-01-29,15.26755,15.5138,15.1198,15.36605,501500,0
1996-01-30,15.4153,15.4153,15.26755,15.36605,398100,0
1996-01-31,15.5138,15.8093,15.46455,15.7108,698000,0
1996-02-01,15.76005,15.85855,15.6123,15.7108,382000,0
1996-02-02,15.85855,16.25255,15.8093,15.85855,453600,0
1996-02-05,15.7108,15.8093,15.6123,15.66155,478800,0
1996-02-06,15.56305,15.85855,15.46455,15.76005,451400,0
1996-02-07,15.8093,15.9078,15.6123,15.85855,592700,0
1996-02-08,15.9078,16.4988,15.85855,16.4988,688300,0
1996-02-09,16.4988,16.7943,16.44955,16.6958,481300,0
1996-02-12,16.4988,16.74505,16.3018,16.5973,568900,0
1996-02-13,16.44955,17.0898,16.4003,16.6958,587200,0
1996-02-14,16.54805,16.54805,16.15405,16.35105,548400,0
1996-02-15,16.2033,16.25255,15.9078,15.95705,525900,0
1996-02-16,16.0063,16.3018,15.85855,16.05555,510500,0
1996-02-20,15.85855,16.05555,15.76005,15.95705,567700,0
1996-02-21,15.95705,16.44955,15.9078,16.44955,340600,0
1996-02-22,16.4003,16.54805,16.35105,16.44955,499100,0
1996-02-23,16.4988,16.4988,15.85855,16.05555,701700,0
1996-02-26,16.05555,16.15405,15.9078,16.0063,548300,0
1996-02-27,16.15405,16.15405,15.56305,15.76005,525400,0
1996-02-28,15.95705,16.05555,15.76005,15.8093,424500,0
1996-02-29,15.7108,15.85855,15.2183,15.26755,535400,0
1996-03-01,15.36605,15.6123,15.1198,15.46455,483400,0
1996-03-04,15.56305,15.56305,15.16905,15.26755,466200,0
1996-03-05,15.36605,15.5138,15.2183,15.3168,691700,0
1996-03-06,15.36605,15.46455,15.16905,15.26755,689700,0
1996-03-07,15.3168,15.4153,15.0213,15.4153,527700,0
1996-03-08,15.1198,15.16905,14.87355,14.97205,677900,0
1996-03-11,14.67655,15.3168,14.67655,15.26755,543900,0
1996-03-12,15.16905,15.26755,14.87355,15.16905,378100,0
1996-03-13,15.07055,15.46455,15.0213,15.36605,382300,0
1996-03-14,15.3168,15.85855,15.3168,15.76005,663700,0
1996-03-15,15.8093,16.0063,15.66155,15.85855,883500,0
1996-03-18,15.85855,16.15405,15.85855,16.15405,392400,0
1996-03-19,16.35105,16.35105,15.66155,15.9078,479500,0
1996-03-20,16.1048,16.1048,15.4153,15.85855,419400,0
1996-03-21,15.9078,16.0063,15.46455,15.8093,389400,0
1996-03-22,15.85855,15.85855,15.5138,15.56305,281500,0
1996-03-25,15.66155,15.76005,15.2183,15.26755,274500,0
1996-03-26,15.4153,15.76005,15.26755,15.66155,502400,0
1996-03-27,15.46455,15.56305,15.3168,15.4153,298300,0
1996-03-28,15.2183,15.6123,15.16905,15.5138,411800,0
1996-03-29,15.66155,15.76005,15.5138,15.5138,440000,0
1996-04-01,15.7108,15.7108,15.1198,15.4153,440200,0
1996-04-02,15.5138,15.76005,15.36605,15.76005,443100,0
1996-04-03,15.76005,15.8093,15.5138,15.76005,437500,0
1996-04-04,15.66155,15.76005,15.6123,15.76005,278800,0
1996-04-08,15.46455,15.5138,15.16905,15.36605,515300,0
1996-04-09,15.26755,15.36605,15.16905,15.3168,382700,0
1996-04-10,15.26755,15.76005,15.2183,15.2183,554600,0
1996-04-11,15.26755,15.26755,14.38105,14.8243,1062000,0
1996-04-12,14.87355,14.9228,14.4303,14.8243,1075800,0
1996-04-15,14.87355,15.16905,14.8243,14.97205,685300,0
1996-04-16,14.97205,15.46455,14.97205,15.36605,611600,0
1996-04-17,15.2183,15.36605,14.9228,15.1198,461000,0
1996-04-18,15.07055,15.3168,15.07055,15.1198,383500,0
1996-04-19,15.2183,15.2183,14.87355,14.9228,711800,0
1996-04-22,14.97205,15.2183,14.97205,15.16905,395900,0
1996-04-23,15.07055,15.07055,14.9228,14.97205,563000,0
1996-04-24,14.97205,15.0213,14.77505,14.9228,674700,0
1996-04-25,14.97205,15.0213,14.8243,14.97205,551200,0
1996-04-26,14.97205,15.16905,14.87355,14.97205,491700,0
1996-04-29,14.9228,15.16905,14.87355,15.0213,331800,0
1996-04-30,15.07055,15.3168,14.97205,15.3168,431800,0
1996-05-01,15.26755,15.3168,15.0213,15.07055,410500,0
1996-05-02,15.0213,15.0213,14.7258,14.77505,435700,0
1996-05-03,14.77505,14.9228,14.67655,14.7258,584900,0
1996-05-06,14.8243,15.0213,14.67655,14.77505,596800,0
1996-05-07,14.8243,14.97205,14.67655,14.87355,564500,0
1996-05-08,14.77505,14.8243,14.4303,14.6273,631100,0
1996-05-09,14.7258,14.87355,14.3318,14.5288,673100,0
1996-05-10,14.67655,14.67655,14.47955,14.57805,919900,0
1996-05-13,14.67655,15.3168,14.6273,15.26755,608500,0
1996-05-14,15.16905,15.56305,15.1198,15.26755,863200,0
1996-05-15,15.36605,15.66155,15.36605,15.56305,771400,0
1996-05-16,15.46455,15.46455,15.2183,15.36605,353700,0
1996-05-17,15.36605,15.4153,14.97205,15.1198,810000,0
1996-05-20,15.2183,15.2183,14.9228,14.97205,754000,0
1996-05-21,15.07055,15.16905,14.97205,14.97205,588700,0
1996-05-22,14.97205,15.3168,14.97205,15.3168,771900,0
1996-05-23,15.3168,15.3168,15.0213,15.1198,490800,0
1996-05-24,15.1198,15.26755,14.97205,14.97205,447400,0
1996-05-28,15.16905,15.26755,14.87355,14.9228,603700,0
1996-05-29,15.0213,15.07055,14.8243,14.87355,396000,0
1996-05-30,14.77505,14.8243,14.5288,14.67655,726200,0
1996-05-31,14.67655,15.1198,14.57805,15.1198,1210800,0
1996-06-03,15.07055,15.16905,14.7258,14.7258,595600,0
1996-06-04,14.77505,14.97205,14.7258,14.8243,694300,0
1996-06-05,14.87355,15.3168,14.8243,15.16905,699900,0
1996-06-06,15.26755,15.3168,15.07055,15.16905,518500,0
1996-06-07,15.07055,15.16905,14.67655,15.16905,663600,0
1996-06-10,15.07055,15.16905,14.87355,14.9228,392400,0
1996-06-11,14.9228,15.16905,14.9228,15.0213,411500,0
1996-06-12,14.87355,15.07055,14.8243,14.87355,307600,0
1996-06-13,14.87355,14.97205,14.77505,14.77505,338400,0
1996-06-14,14.77505,14.8243,14.5288,14.6273,598900,0
1996-06-17,14.67655,14.9228,14.6273,14.67655,629200,0
1996-06-18,14.7258,14.8243,14.47955,14.47955,419000,0
1996-06-19,14.47955,14.67655,14.4303,14.4303,597700,0
1996-06-20,14.5288,14.7258,14.4303,14.67655,830200,0
1996-06-21,14.7258,14.87355,14.57805,14.8243,929100,0
1996-06-24,14.97205,15.2183,14.9228,14.9228,620600,0
1996-06-25,14.87355,14.87355,14.7258,14.77505,519600,0
1996-06-26,14.77505,14.9228,14.67655,14.67655,666500,0
1996-06-27,15.0213,15.26755,15.0213,15.2183,653900,0
1996-06-28,15.2183,15.4153,15.07055,15.2183,508200,0
1996-07-01,15.3168,15.36605,15.2183,15.3168,414000,0
1996-07-02,15.3168,15.3168,15.07055,15.16905,428300,0
1996-07-03,15.26755,15.26755,15.0213,15.0213,475100,0
1996-07-05,14.97205,15.0213,14.8243,14.8243,159200,0
1996-07-08,14.77505,14.87355,14.57805,14.77505,722300,0
1996-07-09,14.87355,15.0213,14.6273,14.6273,865000,0
1996-07-10,14.6273,14.6273,14.4303,14.5288,948100,0
1996-07-11,14.47955,14.57805,14.0363,14.47955,1298500,0
1996-07-12,14.3318,14.5288,14.28255,14.38105,682100,0
1996-07-15,14.38105,14.38105,14.2333,14.3318,714800,0
1996-07-16,14.38105,14.7258,14.28255,14.57805,1158000,0
1996-07-17,14.8243,15.1198,14.8243,15.0213,758100,0
1996-07-18,15.1198,15.56305,15.07055,15.46455,580000,0
1996-07-19,15.4153,15.4153,15.0213,15.1198,486800,0
1996-07-22,15.07055,15.1198,14.9228,15.07055,406300,0
1996-07-23,15.1198,15.2183,14.87355,14.9228,382800,0
1996-07-24,14.77505,15.0213,14.67655,14.9228,409500,0
1996-07-25,14.9228,15.26755,14.87355,15.07055,485800,0
1996-07-26,15.0213,15.3168,15.0213,15.26755,246700,0
1996-07-29,15.16905,15.2183,14.97205,15.0213,246600,0
1996-07-30,15.0213,15.4153,14.97205,15.3168,387300,0
1996-07-31,15.26755,15.7108,15.2183,15.6123,553500,0
1996-08-01,15.66155,16.05555,15.6123,16.0063,628600,0
1996-08-02,16.1048,16.25255,15.95705,16.15405,293800,0
1996-08-05,16.2033,16.35105,15.85855,15.85855,429400,0
1996-08-06,15.9078,16.35105,15.76005,16.3018,464600,0
1996-08-07,16.35105,16.35105,16.15405,16.3018,468300,0
1996-08-08,16.2033,16.25255,16.0063,16.05555,533500,0
1996-08-09,16.1048,16.4988,15.95705,16.4988,419100,0
1996-08-12,16.35105,16.4988,16.2033,16.44955,389700,0
1996-08-13,16.4003,16.44955,16.15405,16.4003,275500,0
1996-08-14,16.4988,16.4988,16.3018,16.3018,417500,0
1996-08-15,16.3018,16.44955,16.05555,16.2033,539100,0
1996-08-16,16.2033,16.35105,15.8093,16.3018,285800,0
1996-08-19,16.3018,16.4003,16.25255,16.35105,379900,0
1996-08-20,16.35105,16.64655,16.2033,16.4988,473600,0
1996-08-21,16.4988,16.6958,16.35105,16.5973,519200,0
1996-08-22,16.7943,17.04055,16.74505,16.9913,508600,0
1996-08-23,16.8928,16.9913,16.74505,16.8928,402500,0
1996-08-26,16.74505,16.9913,16.5973,16.8928,414000,0
1996-08-27,16.9913,17.04055,16.6958,16.7943,381600,0
1996-08-28,16.84355,17.04055,16.7943,16.9913,630400,0
1996-08-29,16.94205,16.94205,16.64655,16.74505,462800,0
1996-08-30,16.74505,16.74505,16.35105,16.35105,330700,0
1996-09-03,16.3018,16.4003,16.05555,16.3018,359300,0
1996-09-04,16.35105,16.5973,16.2033,16.54805,391900,0
1996-09-05,16.54805,16.8928,16.1048,16.1048,558200,0
1996-09-06,16.2033,16.7943,16.05555,16.74505,603900,0
1996-09-09,16.7943,16.94205,16.74505,16.8928,227500,0
1996-09-10,16.84355,16.84355,16.64655,16.6958,385100,0
1996-09-11,16.5973,16.7943,16.54805,16.64655,308400,0
1996-09-12,16.74505,16.74505,16.5973,16.74505,424800,0
1996-09-13,16.84355,17.0898,16.7943,17.04055,527100,0
1996-09-16,16.9913,17.5823,16.8928,17.43455,695800,0
1996-09-17,17.63155,17.8286,17.3853,17.53305,686000,0
1996-09-18,17.43455,17.77935,17.2868,17.53305,531300,0
1996-09-19,17.5823,17.63155,17.3853,17.43455,246100,0
1996-09-20,17.43455,18.0256,17.3853,17.97635,1172900,0
1996-09-23,17.87785,17.87785,17.63155,17.8286,406100,0
1996-09-24,17.8286,17.9271,17.68085,17.8286,445300,0
1996-09-25,17.53305,17.87785,17.3853,17.53305,577300,0
1996-09-26,17.53305,17.53305,17.13905,17.1883,582100,0
1996-09-27,17.2868,17.2868,17.04055,17.13905,305100,0
1996-09-30,17.23755,17.43455,17.13905,17.1883,320800,0
1996-10-01,17.2868,17.2868,17.13905,17.23755,373100,0
1996-10-02,17.2868,17.4838,17.23755,17.33605,663100,0
1996-10-03,17.43455,17.43455,16.7943,17.1883,609600,0
1996-10-04,17.23755,17.5823,17.1883,17.4838,639200,0
1996-10-07,17.63155,17.63155,17.23755,17.33605,468900,0
1996-10-08,17.33605,17.53305,17.04055,17.04055,321400,0
1996-10-09,17.0898,17.13905,16.74505,17.04055,491700,0
1996-10-10,16.9913,17.1883,16.8928,17.0898,268700,0
1996-10-11,16.7943,17.04055,16.44955,16.9913,1025400,0
1996-10-14,17.0898,17.13905,16.94205,16.9913,464900,0
1996-10-15,16.9913,17.13905,16.84355,16.94205,219200,0
1996-10-16,16.8928,16.94205,16.6958,16.84355,272500,0
1996-10-17,16.8928,16.8928,16.4988,16.5973,500900,0
1996-10-18,16.64655,16.7943,16.54805,16.74505,411500,0
1996-10-21,16.6958,16.8928,16.25255,16.3018,614100,0
1996-10-22,16.2033,16.2033,16.0063,16.0063,577000,0
1996-10-23,15.8093,16.25255,15.76005,16.05555,716500,0
1996-10-24,16.25255,16.4988,16.2033,16.3018,593400,0
1996-10-25,16.3018,16.4003,16.15405,16.15405,518800,0
1996-10-28,16.3018,16.4003,16.0063,16.05555,655275,0
1996-10-29,16.15405,16.25255,15.95705,16.15405,851700,0
1996-10-30,16.25255,16.25255,16.05555,16.2033,351600,0
1996-10-31,16.3018,16.54805,16.2033,16.4003,355700,0
1996-11-01,16.4988,16.5973,16.35105,16.4003,339500,0
1996-11-04,16.4003,16.4003,16.25255,16.4003,316000,0
1996-11-05,16.4003,16.5973,16.3018,16.44955,427400,0
1996-11-06,16.54805,16.74505,16.4988,16.54805,530300,0
1996-11-07,16.54805,16.5973,16.44955,16.54805,456300,0
1996-11-08,16.6958,16.74505,16.54805,16.64655,732100,0
1996-11-11,16.7943,16.8928,16.74505,16.7943,267100,0
1996-11-12,16.74505,16.84355,16.4988,16.6958,480300,0
1996-11-13,16.5973,16.5973,16.35105,16.35105,317900,0
1996-11-14,16.25255,16.64655,16.2033,16.5973,429700,0
1996-11-15,16.74505,16.8928,16.4988,16.74505,636900,0
1996-11-18,16.7943,16.7943,16.5973,16.64655,374200,0
1996-11-19,16.64655,16.7943,16.4988,16.5973,320400,0
1996-11-20,16.64655,16.84355,16.54805,16.74505,397200,0
1996-11-21,16.74505,16.84355,16.64655,16.84355,798000,0
1996-11-22,16.84355,16.8928,16.5973,16.5973,451800,0
1996-11-25,16.64655,16.64655,16.4003,16.64655,704100,0
1996-11-26,16.84355,17.0898,16.7943,16.94205,732300,0
1996-11-27,17.04055,17.04055,16.84355,16.8928,317400,0
1996-11-29,16.9913,17.04055,16.84355,16.8928,149300,0
1996-12-02,16.8928,16.8928,16.4988,16.84355,580100,0
1996-12-03,16.84355,16.8928,16.5973,16.5973,479100,0
1996-12-04,16.64655,16.64655,16.2033,16.4988,418700,0
1996-12-05,16.4988,16.54805,16.35105,16.44955,238300,0
1996-12-06,16.15405,16.4003,16.05555,16.25255,336100,0
1996-12-09,16.35105,16.5973,16.25255,16.54805,298100,0
1996-12-10,16.6958,16.6958,16.35105,16.35105,414100,0
1996-12-11,16.1048,16.25255,15.9078,16.2033,506200,0
1996-12-12,16.3018,16.35105,15.8093,15.9078,536400,0
1996-12-13,15.95705,16.74505,15.8093,16.64655,1416100,0
1996-12-16,16.64655,16.64655,16.44955,16.4988,544900,0
1996-12-17,16.35105,16.5973,16.3018,16.54805,715200,0
1996-12-18,16.5973,16.84355,16.54805,16.6958,365900,0
1996-12-19,16.74505,16.7943,16.5973,16.7943,389300,0
1996-12-20,17.53305,17.53305,16.84355,16.8928,928200,0
1996-12-23,16.7943,17.13905,16.7943,17.0898,682800,0
1996-12-24,17.13905,17.1883,17.0898,17.1883,248500,0
1996-12-26,17.1883,17.2868,17.13905,17.2868,352000,0
1996-12-27,17.33605,17.43455,17.1883,17.2868,207600,0
1996-12-30,17.2868,17.43455,17.2868,17.3853,174400,0
1996-12-31,17.33605,17.33605,16.8928,16.8928,465800,0
1997-01-02,16.84355,16.94205,16.64655,16.7943,416100,0
1997-01-03,16.7943,17.1883,16.74505,17.13905,367600,0
1997-01-06,17.1883,17.2868,16.84355,16.9913,314100,0
1997-01-07,16.7943,17.1883,16.54805,17.13905,618500,0
1997-01-08,17.0898,17.23755,16.9913,17.13905,358800,0
1997-01-09,17.2868,17.2868,16.9913,17.04055,419400,0
1997-01-10,16.7943,17.13905,16.74505,17.0898,459300,0
1997-01-13,17.0898,17.2868,16.94205,17.13905,390300,0
1997-01-14,17.13905,17.1883,16.94205,17.0898,379600,0
1997-01-15,16.9913,17.0898,16.64655,16.94205,501600,0
1997-01-16,17.23755,17.43455,17.1883,17.33605,675500,0
1997-01-17,17.33605,17.5823,17.2868,17.33605,769800,0
1997-01-20,17.2868,17.2868,16.94205,17.04055,400900,0
1997-01-21,16.84355,17.33605,16.74505,17.13905,503700,0
1997-01-22,17.0898,17.2868,16.94205,16.94205,382900,0
1997-01-23,17.13905,17.2868,16.6958,16.6958,814600,0
1997-01-24,16.74505,16.7943,16.44955,16.4988,636500,0
1997-01-27,16.4988,16.94205,16.35105,16.54805,665400,0
1997-01-28,16.54805,16.6958,16.05555,16.1048,992400,0
1997-01-29,16.0063,16.05555,15.56305,15.7108,1997000,0
1997-01-30,15.76005,16.3018,15.66155,16.2033,1709200,0
1997-01-31,16.44955,16.5973,16.3018,16.3018,914000,0
1997-02-03,16.3018,16.5973,16.3018,16.44955,594800,0
1997-02-04,16.54805,16.74505,16.4988,16.5973,539300,0
1997-02-05,16.5973,16.8928,16.35105,16.4988,723900,0
1997-02-06,16.54805,16.6958,16.35105,16.44955,521900,0
1997-02-07,16.54805,16.74505,16.25255,16.5973,872300,0
1997-02-10,16.6958,16.6958,15.95705,15.95705,1155400,0
1997-02-11,16.15405,16.64655,16.1048,16.5973,764100,0
1997-02-12,16.44955,16.5973,16.4003,16.5973,1008300,0
1997-02-13,16.5973,17.13905,16.5973,16.94205,1166500,0
1997-02-14,16.9913,17.13905,16.84355,16.94205,603600,0
1997-02-18,16.94205,17.13905,16.74505,17.04055,575700,0
1997-02-19,17.04055,17.0898,16.8928,16.9913,433000,0
1997-02-20,16.9913,17.04055,16.64655,16.74505,564400,0
1997-02-21,16.74505,16.84355,16.54805,16.64655,733100,0
1997-02-24,16.44955,16.94205,16.44955,16.8928,568200,0
1997-02-25,16.94205,17.04055,16.7943,16.8928,841000,0
1997-02-26,16.94205,16.9913,16.6958,16.74505,542300,0
1997-02-27,16.64655,17.13905,16.5973,16.7943,667500,0
1997-02-28,16.7943,17.0898,16.7943,16.7943,434200,0
1997-03-03,16.74505,17.13905,16.64655,17.04055,581000,0
1997-03-04,17.0898,17.4838,17.0898,17.1883,796500,0
1997-03-05,17.23755,17.43455,17.04055,17.23755,627400,0
1997-03-06,17.2868,17.4838,17.23755,17.3853,701100,0
1997-03-07,17.43455,17.7301,17.43455,17.5823,707800,0
1997-03-10,17.5823,17.63155,17.3853,17.5823,512000,0
1997-03-11,17.63155,17.77935,17.5823,17.63155,616900,0
1997-03-12,17.4838,17.68085,17.4838,17.63155,633600,0
1997-03-13,17.4838,17.5823,17.2868,17.33605,487200,0
1997-03-14,17.2868,17.3853,16.9913,16.9913,615200,0
1997-03-17,16.84355,16.94205,16.5973,16.7943,838700,0
1997-03-18,16.8928,16.9913,16.74505,16.94205,496800,0
1997-03-19,16.84355,17.0898,16.54805,16.6958,545500,0
1997-03-20,16.6958,17.0898,16.5973,16.9913,504200,0
1997-03-21,17.04055,17.33605,16.94205,16.94205,855400,0
1997-03-24,16.94205,16.94205,16.5973,16.74505,675000,0
1997-03-25,16.74505,16.8928,16.64655,16.74505,687400,0
1997-03-26,16.84355,17.13905,16.74505,17.04055,730500,0
1997-03-27,16.94205,17.1883,16.74505,16.7943,638100,0
1997-03-31,16.74505,16.84355,16.4988,16.4988,650500,0
1997-04-01,16.3018,16.74505,16.25255,16.4003,748900,0
1997-04-02,16.4003,16.6958,16.35105,16.44955,491200,0
1997-04-03,16.35105,16.5973,16.25255,16.5973,416600,0
1997-04-04,16.44955,17.04055,16.4003,16.9913,570400,0
1997-04-07,17.04055,17.13905,16.94205,17.13905,272100,0
1997-04-08,17.1883,17.1883,16.84355,17.13905,246500,0
1997-04-09,17.13905,17.13905,16.6958,16.74505,490900,0
1997-04-10,16.8928,16.8928,16.4988,16.54805,529200,0
1997-04-11,16.44955,16.5973,16.25255,16.35105,466000,0
1997-04-14,16.2033,16.4988,16.0063,16.4988,505900,0
1997-04-15,16.5973,17.13905,16.5973,16.94205,654200,0
1997-04-16,16.94205,17.2868,16.84355,17.23755,416300,0
1997-04-17,17.23755,17.3853,16.84355,16.8928,430000,0
1997-04-18,16.8928,17.7301,16.7943,17.63155,844000,0
1997-04-21,17.63155,17.63155,17.04055,17.13905,358700,0
1997-04-22,17.0898,17.4838,16.9913,17.3853,366300,0
1997-04-23,17.23755,17.53305,17.23755,17.43455,514200,0
1997-04-24,17.53305,17.5823,17.33605,17.33605,346100,0
1997-04-25,17.33605,17.3853,16.7943,16.7943,502900,0
1997-04-28,16.84355,17.0898,16.7943,16.9913,452000,0
1997-04-29,17.4838,17.68085,17.4838,17.68085,662000,0
1997-04-30,17.53305,18.0256,17.4838,17.8286,938500,0
1997-05-01,17.7301,17.9271,17.7301,17.8286,386900,0
1997-05-02,17.8286,18.5181,17.8286,18.4196,787800,0
1997-05-05,18.4196,19.2076,18.3211,19.15835,694200,0
1997-05-06,19.0106,19.2076,18.9121,19.05985,975300,0
1997-05-07,19.0106,19.0106,18.6166,18.66585,685100,0
1997-05-08,18.5181,19.1091,18.46885,18.86285,427400,0
1997-05-09,18.86285,18.86285,18.4196,18.56735,659200,0
1997-05-12,18.66585,19.0106,18.6166,18.96135,390100,0
1997-05-13,19.0106,19.3061,18.86285,19.15835,693300,0
1997-05-14,19.05985,19.35535,19.05985,19.3061,627300,0
1997-05-15,19.3061,19.35535,19.15835,19.3061,314600,0
1997-05-16,19.3061,19.3061,19.05985,19.2076,503900,0
1997-05-19,19.2076,19.3061,19.15835,19.25685,245500,0
1997-05-20,19.0106,19.2076,18.76435,19.1091,632200,0
1997-05-21,19.1091,19.25685,18.8136,18.96135,470000,0
1997-05-22,18.9121,19.0106,18.66585,18.76435,338200,0
1997-05-23,18.8136,19.15835,18.8136,19.1091,304000,0
1997-05-27,19.0106,19.5031,18.9121,19.3061,411300,0
1997-05-28,19.25685,19.4046,19.15835,19.35535,463300,0
1997-05-29,19.4046,19.4046,19.0106,19.2076,364700,0
1997-05-30,19.1091,19.35535,18.86285,19.35535,562900,0
1997-06-02,19.35535,19.35535,19.25685,19.3061,226700,0
1997-06-03,19.1091,19.3061,19.0106,19.05985,309100,0
1997-06-04,18.86285,19.0106,18.76435,18.8136,307400,0
1997-06-05,18.9121,19.15835,18.86285,19.0106,494900,0
1997-06-06,18.96135,19.35535,18.96135,19.3061,337700,0
1997-06-09,19.15835,19.3061,19.1091,19.25685,491100,0
1997-06-10,19.35535,19.45385,19.0106,19.05985,482300,0
1997-06-11,19.0106,19.15835,18.96135,19.0106,333000,0
1997-06-12,19.1091,19.2076,18.76435,18.86285,495300,0
1997-06-13,18.96135,19.35535,18.9121,19.3061,566800,0
1997-06-16,19.35535,19.65085,19.25685,19.55235,427700,0
1997-06-17,19.45385,19.74935,19.35535,19.45385,790500,0
1997-06-18,19.35535,19.4046,18.96135,19.0106,509700,0
1997-06-19,19.05985,19.25685,18.96135,19.0106,577900,0
1997-06-20,19.0106,19.15835,18.9121,18.96135,757500,0
1997-06-23,18.96135,19.3061,18.6166,18.66585,697200,0
1997-06-24,18.8136,19.2076,18.56735,19.2076,590400,0
1997-06-25,19.1091,19.47845,18.66585,18.9121,636500,0
1997-06-26,19.0106,19.0106,18.5181,18.6166,584000,0
1997-06-27,18.6412,18.66585,18.2226,18.27185,607400,0
1997-06-30,18.1241,18.5181,17.8286,18.5181,784400,0
1997-07-01,18.56735,18.86285,18.37035,18.6412,486100,0
1997-07-02,18.66585,18.76435,18.46885,18.76435,645200,0
1997-07-03,18.9121,19.0106,18.8382,18.9121,454400,0
1997-07-07,19.1091,19.47845,19.0106,19.37995,762700,0
1997-07-08,19.28145,19.35535,19.0106,19.35535,683300,0
1997-07-09,19.3061,19.3307,18.6412,18.6412,793800,0
1997-07-10,18.66585,19.0106,18.5181,18.9121,1360800,0
1997-07-11,18.96135,19.15835,18.9121,19.1337,478400,0
1997-07-14,19.3061,19.35535,19.0352,19.25685,527200,0
1997-07-15,19.4046,19.4046,19.2322,19.25685,479100,0
1997-07-16,19.25685,19.77395,19.2076,19.77395,877200,0
1997-07-17,19.7247,19.7986,19.5031,19.6016,989900,0
1997-07-18,19.7986,19.87245,19.3061,19.35535,927900,0
1997-07-21,19.25685,19.3061,18.98595,19.0106,404900,0
1997-07-22,18.96135,19.3307,18.9121,19.25685,677800,0
1997-07-23,19.28145,19.35535,19.0106,19.35535,799000,0
1997-07-24,19.3061,19.5031,19.05985,19.47845,457000,0
1997-07-25,19.47845,19.74935,19.05985,19.1091,653100,0
1997-07-28,19.15835,19.28145,18.98595,19.1091,537200,0
1997-07-29,19.08445,19.08445,18.7397,18.9367,734600,0
1997-07-30,18.7151,19.3061,18.7151,19.2076,543300,0
1997-07-31,19.4046,19.5031,19.1091,19.5031,638900,0
1997-08-01,19.5031,19.55235,19.1337,19.2322,433700,0
1997-08-04,19.15835,19.45385,18.98595,19.2322,551200,0
1997-08-05,19.25685,19.57695,19.2076,19.5031,479900,0
1997-08-06,19.55235,19.55235,19.28145,19.3307,471700,0
1997-08-07,19.4292,19.45385,18.9121,19.0106,570300,0
1997-08-08,18.9121,18.9367,18.2226,18.56735,672600,0
1997-08-11,18.56735,19.0106,18.27185,18.59195,882700,0
1997-08-12,18.76435,18.76435,18.17335,18.3457,707100,0
1997-08-13,18.3457,18.56735,18.1241,18.2226,981400,0
1997-08-14,18.27185,18.7397,18.1487,18.39495,1085100,0
1997-08-15,18.39495,18.4196,17.9517,17.97635,686500,0
1997-08-18,17.87785,18.00095,17.53305,18.00095,788600,0
1997-08-19,18.00095,18.1487,17.68085,17.77935,1359100,0
1997-08-20,17.7301,18.29645,17.68085,18.1241,1570400,0
1997-08-21,18.19795,18.29645,17.97635,18.09945,551400,0
1997-08-22,18.00095,18.1487,17.6562,18.1487,644400,0
1997-08-25,17.9271,18.2226,17.90245,18.00095,444800,0
1997-08-26,17.9271,18.0256,17.77935,17.9271,413300,0
1997-08-27,17.77935,18.17335,17.4838,18.17335,993700,0
1997-08-28,18.07485,18.29645,17.90245,18.0256,652400,0
1997-08-29,17.8286,18.07485,17.5577,17.9517,890800,0
1997-09-02,17.9271,18.49345,17.9271,18.4442,689500,0
1997-09-03,18.46885,18.49345,18.07485,18.09945,761100,0
1997-09-04,18.17335,18.37035,18.1241,18.37035,415000,0
1997-09-05,18.5181,18.59195,18.1487,18.37035,451400,0
1997-09-08,18.4196,18.59195,18.2226,18.49345,587300,0
1997-09-09,18.4442,18.88745,18.2472,18.78895,741300,0
1997-09-10,18.56735,18.56735,17.87785,17.90245,890000,0
1997-09-11,17.8532,17.97635,17.5823,17.8286,989600,0
1997-09-12,17.9271,18.37035,17.6562,18.3211,527300,0
1997-09-15,18.3457,18.86285,18.3457,18.3457,764100,0
1997-09-16,18.37035,18.8136,18.37035,18.76435,567200,0
1997-09-17,18.76435,18.8136,18.49345,18.66585,374000,0
1997-09-18,18.66585,18.76435,18.46885,18.59195,620800,0
1997-09-19,18.56735,19.5031,18.5427,19.37995,1395600,0
1997-09-22,19.5031,19.55235,19.2076,19.28145,703600,0
1997-09-23,19.28145,19.3061,19.0106,19.1091,569800,0
1997-09-24,19.18295,19.7247,18.8382,18.86285,933700,0
1997-09-25,18.96135,19.4046,18.86285,18.98595,704600,0
1997-09-26,18.98595,19.5031,18.98595,19.47845,634700,0
1997-09-29,19.3061,19.57695,19.18295,19.5277,596300,0
1997-09-30,19.57695,19.8232,19.35535,19.7001,505100,0
1997-10-01,19.6262,19.74935,19.15835,19.25685,894000,0
1997-10-02,19.25685,19.9217,19.2322,19.9217,477700,0
1997-10-03,19.9956,20.2172,19.67545,19.8232,851400,0
1997-10-06,19.8971,19.97095,19.74935,19.9217,518900,0
1997-10-07,19.94635,20.2911,19.94635,20.1926,685100,0
1997-10-08,20.2172,20.2172,19.84785,20.06945,550700,0
1997-10-09,19.8971,19.97095,19.6016,19.84785,681300,0
1997-10-10,19.7001,19.9956,19.6262,19.8971,435400,0
1997-10-13,19.8971,20.0941,19.7247,20.04485,259400,0
1997-10-14,19.84785,19.84785,19.0106,19.3061,2401200,0
1997-10-15,19.25685,20.4881,19.25685,20.16795,1041500,0
1997-10-16,20.34035,20.4142,20.16795,20.2911,1079400,0
1997-10-17,20.2911,20.3157,19.7986,19.84785,726500,0
1997-10-20,19.7986,20.4142,19.77395,20.2172,703900,0
1997-10-21,20.26645,20.53735,20.16795,20.53735,489300,0
1997-10-22,20.34035,20.93135,20.1926,20.85745,562700,0
1997-10-23,20.5866,20.5866,20.2172,20.2911,742800,0
1997-10-24,20.3896,20.43885,19.87245,20.04485,552000,0
1997-10-27,19.7986,20.0941,19.25685,19.3307,870800,0
1997-10-28,18.7151,20.1187,18.66585,20.1187,979000,0
1997-10-29,20.06945,20.4881,19.9956,20.14335,853700,0
1997-10-30,19.7001,20.16795,19.7001,19.8971,819200,0
1997-10-31,20.24185,20.2911,20.0941,20.14335,498000,0
1997-11-03,20.24185,20.4881,20.1187,20.43885,521300,0
1997-11-04,20.4142,21.1776,20.34035,21.0791,458700,0
1997-11-05,21.0791,21.0791,20.66045,20.83285,495600,0
1997-11-06,20.8821,21.5716,20.8821,21.4731,753900,0
1997-11-07,21.0791,21.22685,20.8821,21.0791,862500,0
1997-11-10,20.93135,21.3007,20.93135,21.2761,748300,0
1997-11-11,21.22685,21.8671,21.1776,21.81785,517500,0
1997-11-12,21.71935,22.43345,21.64545,21.6701,985400,0
1997-11-13,21.74395,22.43345,21.71935,22.40885,1097900,0
1997-11-14,22.43345,22.60585,22.3596,22.3596,1130200,0
1997-11-17,22.4827,22.80285,22.4827,22.63045,839800,0
1997-11-18,22.5566,22.5566,21.7932,21.84245,889500,0
1997-11-19,21.81785,22.6797,21.7932,22.4581,1171200,0
1997-11-20,22.4581,22.5566,22.2611,22.4581,976200,0
1997-11-21,22.50735,22.9506,22.33495,22.92595,903800,0
1997-11-24,22.8521,22.90135,22.43345,22.5566,565700,0
1997-11-25,22.6551,22.7536,22.2611,22.43345,516600,0
1997-11-26,22.33495,22.43345,22.0641,22.1626,496900,0
1997-11-28,22.23645,22.2611,22.0641,22.1626,213900,0
1997-12-01,22.01485,22.3596,21.94095,22.23645,711600,0
1997-12-02,22.23645,22.2611,22.11335,22.21185,573400,0
1997-12-03,22.21185,22.21185,21.8671,22.0887,396000,0
1997-12-04,22.03945,22.0641,21.52235,21.5716,455200,0
1997-12-05,21.4731,22.4581,21.4731,22.3842,613900,0
1997-12-08,22.3596,22.5566,22.11335,22.3842,620500,0
1997-12-09,22.3842,22.4581,22.1626,22.3596,495700,0
1997-12-10,22.1872,22.1872,21.44845,22.0887,599500,0
1997-12-11,22.0641,22.0641,21.3746,21.9902,625600,0
1997-12-12,21.9902,22.0641,21.52235,21.9902,616800,0
1997-12-15,22.03945,22.0641,21.4977,21.8671,658700,0
1997-12-16,21.71935,22.03945,21.3007,21.6701,743500,0
1997-12-17,21.6701,21.91635,21.64545,21.7686,569300,0
1997-12-18,21.7686,21.7686,21.3992,21.64545,656300,0
1997-12-19,21.5716,21.84245,21.32535,21.74395,808100,0
1997-12-22,21.7686,22.3842,21.7686,22.23645,483300,0
1997-12-23,22.0887,22.9752,22.0641,22.82745,726600,0
1997-12-24,22.92595,23.19685,22.92595,22.92595,471800,0
1997-12-26,22.9506,22.99985,22.80285,22.90135,145600,0
1997-12-29,23.09835,23.6401,23.09835,23.49235,424500,0
1997-12-30,23.68935,24.699,23.66475,24.67435,616800,0
1997-12-31,24.6251,24.6251,23.910999999999998,24.18185,500600,0
1998-01-02,24.15725,24.18185,23.3446,23.6401,545200,0
1998-01-05,23.78785,23.98485,23.51695,23.96025,846300,0
1998-01-06,23.8125,24.0341,23.59085,24.0095,468700,0
1998-01-07,23.9356,23.9356,23.49235,23.68935,618700,0
1998-01-08,23.6401,23.714000000000002,23.3692,23.59085,397300,0
1998-01-09,23.56625,23.56625,23.0737,23.12295,724900,0
1998-01-12,22.6797,23.6155,22.6797,23.6155,693800,0
1998-01-13,23.6401,23.714000000000002,23.3692,23.68935,805800,0
1998-01-14,23.66475,23.66475,23.1476,23.6401,392800,0
1998-01-15,23.66475,23.76325,23.19685,23.31995,526200,0
1998-01-16,23.2707,23.6155,23.19685,23.4431,779600,0
1998-01-20,23.7386,24.1326,23.714000000000002,24.1326,825500,0
1998-01-21,24.1326,24.1326,23.8371,24.05875,481100,0
1998-01-22,24.0341,24.502,24.0095,24.0341,644900,0
1998-01-23,24.0341,24.2311,23.76325,23.86175,452000,0
1998-01-26,23.9356,23.98485,23.66475,23.86175,338500,0
1998-01-27,23.96025,24.1326,23.6401,23.88635,446900,0
1998-01-28,23.88635,23.910999999999998,23.5416,23.76325,548700,0
1998-01-29,23.76325,24.05875,23.59085,23.6155,605700,0
1998-01-30,23.66475,23.8125,23.5416,23.56625,690800,0
1998-02-02,23.59085,24.2311,23.59085,24.2311,688900,0
1998-02-03,24.28035,24.57585,24.1326,24.502,446400,0
1998-02-04,24.5266,24.6251,24.28035,24.35425,386200,0
1998-02-05,24.35425,24.37885,23.9356,24.15725,937100,0
1998-02-06,24.15725,24.18185,23.8125,24.0341,414400,0
1998-02-09,24.0341,24.0341,23.76325,23.9356,406600,0
1998-02-10,23.96025,24.0341,23.714000000000002,23.8125,462100,0
1998-02-11,23.9356,24.0095,23.66475,23.9356,663700,0
1998-02-12,23.8371,23.9356,23.59085,23.910999999999998,384700,0
1998-02-13,23.8125,23.910999999999998,23.4431,23.78785,437800,0
1998-02-17,23.88635,24.0341,23.5416,23.86175,524400,0
1998-02-18,23.86175,24.2311,23.8371,24.1326,420600,0
1998-02-19,24.0341,24.25575,23.68935,23.68935,509700,0
1998-02-20,23.88635,24.0341,23.59085,23.910999999999998,711200,0
1998-02-23,23.9356,24.25575,23.910999999999998,24.0341,342800,0
1998-02-24,24.0095,24.0095,23.51695,23.6155,526400,0
1998-02-25,23.714000000000002,24.2311,23.66475,23.98485,539300,0
1998-02-26,24.0095,24.35425,23.76325,24.35425,464800,0
1998-02-27,24.35425,24.35425,24.0341,24.05875,448800,0
1998-03-02,23.88635,24.37885,23.86175,24.37885,570800,0
1998-03-03,24.35425,24.5266,24.28035,24.47735,461600,0
1998-03-04,24.37885,24.64975,24.0341,24.57585,617900,0
1998-03-05,24.35425,24.57585,24.08335,24.1326,495900,0
1998-03-06,24.3296,25.06835,24.3296,24.84675,485200,0
1998-03-09,24.84675,25.14225,24.7236,24.84675,524800,0
1998-03-10,24.7975,25.3146,24.64975,25.2161,535100,0
1998-03-11,25.14225,25.43775,25.06835,25.3146,402800,0
1998-03-12,25.2161,25.56085,24.896,24.94525,656000,0
1998-03-13,25.2161,26.3981,25.1915,26.34885,1008400,0
1998-03-16,26.3981,26.52125,26.05335,26.4966,521900,0
1998-03-17,26.2996,26.3735,25.881,26.0041,562000,0
1998-03-18,26.0041,26.64435,26.0041,26.52125,582700,0
1998-03-19,26.81675,27.3831,26.6936,27.3831,749200,0
1998-03-20,27.62935,27.6786,27.21075,27.30925,744000,0
1998-03-23,27.23535,27.851,27.21075,27.70325,340100,0
1998-03-24,27.70325,27.70325,27.2846,27.60475,587700,0
1998-03-25,27.5801,27.6786,27.01375,27.30925,650400,0
1998-03-26,27.21075,27.53085,27.0876,27.50625,495900,0
1998-03-27,27.40775,27.43235,26.64435,26.7921,733700,0
1998-03-30,26.84135,26.93985,26.275,26.3981,476100,0
1998-03-31,26.25035,26.9645,26.25035,26.81675,532700,0
1998-04-01,26.71825,26.7921,26.2011,26.52125,512300,0
1998-04-02,26.52125,26.5951,26.2011,26.5705,587900,0
1998-04-03,26.4966,26.74285,26.3981,26.4966,572900,0
1998-04-06,26.42275,26.44735,25.56085,25.7825,696800,0
1998-04-07,25.684,25.8071,25.14225,25.4131,1007400,0
1998-04-08,25.2161,25.83175,25.2161,25.53625,582600,0
1998-04-09,25.7086,25.95485,25.684,25.95485,577700,0
1998-04-13,25.9056,26.1765,25.73325,26.1026,685300,0
1998-04-14,26.078000000000003,26.25035,25.65935,25.7825,417300,0
1998-04-15,25.75785,26.25035,25.684,26.2011,651900,0
1998-04-16,26.1026,26.15185,25.9795,26.078000000000003,646300,0
1998-04-17,26.078000000000003,26.64435,25.9795,26.5705,672100,0
1998-04-20,26.5951,27.01375,26.5705,26.8906,537300,0
1998-04-21,26.7921,26.8906,26.3735,26.81675,412400,0
1998-04-22,26.6936,26.74285,26.3735,26.71825,306300,0
1998-04-23,26.54585,26.61975,25.8071,26.02875,521300,0
1998-04-24,26.02875,26.3735,25.83175,26.078000000000003,531400,0
1998-04-27,26.1026,26.12725,25.56085,25.684,452000,0
1998-04-28,25.7086,25.95485,24.9945,25.2161,632800,0
1998-04-29,25.2161,25.684,25.2161,25.684,588900,0
1998-04-30,25.7825,26.3735,25.75785,26.3735,475000,0
1998-05-01,26.3981,26.42275,25.7825,26.1026,382800,0
1998-05-04,26.15185,26.32425,25.7825,26.02875,254200,0
1998-05-05,25.95485,25.95485,25.63475,25.83175,368000,0
1998-05-06,25.8071,25.8071,25.36385,25.4131,334400,0
1998-05-07,25.56085,25.5855,25.1176,25.14225,516500,0
1998-05-08,25.16685,25.95485,25.16685,25.56085,503400,0
1998-05-11,25.65935,25.7825,25.26535,25.26535,380100,0
1998-05-12,25.36385,25.56085,25.06835,25.5116,562500,0
1998-05-13,25.4131,26.5951,25.33925,26.34885,690800,0
1998-05-14,26.32425,26.32425,25.95485,26.12725,795500,0
1998-05-15,26.2996,26.2996,25.5855,25.6101,459300,0
1998-05-18,25.7086,25.73325,24.74825,25.1176,609200,0
1998-05-19,25.16685,25.26535,24.96985,25.1915,426200,0
1998-05-20,25.29,25.43775,24.7236,25.3885,390000,0
1998-05-21,25.487,25.85635,25.2161,25.75785,385400,0
1998-05-22,25.7086,25.7086,25.3885,25.4131,212700,0
1998-05-26,25.4131,25.487,24.896,24.9206,350700,0
1998-05-27,24.8221,25.0191,24.28035,24.67435,462000,0
1998-05-28,24.67435,24.94525,24.502,24.7236,418200,0
1998-05-29,24.96985,25.29,24.84675,25.06835,468000,0
1998-06-01,25.06835,25.46235,24.87135,25.29,459200,0
1998-06-02,25.29,25.56085,25.16685,25.3885,519200,0
1998-06-03,25.53625,25.93025,25.46235,25.487,445400,0
1998-06-04,25.29,25.487,25.0314,25.487,330300,0
1998-06-05,25.5855,25.75785,25.487,25.63475,315100,0
1998-06-08,25.95485,26.669,25.9056,26.54585,777800,0
1998-06-09,26.52125,26.9891,26.25035,26.6936,509700,0
1998-06-10,26.5705,26.81675,26.1026,26.15185,544600,0
1998-06-11,26.15185,26.1765,25.65935,25.7825,305500,0
1998-06-12,25.56085,25.9795,25.487,25.881,375500,0
1998-06-15,25.6101,26.3735,25.6101,25.7086,552200,0
1998-06-16,25.65935,26.7921,25.63475,26.64435,614300,0
1998-06-17,26.7921,27.53085,26.6936,27.53085,868800,0
1998-06-18,27.50625,27.53085,27.1861,27.30925,449600,0
1998-06-19,27.3585,27.53085,26.866,27.13685,596100,0
1998-06-22,27.11225,27.30925,26.84135,26.91525,367900,0
1998-06-23,27.063000000000002,27.7771,27.01375,27.7771,383100,0
1998-06-24,27.7525,28.3435,27.43235,28.2696,572600,0
1998-06-25,28.1711,28.441999999999997,27.70325,27.90025,567200,0
1998-06-26,27.90025,27.9741,27.6786,27.72785,323000,0
1998-06-29,27.8756,28.1711,27.80175,28.1465,597000,0
1998-06-30,28.22035,28.71285,27.7525,28.71285,718400,0
1998-07-01,28.71285,29.10685,28.441999999999997,29.10685,505500,0
1998-07-02,29.10685,29.23,28.6636,29.10685,432100,0
1998-07-06,29.10685,29.5255,29.10685,29.5255,346400,0
1998-07-07,29.5255,29.5255,28.836,28.9591,620400,0
1998-07-08,28.9591,29.74715,28.9591,29.5009,472900,0
1998-07-09,29.37775,29.37775,29.00835,29.10685,424400,0
1998-07-10,28.90985,29.0576,27.9741,28.49125,731600,0
1998-07-13,28.5651,28.88525,28.3681,28.61435,273800,0
1998-07-14,28.6636,29.0576,28.6636,29.0576,431900,0
1998-07-15,29.1561,29.2546,28.7621,29.1561,284600,0
1998-07-16,29.00835,29.23,28.836,29.23,265200,0
1998-07-17,29.3285,29.3285,28.88525,29.00835,255800,0
1998-07-20,28.98375,29.033,28.5405,28.71285,355800,0
1998-07-21,28.7621,28.81135,28.3681,28.39275,585200,0
1998-07-22,28.41735,28.639,28.1711,28.4666,547800,0
1998-07-23,28.2696,28.4666,27.80175,27.80175,330800,0
1998-07-24,27.851,28.0726,27.5801,27.60475,278300,0
1998-07-27,27.5801,27.6786,27.1861,27.5555,397900,0
1998-07-28,27.456999999999997,27.50625,26.6936,26.9891,730800,0
1998-07-29,27.1861,27.3831,26.93985,26.93985,353600,0
1998-07-30,26.91525,27.3831,26.7921,27.23535,397000,0
1998-07-31,27.0876,27.0876,26.471999999999998,26.669,411200,0
1998-08-03,26.5705,27.33385,26.22575,26.9891,535700,0
1998-08-04,26.9891,27.21075,26.44735,26.44735,574600,0
1998-08-05,26.44735,26.52125,25.26535,26.34885,772000,0
1998-08-06,26.15185,26.25035,25.93025,25.9795,512600,0
1998-08-07,25.9795,26.1765,25.6101,25.85635,561600,0
1998-08-10,25.75785,25.9795,25.29,25.95485,716400,0
1998-08-11,25.8071,26.34885,25.36385,26.275,510700,0
1998-08-12,26.3981,27.26,25.95485,27.23535,777400,0
1998-08-13,27.23535,27.26,26.25035,26.32425,699500,0
1998-08-14,26.3981,26.8906,26.3981,26.8906,682700,0
1998-08-17,26.866,27.7525,26.71825,27.43235,723500,0
1998-08-18,27.4816,28.02335,27.40775,27.92485,610700,0
1998-08-19,27.9495,28.02335,27.4816,27.53085,367900,0
1998-08-20,27.53085,27.99875,27.1861,27.851,524600,0
1998-08-21,27.851,27.8756,26.669,27.62935,713400,0
1998-08-24,27.6786,27.9495,27.03835,27.5801,324700,0
1998-08-25,27.654,28.048000000000002,27.4816,27.62935,436300,0
1998-08-26,27.456999999999997,27.851,27.23535,27.43235,430000,0
1998-08-27,27.40775,27.43235,26.4966,26.4966,861700,0
1998-08-28,26.4966,26.7921,26.0041,26.54585,758800,0
1998-08-31,26.5705,26.61975,25.0191,25.1176,803500,0
1998-09-01,25.6101,26.44735,25.43775,26.3735,1614800,0
1998-09-02,26.3981,27.851,26.3735,27.5555,1406300,0
1998-09-03,27.1861,27.3831,26.91525,27.21075,860700,0
1998-09-04,27.53085,27.5801,26.669,27.1861,697100,0
1998-09-08,27.7771,28.6636,27.43235,28.6636,856500,0
1998-09-09,28.58975,29.00835,28.49125,28.7621,910200,0
1998-09-10,28.31885,28.41735,27.53085,27.5801,1058000,0
1998-09-11,27.3585,28.39275,27.33385,28.3681,884200,0
1998-09-14,28.61435,28.7621,28.49125,28.71285,514900,0
1998-09-15,28.51585,28.7375,28.2696,28.7375,543100,0
1998-09-16,28.58975,29.20535,28.41735,29.20535,632400,0
1998-09-17,28.81135,28.9345,28.49125,28.639,618500,0
1998-09-18,28.7375,28.98375,28.51585,28.9345,684800,0
1998-09-21,28.71285,29.1315,28.61435,29.1315,534300,0
1998-09-22,29.3531,30.04265,29.08225,29.94415,836200,0
1998-09-23,29.7964,30.6829,29.5994,30.65825,791700,0
1998-09-24,30.55975,30.6829,30.36275,30.5844,815600,0
1998-09-25,30.4859,31.32315,30.33815,31.2985,797800,0
1998-09-28,31.4709,31.6925,30.92915,31.22465,617200,0
1998-09-29,31.0769,31.1015,29.9195,30.14115,1509600,0
1998-09-30,29.94415,30.1165,29.20535,29.45165,1001800,0
1998-10-01,29.1561,29.1561,26.7675,26.7675,1521600,0
1998-10-02,26.7675,27.3831,26.05335,26.9645,1450100,0
1998-10-05,26.74285,26.7675,25.7825,26.12725,1163800,0
1998-10-06,26.3981,26.74285,26.275,26.3735,909100,0
1998-10-07,26.3981,26.84135,26.1765,26.7921,1217200,0
1998-10-08,26.44735,27.1861,26.12725,27.063000000000002,1361700,0
1998-10-09,27.2846,28.3435,27.21075,28.29425,818400,0
1998-10-12,28.39275,29.20535,28.39275,28.6636,456200,0
1998-10-13,28.6636,28.6636,27.40775,28.2696,1062300,0
1998-10-14,28.2696,29.1315,27.851,29.1315,1136300,0
1998-10-15,29.033,30.5844,28.78675,30.46125,1128700,0
1998-10-16,30.73215,30.73215,29.6979,30.3135,1160900,0
1998-10-19,30.23965,30.7814,30.1904,30.53515,539200,0
1998-10-20,31.52015,31.594,30.83065,30.9045,759600,0
1998-10-21,30.53515,31.12615,30.53515,30.805999999999997,479800,0
1998-10-22,30.83065,31.4955,30.609,31.3724,533700,0
1998-10-23,31.34775,31.397,30.75675,30.83065,475500,0
1998-10-26,30.85525,31.12615,30.36275,30.3874,688200,0
1998-10-27,30.6829,30.9045,29.1315,29.57475,1342400,0
1998-10-28,29.427,29.67325,29.3531,29.45165,627100,0
1998-10-29,29.55015,30.5105,29.55015,30.46125,772900,0
1998-10-30,30.73215,31.15075,30.609,30.65825,564600,0
1998-11-02,30.6829,31.6679,30.65825,31.6679,731100,0
1998-11-03,31.4955,31.6679,31.22465,31.42165,551100,0
1998-11-04,31.52015,32.01265,31.52015,31.8649,1057400,0
1998-11-05,31.84025,33.21925,31.64325,32.5544,1672800,0
1998-11-06,32.3574,32.72675,32.2589,32.4805,812100,0
1998-11-09,32.5544,32.60365,31.91415,32.43125,583000,0
1998-11-10,32.60365,32.6775,32.11115,32.2835,1017700,0
1998-11-11,32.2589,32.2835,31.34775,31.6679,852000,0
1998-11-12,31.6679,31.6679,30.8799,31.2,717900,0
1998-11-13,31.2985,31.4955,31.1015,31.2,376600,0
1998-11-16,31.52015,31.7664,31.2985,31.44625,740100,0
1998-11-17,31.52015,31.6925,31.34775,31.42165,1108900,0
1998-11-18,31.42165,31.54475,31.12615,31.4955,775200,0
1998-11-19,31.5694,31.6679,31.3724,31.4955,627600,0
1998-11-20,31.64325,31.6679,31.1754,31.2985,817100,0
1998-11-23,31.2985,31.44625,31.02765,31.2739,757200,0
1998-11-24,31.003,31.02765,30.1165,30.85525,1132800,0
1998-11-25,30.83065,30.95375,30.53515,30.85525,473000,0
1998-11-27,30.75675,30.805999999999997,30.43665,30.53515,269100,0
1998-11-30,30.53515,30.73215,29.96875,30.33815,957700,0
1998-12-01,30.23965,30.55975,29.94415,30.3874,740700,0
1998-12-02,30.0919,31.3724,29.9934,31.2739,1146700,0
1998-12-03,31.0769,31.42165,29.7964,29.7964,800900,0
1998-12-04,29.94415,30.53515,29.94415,30.5105,819300,0
1998-12-07,30.53515,30.805999999999997,30.43665,30.75675,610800,0
1998-12-08,30.65825,31.12615,30.5105,30.73215,606700,0
1998-12-09,30.65825,31.05225,30.33815,30.33815,469000,0
1998-12-10,30.36275,30.412,29.8949,29.94415,861400,0
1998-12-11,30.1165,30.23965,29.820999999999998,29.94415,727400,0
1998-12-14,29.84565,29.84565,29.1561,29.427,725000,0
1998-12-15,29.5255,29.74715,28.9591,29.74715,1012800,0
1998-12-16,29.9934,30.1904,28.7621,29.624000000000002,854200,0
1998-12-17,29.7225,30.5844,29.6979,30.53515,822200,0
1998-12-18,30.55975,30.9045,30.412,30.65825,882500,0
1998-12-21,30.5844,31.32315,30.33815,30.4859,745100,0
1998-12-22,30.4859,31.05225,30.14115,30.85525,559200,0
1998-12-23,31.05225,31.4709,30.9045,31.12615,658200,0
1998-12-24,31.42165,31.52015,31.32315,31.52015,193500,0
1998-12-28,31.52015,31.6925,31.15075,31.2985,386400,0
1998-12-29,31.61865,31.61865,31.02765,31.4955,438900,0
1998-12-30,31.4955,31.594,31.1754,31.44625,442300,0
1998-12-31,31.52015,31.64325,31.24925,31.594,592800,0
1999-01-04,32.3081,32.4066,31.5694,31.9634,1331000,0
1999-01-05,32.2096,32.2589,31.0769,31.6679,1485300,0
1999-01-06,31.9141,32.4559,31.4709,32.4066,1737900,0
1999-01-07,32.6036,33.0469,32.0619,32.9484,1640700,0
1999-01-08,32.8991,32.9484,32.1604,32.6036,1512700,0
1999-01-11,32.5544,32.7514,31.8156,32.2589,1276700,0
1999-01-12,31.9141,32.1604,30.6829,30.9291,1488600,0
1999-01-13,29.9441,31.5201,29.9441,31.1261,1399800,0
1999-01-14,30.3381,30.3874,28.5651,29.1561,4721900,0
1999-01-15,30.3381,30.5844,29.8456,30.0919,3773200,0
1999-01-19,30.0426,31.1754,29.7964,31.1261,2436400,0
1999-01-20,30.9784,31.5694,30.3874,30.7814,1421800,0
1999-01-21,30.7321,30.7321,29.9441,29.9934,1232300,0
1999-01-22,29.7964,30.5351,29.3531,29.7964,1539000,0
1999-01-25,30.1904,30.4859,29.5501,29.9441,1305700,0
1999-01-26,30.1411,30.7321,29.9441,29.9441,1180500,0
1999-01-27,30.3381,30.6829,29.9441,30.1411,1136400,0
1999-01-28,30.7321,31.7664,30.4366,31.7171,2100500,0
1999-01-29,31.7171,33.5886,31.4216,33.5394,2440700,0
1999-02-01,33.0961,33.3424,32.6036,33.1946,1875500,0
1999-02-02,33.0961,33.1454,32.5051,33.0961,1228900,0
1999-02-03,32.7021,33.0961,32.6036,33.0961,906200,0
1999-02-04,33.0469,33.4409,32.6529,33.4409,1462500,0
1999-02-05,33.4409,33.4409,32.4066,32.8991,1377100,0
1999-02-08,32.7021,32.7514,31.5694,32.3081,1573200,0
1999-02-09,32.3081,32.3574,31.6186,31.7664,821700,0
1999-02-10,31.9634,32.7021,31.9141,32.3081,1264100,0
1999-02-11,32.2589,33.0469,32.0126,32.9976,1069800,0
1999-02-12,32.9976,32.9976,32.0126,32.4066,864300,0
1999-02-16,32.5051,32.8991,32.3081,32.6036,765000,0
1999-02-17,32.3081,32.6529,32.1604,32.4559,827600,0
1999-02-18,32.0126,32.2589,31.3231,32.2589,1676400,0
1999-02-19,32.1604,32.2589,31.7171,31.8156,965800,0
1999-02-22,32.0126,33.0961,31.9141,33.0469,1250800,0
1999-02-23,32.5544,33.2931,32.4066,32.8991,938000,0
1999-02-24,32.8991,32.9484,32.3081,32.3574,1083300,0
1999-02-25,32.2589,32.3081,31.4216,31.7664,1327500,0
1999-02-26,32.2096,32.2096,31.1261,31.3231,1377800,0
1999-03-01,31.3231,31.3231,30.4366,31.1261,1729200,0
1999-03-02,31.3231,31.7171,30.8306,31.1754,1009700,0
1999-03-03,31.1261,31.1754,30.2396,30.9291,1206000,0
1999-03-04,30.9291,31.1754,30.5844,30.9291,1638500,0
1999-03-05,31.5201,31.5201,30.6336,31.2739,1110800,0
1999-03-08,31.2739,31.7171,30.9291,31.3231,1381700,0
1999-03-09,31.3231,31.6186,30.8306,30.9291,1519800,0
1999-03-10,30.9784,31.1261,30.0919,30.5351,1108300,0
1999-03-11,30.7321,31.0276,30.3874,30.5844,1243300,0
1999-03-12,30.8799,30.8799,30.3874,30.5844,1003000,0
1999-03-15,30.1411,30.6336,29.9441,30.1411,1994700,0
1999-03-16,30.6336,30.8799,30.2396,30.6829,1898700,0
1999-03-17,31.1261,31.5694,30.9784,31.3231,1581500,0
1999-03-18,31.1261,32.3574,31.1261,32.3081,1918700,0
1999-03-19,33.3916,33.3916,31.4216,31.4216,2728700,0
1999-03-22,31.4709,32.2589,31.4709,31.9141,1351000,0
1999-03-23,32.0126,32.0126,31.0276,31.1261,1426200,0
1999-03-24,31.3231,31.5201,30.8799,31.3231,1074300,0
1999-03-25,31.5201,31.6679,30.9291,31.0276,1286600,0
1999-03-26,30.8799,31.0276,30.4859,30.5351,1318300,0
1999-03-29,31.5201,31.9634,31.1261,31.8156,1428000,0
1999-03-30,31.8156,32.5544,31.6679,32.1604,1157000,0
1999-03-31,31.9141,32.8499,31.9141,32.6036,1674100,0
1999-04-01,32.6036,32.8499,32.1111,32.6036,1052000,0
1999-04-05,32.8006,32.9484,32.4559,32.8991,1037200,0
1999-04-06,32.8499,32.9484,31.7171,31.9141,1065100,0
1999-04-07,32.2589,32.2589,30.9291,31.6186,1614200,0
1999-04-08,31.6186,32.3574,31.4709,32.2096,1260300,0
1999-04-09,32.1604,32.8499,31.8649,32.6036,1199100,0
1999-04-12,32.1111,33.0961,32.1111,32.8991,1615700,0
1999-04-13,32.9484,33.2439,32.7021,33.0961,1700400,0
1999-04-14,32.7021,32.8006,32.3081,32.4559,985200,0
1999-04-15,32.3081,32.7021,31.8156,32.1111,1122400,0
1999-04-16,32.1111,32.4559,31.6679,32.0126,1028700,0
1999-04-19,32.1111,32.5051,31.7171,31.7171,1370300,0
1999-04-20,32.5051,32.5051,30.9291,31.1261,2452000,0
1999-04-21,32.7021,32.7021,32.0619,32.5544,1980100,0
1999-04-22,32.7021,33.8349,32.5051,33.8349,2111400,0
1999-04-23,33.7856,35.6572,33.6871,34.8199,2402700,0
1999-04-26,35.2632,36.8392,34.8199,36.3959,2137300,0
1999-04-27,36.9377,36.9377,35.6572,36.1004,1454600,0
1999-04-28,36.1004,36.1004,35.2139,35.5587,1288900,0
1999-04-29,35.8541,36.0019,34.6722,35.9526,1866700,0
1999-04-30,35.6079,35.7064,34.8691,35.0662,1362400,0
1999-05-03,35.0662,35.4601,34.7707,35.0662,899900,0
1999-05-04,35.1647,35.7557,35.0169,35.0662,858400,0
1999-05-05,34.9184,35.4109,34.5244,35.4109,1084600,0
1999-05-06,35.1154,35.4109,34.7707,35.3124,1162000,0
1999-05-07,35.1154,35.5587,34.6229,35.2632,1295800,0
1999-05-10,34.5737,34.8691,34.2781,34.6229,852800,0
1999-05-11,34.6722,35.0662,34.4751,34.8691,872800,0
1999-05-12,34.9676,35.5587,34.3766,35.3124,1289700,0
1999-05-13,35.4109,35.8541,35.1647,35.4601,887300,0
1999-05-14,35.2632,35.4601,34.8199,35.0169,851700,0
1999-05-17,34.7707,35.2632,34.7214,35.0662,681900,0
1999-05-18,35.0662,35.3124,34.2781,34.5737,1329100,0
1999-05-19,34.5737,34.6722,34.3274,34.6722,997400,0
1999-05-20,34.6722,35.3616,34.6229,35.2139,1472800,0
1999-05-21,35.2632,35.5587,35.1154,35.5094,764500,0
1999-05-24,35.1647,35.5094,34.7707,34.9676,982200,0
1999-05-25,34.9676,35.4601,34.0319,34.0811,1478400,0
1999-05-26,34.2289,34.3766,33.2931,33.5886,2088800,0
1999-05-27,33.0961,33.9334,32.0126,32.3574,1755400,0
1999-05-28,32.1604,33.0961,32.1111,32.4559,943700,0
1999-06-01,32.1111,32.3081,31.4216,32.0126,2074300,0
1999-06-02,32.1111,33.3424,31.6679,32.9976,1474300,0
1999-06-03,32.8006,33.6379,32.6529,33.5886,1161600,0
1999-06-04,33.3916,34.0811,33.2439,33.6379,841700,0
1999-06-07,33.3424,33.5394,32.3081,32.3081,934100,0
1999-06-08,32.4066,33.0961,32.2096,32.3574,990100,0
1999-06-09,32.4559,32.6529,32.1111,32.3574,624000,0
1999-06-10,32.1604,32.1604,31.4216,32.1111,684300,0
1999-06-11,32.2096,32.3574,30.7814,31.3231,1464100,0
1999-06-14,31.6186,32.3081,31.3231,31.6679,725400,0
1999-06-15,31.9634,32.7514,31.7171,32.2589,996200,0
1999-06-16,32.3574,32.9976,32.2589,32.8006,779300,0
1999-06-17,32.1111,32.7514,31.9141,32.5051,976300,0
1999-06-18,32.5544,33.2931,32.3574,33.2931,1388300,0
1999-06-21,33.3916,33.3916,32.4559,32.7021,709600,0
1999-06-22,32.5544,32.7514,32.3081,32.5051,904600,0
1999-06-23,32.5051,32.5051,31.8156,32.5051,716500,0
1999-06-24,32.1604,32.2589,31.5694,31.7171,763600,0
1999-06-25,32.1111,32.8991,31.9141,32.4066,805100,0
1999-06-28,32.8991,33.7364,32.7514,33.0469,906300,0
1999-06-29,32.8499,34.7214,32.8006,34.6229,1111100,0
1999-06-30,34.5244,34.6722,33.6379,34.6722,1140200,0
1999-07-01,34.4751,35.0662,34.3766,34.8691,795300,0
1999-07-02,34.9184,35.1647,34.7214,35.1647,777600,0
1999-07-06,34.7707,34.8691,34.3766,34.5244,793400,0
1999-07-07,34.4751,35.0169,34.0811,35.0169,655800,0
1999-07-08,34.6722,35.0169,33.4901,34.2289,1010900,0
1999-07-09,34.2289,34.3766,33.6871,34.3274,733200,0
1999-07-12,34.3274,34.3766,33.8349,34.0811,475900,0
1999-07-13,34.0319,34.2781,33.4901,33.8841,578200,0
1999-07-14,33.9334,34.2289,33.1946,34.1797,757200,0
1999-07-15,34.0811,34.4751,33.4901,33.8841,1024700,0
1999-07-16,34.0811,35.3616,33.8841,35.2139,1058000,0
1999-07-19,35.2632,35.3124,34.3766,35.0169,880800,0
1999-07-20,35.0662,35.0662,33.7856,34.4751,765600,0
1999-07-21,34.5244,35.0169,34.2781,35.0169,973600,0
1999-07-22,34.7707,34.7707,32.8499,32.8499,1222300,0
1999-07-23,32.8991,33.0961,32.5051,32.8006,1318900,0
1999-07-26,32.9976,33.4901,32.2589,32.5051,938000,0
1999-07-27,32.3574,32.6036,31.9634,32.3081,1732200,0
1999-07-28,32.3574,32.4559,32.0126,32.4066,1019100,0
1999-07-29,32.0126,32.2096,31.1261,31.8156,818300,0
1999-07-30,31.8156,31.9634,30.7321,31.5694,928700,0
1999-08-02,31.1261,31.7664,30.7814,31.0769,1015600,0
1999-08-03,31.4709,31.5694,30.6336,31.2739,1168500,0
1999-08-04,31.5694,31.8649,30.7321,30.9291,879900,0
1999-08-05,30.9291,32.1111,30.7814,31.3231,1171200,0
1999-08-06,31.3724,31.6186,30.8306,31.3231,966400,0
1999-08-09,31.3231,31.6186,30.8799,31.0276,510100,0
1999-08-10,31.3231,31.3231,29.4516,29.9441,1132800,0
1999-08-11,29.8949,30.7814,29.7471,30.7321,1006800,0
1999-08-12,31.0276,31.8156,30.9784,31.5201,1129700,0
1999-08-13,31.5201,32.2589,31.4216,31.9141,1933600,0
1999-08-16,31.7664,32.2096,31.7664,31.9141,930800,0
1999-08-17,31.6186,32.0619,31.3231,32.0126,1142800,0
1999-08-18,31.5201,32.0619,31.4216,31.9141,958500,0
1999-08-19,31.5201,31.7664,30.9291,31.2246,899300,0
1999-08-20,31.2246,31.5694,31.1754,31.4709,691400,0
1999-08-23,31.5201,31.8649,31.3724,31.4709,1269500,0
1999-08-24,31.1754,31.4709,30.7321,31.1261,1775400,0
1999-08-25,31.1261,31.1754,30.4859,31.1754,1233800,0
1999-08-26,30.7321,31.2739,30.6829,31.2739,1185100,0
1999-08-27,31.1261,31.5201,31.1261,31.2739,1007700,0
1999-08-30,30.9784,31.3231,30.4859,30.6829,698800,0
1999-08-31,30.7814,31.1261,30.3874,30.9784,1255900,0
1999-09-01,30.9784,31.7171,30.7814,31.6679,1726500,0
1999-09-02,31.5201,31.5201,30.8306,31.2246,833700,0
1999-09-03,31.5201,31.8649,31.4709,31.7664,766800,0
1999-09-07,31.8156,33.5886,31.5694,32.7514,1251200,0
1999-09-08,32.6529,33.6871,32.3081,33.4901,1743700,0
1999-09-09,33.2931,33.9826,33.0961,33.9334,1817100,0
1999-09-10,33.9334,33.9334,32.9976,32.9976,1192400,0
1999-09-13,33.1946,33.3424,32.9976,33.1946,1026300,0
1999-09-14,32.8006,33.6379,32.8006,33.6379,656400,0
1999-09-15,33.6379,33.6379,32.8499,32.9484,1048300,0
1999-09-16,33.0469,33.3916,32.8991,33.1454,815200,0
1999-09-17,33.0961,33.6379,33.0961,33.3916,919400,0
1999-09-20,33.2439,33.9334,33.2439,33.7364,971200,0
1999-09-21,33.8349,33.8349,32.8006,33.0961,1148600,0
1999-09-22,33.1454,33.4901,32.5051,32.9976,1119900,0
1999-09-23,32.8499,33.5886,32.7514,32.8499,1019900,0
1999-09-24,32.6529,33.8349,32.5544,33.4409,1187600,0
1999-09-27,33.8841,34.1304,33.5886,33.9334,1760100,0
1999-09-28,33.8841,33.9334,33.0469,33.4901,1111900,0
1999-09-29,33.4409,34.4751,33.3916,34.0811,1043700,0
1999-09-30,34.0811,35.2139,33.9334,35.1647,2709400,0
1999-10-01,34.9676,35.0169,34.2289,34.5737,1495800,0
1999-10-04,34.6722,35.2632,34.5737,35.2632,1070200,0
1999-10-05,35.2632,35.2632,33.8841,34.5737,1061600,0
1999-10-06,34.6722,35.2139,34.4259,34.9676,888300,0
1999-10-07,35.4601,35.4601,34.8199,34.8199,941200,0
1999-10-08,34.9184,35.7557,34.9184,35.5587,1283000,0
1999-10-11,35.4601,35.9526,35.2632,35.8049,987800,0
1999-10-12,35.6572,35.8049,35.3124,35.4109,707700,0
1999-10-13,35.4601,35.7064,35.2632,35.3616,748000,0
1999-10-14,35.3616,36.4451,34.8691,35.8541,1229000,0
1999-10-15,35.8541,35.8541,34.6229,34.7214,1609300,0
1999-10-18,34.9184,35.0169,34.2781,34.8691,955700,0
1999-10-19,35.0662,35.4601,34.7707,35.0169,825000,0
1999-10-20,35.3616,36.2974,35.3124,36.2482,1175700,0
1999-10-21,35.8049,36.1989,35.7064,36.1497,995200,0
1999-10-22,36.3466,37.5287,36.2482,37.3809,1472400,0
1999-10-25,37.0362,37.7749,36.9377,37.1839,1303100,0
1999-10-26,37.2824,37.6764,37.0362,37.1347,833900,0
1999-10-27,37.1347,37.2332,36.7407,37.0854,980600,0
1999-10-28,37.5779,38.0212,37.1839,37.4794,1423100,0
1999-10-29,37.6764,38.3167,37.4794,37.9719,1412500,0
1999-11-01,38.2182,38.3659,37.7749,37.8734,939400,0
1999-11-02,37.8242,38.1197,37.2332,37.4794,974700,0
1999-11-03,37.4302,37.6764,36.7407,37.1347,1304400,0
1999-11-04,37.3317,37.3317,36.6422,36.7899,1669600,0
1999-11-05,37.2332,37.7257,37.1347,37.6272,1215400,0
1999-11-08,37.7257,38.3659,37.3809,38.3167,1056200,0
1999-11-09,38.4152,38.4152,37.6764,37.9227,698500,0
1999-11-10,38.1197,38.5137,37.7257,38.2674,1137100,0
1999-11-11,38.4644,38.9569,38.2674,38.8584,794600,0
1999-11-12,38.7599,39.3509,38.7599,39.0554,1079800,0
1999-11-15,39.1047,39.2524,38.7599,39.1047,897600,0
1999-11-16,39.3509,40.1882,38.9569,40.1389,1412200,0
1999-11-17,40.1389,40.3852,39.7942,39.9419,753500,0
1999-11-18,40.2374,40.2374,39.1539,39.4987,1140900,0
1999-11-19,39.3017,39.7942,39.1539,39.7449,923200,0
1999-11-22,39.7942,40.1882,39.1539,39.4494,1144900,0
1999-11-23,39.2524,39.3509,38.6122,38.6645,1104800,0
1999-11-24,38.4152,39.4494,38.1689,39.3509,1211800,0
1999-11-26,38.9569,39.4494,38.8584,39.4002,268900,0
1999-11-29,38.9077,39.3017,38.0212,38.7107,802200,0
1999-11-30,38.7107,39.1047,38.6614,38.9077,855900,0
1999-12-01,38.6122,39.0554,38.1197,38.2674,924700,0
1999-12-02,38.6122,39.7449,38.5629,39.5479,847100,0
1999-12-03,39.4002,40.8777,39.4002,40.3852,1336000,0
1999-12-06,40.0897,40.1882,39.3509,39.6957,802300,0
1999-12-07,39.7449,40.7299,39.6957,40.2867,1214900,0
1999-12-08,40.6807,40.7792,39.9912,40.1389,981500,0
1999-12-09,40.2867,40.7792,39.8927,40.3852,1302300,0
1999-12-10,40.3852,40.3852,39.2524,39.5972,942600,0
1999-12-13,39.6464,40.2867,39.4494,39.7942,828700,0
1999-12-14,39.9912,40.3852,39.6957,39.7449,1002000,0
1999-12-15,39.4494,39.8927,38.9569,39.2647,1050000,0
1999-12-16,39.0554,40.0897,38.8584,39.9912,1028800,0
1999-12-17,39.7942,40.3359,39.3017,39.4494,1814400,0
1999-12-20,39.5972,41.2224,39.5972,40.1389,1135000,0
1999-12-21,40.4837,41.7149,40.1882,41.7149,1121200,0
1999-12-22,41.6164,41.6164,40.1389,40.4837,989900,0
1999-12-23,40.7792,41.5672,40.6314,41.3702,499400,0
1999-12-27,41.3209,41.6657,40.8284,41.6657,1002700,0
1999-12-28,41.6164,41.9119,40.9762,41.1732,804200,0
1999-12-29,41.3702,42.4044,41.2717,42.2074,801700,0
1999-12-30,42.0104,43.0939,42.0104,43.0939,872200,0
1999-12-31,43.0939,43.1924,42.0597,42.4537,406400,0
2000-01-03,42.1582,42.5029,40.9269,40.9762,2140400,0
2000-01-04,40.6807,41.7642,40.5822,40.9762,2491200,0
2000-01-05,40.9269,40.9269,39.7942,40.5822,2386200,0
2000-01-06,40.8777,41.7149,40.4344,41.1239,1682700,0
2000-01-07,42.0597,42.4044,41.3702,42.0597,1500800,0
2000-01-10,41.7642,43.1432,41.6657,43.0939,1365800,0
2000-01-11,42.6507,42.8477,42.0104,42.2567,862800,0
2000-01-12,42.2567,42.4537,41.5672,41.8627,879500,0
2000-01-13,41.8627,41.8627,41.3209,41.6164,1042600,0
2000-01-14,40.8777,41.6657,40.1882,41.1732,1696000,0
2000-01-18,40.7792,41.0254,38.6614,38.8092,2241500,0
2000-01-19,38.9077,42.9462,38.8584,42.6014,3382000,0
2000-01-20,42.0597,42.5522,39.6957,40.0404,2553900,0
2000-01-21,40.6314,40.6314,39.4002,39.8434,2241400,0
2000-01-24,40.1882,40.1882,39.2032,39.4002,2315400,0
2000-01-25,39.7942,40.4344,39.5479,40.2374,1934900,0
2000-01-26,40.8777,40.8777,39.4494,40.1882,1395300,0
2000-01-27,40.3852,40.7299,37.4794,39.5479,2036900,0
2000-01-28,39.3509,39.4002,38.0212,38.5629,1374500,0
2000-01-31,38.5629,38.5629,36.8884,37.3809,1706900,0
2000-02-01,37.4302,38.3167,36.7899,37.9719,1385900,0
2000-02-02,38.0212,38.0212,34.8691,35.9034,2377900,0
2000-02-03,36.2482,38.6122,36.1004,38.3167,2539700,0
2000-02-04,38.2674,38.8092,37.7257,37.8242,1028400,0
2000-02-07,37.8242,38.0212,36.6422,36.6422,1232900,0
2000-02-08,37.0362,37.0362,36.2482,36.6914,2129300,0
2000-02-09,36.6914,36.9869,35.3124,35.4601,1797800,0
2000-02-10,35.6079,37.7257,35.5094,37.3317,1768500,0
2000-02-11,37.0362,37.0362,35.8541,36.1004,958300,0
2000-02-14,36.1989,37.6272,35.9526,36.4944,1372000,0
2000-02-15,36.6914,37.0362,35.8049,36.2974,1837600,0
2000-02-16,36.4451,36.4944,35.8541,36.0511,1902800,0
2000-02-17,36.1989,36.2974,35.5094,35.8049,1100500,0
2000-02-18,35.8049,35.9034,34.3766,35.0662,1257700,0
2000-02-22,35.0662,35.1154,31.5201,32.9976,3211700,0
2000-02-23,33.0469,35.0169,32.9484,34.2289,2379000,0
2000-02-24,34.9676,35.5094,34.7214,35.1647,2070600,0
2000-02-25,35.1647,35.5094,33.8349,33.8349,1777800,0
2000-02-28,33.7856,35.4601,33.6871,35.0662,2011000,0
2000-02-29,35.3616,35.7064,34.0319,34.3274,1676700,0
2000-03-01,34.3274,35.4109,34.3274,34.8691,1167100,0
2000-03-02,34.8199,34.9184,34.0811,34.0811,1049600,0
2000-03-03,33.4901,35.0662,33.4901,34.0319,2228100,0
2000-03-06,34.0319,34.9676,34.0319,34.6229,2005600,0
2000-03-07,34.6722,35.3616,34.2289,34.2781,2168800,0
2000-03-08,34.1797,34.7707,34.0811,34.0811,1769800,0
2000-03-09,34.0811,34.7707,33.9826,34.6722,2452800,0
2000-03-10,34.7214,35.2632,34.3766,34.7707,1787700,0
2000-03-13,34.6722,35.7557,34.5244,35.5094,1421900,0
2000-03-14,37.8242,37.8242,36.4451,37.2332,2141600,0
2000-03-15,37.2332,39.0062,37.1839,38.7107,3485100,0
2000-03-16,39.4002,43.6849,39.4002,43.1432,5423400,0
2000-03-17,43.1432,43.1432,41.7642,42.5522,2818300,0
2000-03-20,42.1582,42.3059,40.3852,41.1732,1960700,0
2000-03-21,40.2867,41.7642,40.2867,41.3702,1805900,0
2000-03-22,40.7792,41.3702,39.6464,40.4837,2055500,0
2000-03-23,39.6957,40.9269,39.6957,40.5329,2005700,0
2000-03-24,40.1882,41.7149,40.1882,40.9762,1748300,0
2000-03-27,40.7792,42.1582,40.7792,40.9269,1923600,0
2000-03-28,40.9269,41.1239,38.1689,38.1689,2369300,0
2000-03-29,38.7107,39.2032,37.0362,37.5287,1845700,0
2000-03-30,38.0212,38.9569,37.0854,37.3809,1836900,0
2000-03-31,37.3809,38.7599,37.3317,38.0212,2481300,0
2000-04-03,39.2032,40.8284,38.9077,39.4002,2087800,0
2000-04-04,40.1389,41.8627,39.0062,40.1882,2453800,0
2000-04-05,40.9269,40.9269,38.1689,39.5479,2441600,0
2000-04-06,39.7449,41.6657,39.6957,41.3209,1427000,0
2000-04-07,41.4687,41.6657,40.7792,41.0747,1376800,0
2000-04-10,41.6657,41.6657,39.8927,40.8284,1537600,0
2000-04-11,40.8284,41.1732,40.0897,40.1882,1550100,0
2000-04-12,40.1882,40.1882,38.1197,39.2032,2355300,0
2000-04-13,39.2032,39.5479,37.6764,37.6764,1508500,0
2000-04-14,36.2482,37.2824,36.0511,36.2482,2763800,0
2000-04-17,36.3466,37.2824,35.2139,36.7407,2478400,0
2000-04-18,38.3167,39.6464,37.8734,38.6122,2480400,0
2000-04-19,38.6122,39.5479,38.2674,38.7107,1134900,0
2000-04-20,39.4002,40.6807,39.1539,39.8927,2059700,0
2000-04-24,39.8927,42.6507,39.1539,42.5029,2750100,0
2000-04-25,42.1582,42.5029,41.4194,42.5029,1441800,0
2000-04-26,42.0104,42.6507,41.6657,41.9612,1327300,0
2000-04-27,41.1732,43.2417,41.1732,42.7492,2228600,0
2000-04-28,43.2417,43.4879,42.1582,42.4044,1403000,0
2000-05-01,42.3552,44.1282,42.2567,42.5029,1589200,0
2000-05-02,42.5029,42.5029,41.1239,41.9119,1380200,0
2000-05-03,41.7642,41.9612,39.5972,41.0747,1442800,0
2000-05-04,41.0747,41.8134,40.8284,41.1239,1287900,0
2000-05-05,40.9269,41.6164,39.9912,40.8284,1324400,0
2000-05-08,41.0254,41.2224,40.3359,40.9762,542500,0
2000-05-09,40.9762,41.5672,38.6122,39.7942,1110800,0
2000-05-10,39.8434,40.8777,39.3017,40.2374,1933500,0
2000-05-11,40.9762,42.3552,40.5329,41.5179,1550000,0
2000-05-12,41.3702,41.5672,40.1882,40.7792,683700,0
2000-05-15,40.7792,41.1732,39.9419,40.8777,788600,0
2000-05-16,41.6657,42.4044,40.8777,42.0597,1081200,0
2000-05-17,41.7149,41.7149,40.2374,41.3702,846300,0
2000-05-18,42.4044,42.4044,40.4837,40.5329,907600,0
2000-05-19,41.6164,41.6164,40.0897,40.2867,966100,0
2000-05-22,40.6807,41.7642,39.2032,41.5179,1694600,0
2000-05-23,41.5672,42.4044,41.1732,42.3552,1695200,0
2000-05-24,42.3552,43.7342,42.1582,43.7342,2121400,0
2000-05-25,43.9312,44.3252,42.8477,44.1282,2129100,0
2000-05-26,43.7342,43.7834,41.6164,42.2074,1350900,0
2000-05-30,42.2074,44.0789,41.9612,43.9312,1956300,0
2000-05-31,44.0789,44.0789,43.1432,43.3402,1934100,0
2000-06-01,43.2909,43.6849,42.9954,43.4387,2718500,0
2000-06-02,44.1282,44.9162,44.0789,44.9162,2430600,0
2000-06-05,44.1282,45.6549,44.1282,45.0147,1409700,0
2000-06-06,44.7192,45.5564,44.6207,45.4579,1344100,0
2000-06-07,45.1624,45.5072,44.6699,45.2117,1016000,0
2000-06-08,45.0639,45.0639,43.6357,43.9312,1002600,0
2000-06-09,43.8819,44.7192,43.7342,44.2759,1081800,0
2000-06-12,44.0789,44.2267,43.4572,43.4572,428600,0
2000-06-13,43.5372,43.8327,42.3552,42.6999,1500900,0
2000-06-14,42.6014,43.0939,41.9612,42.9954,1790400,0
2000-06-15,42.8969,43.7834,42.7984,43.0939,1185300,0
2000-06-16,43.1432,43.6357,42.7492,43.2417,2514100,0
2000-06-19,42.8477,43.3402,42.1582,43.0447,971500,0
2000-06-20,42.9954,42.9954,40.9762,41.1732,1306300,0
2000-06-21,41.7642,42.5522,41.0254,41.3209,1337600,0
2000-06-22,41.3209,41.9119,41.0254,41.4687,1254800,0
2000-06-23,41.7642,42.1582,41.2224,41.7642,4511800,0
2000-06-26,41.7642,41.8627,41.0747,41.6657,1647300,0
2000-06-27,41.6657,41.8627,40.7792,41.1239,901200,0
2000-06-28,41.1239,42.6507,41.0254,42.4383,1389500,0
2000-06-29,42.2074,42.2074,40.5822,40.6314,1458300,0
2000-06-30,40.8284,42.3059,40.2867,42.2074,2071600,0
2000-07-03,42.4044,42.5029,40.9269,41.2224,541500,0
2000-07-05,41.7642,41.8627,40.6807,41.1732,943000,0
2000-07-06,41.2224,41.7642,41.1732,41.5672,1216700,0
2000-07-07,41.7149,42.0597,40.0897,40.7792,1390500,0
2000-07-10,40.9762,41.3209,40.7792,41.0254,1502000,0
2000-07-11,41.3702,41.4194,40.2867,40.5822,2143900,0
2000-07-12,40.9762,41.9119,40.8284,41.5179,1002500,0
2000-07-13,41.6657,42.5522,41.1239,42.1582,1260200,0
2000-07-14,41.9119,42.4537,41.3209,41.9119,1027000,0
2000-07-17,41.9119,42.4537,41.8134,42.2567,867400,0
2000-07-18,42.5522,43.1432,42.1089,42.2074,941500,0
2000-07-19,42.7492,43.1924,42.2074,42.8477,717200,0
2000-07-20,42.8969,43.0447,42.3059,42.4044,851500,0
2000-07-21,42.1089,42.5522,41.4687,41.7149,947200,0
2000-07-24,41.0254,42.1582,41.0254,41.5672,649500,0
2000-07-25,41.3702,41.5672,40.0897,40.1389,1288600,0
2000-07-26,40.3852,40.5822,39.0062,39.1539,1887000,0
2000-07-27,39.5479,40.3852,39.5479,39.7942,999000,0
2000-07-28,40.0897,40.3359,39.0062,39.2524,1000700,0
2000-07-31,39.2524,39.9912,39.0062,39.0554,1294000,0
2000-08-01,39.8927,40.1882,39.5972,39.7942,849000,0
2000-08-02,39.9912,40.9762,39.6464,40.9762,1220700,0
2000-08-03,40.6807,41.6164,40.5329,41.1239,1325700,0
2000-08-04,41.0254,42.5029,40.9762,42.2567,890400,0
2000-08-07,42.1089,42.2074,41.2224,42.1582,827100,0
2000-08-08,42.1582,42.9954,42.1582,42.8969,1048200,0
2000-08-09,42.3059,43.0447,42.1089,42.9954,1377100,0
2000-08-10,43.1924,43.2909,42.5522,42.7984,777700,0
2000-08-11,43.2417,44.2759,43.1432,44.2267,1287100,0
2000-08-14,44.0297,45.7042,42.6999,45.7042,1626500,0
2000-08-15,45.7042,46.246,45.3594,45.8027,1857800,0
2000-08-16,45.7042,46.1967,45.0639,45.9012,1024800,0
2000-08-17,45.9012,45.9997,44.3744,44.9654,1332300,0
2000-08-18,45.1132,46.3937,44.9654,46.3937,1023400,0
2000-08-21,46.1967,46.7385,45.7042,46.5907,927800,0
2000-08-22,46.0982,46.8862,46.0489,46.6892,806600,0
2000-08-23,46.6892,46.836999999999996,46.246,46.2952,1010500,0
2000-08-24,46.246,47.0339,45.7534,46.2952,1166800,0
2000-08-25,46.1967,46.5414,45.8027,46.0982,890000,0
2000-08-28,45.8027,47.6249,45.8027,47.2802,1527200,0
2000-08-29,47.4772,47.4772,46.6399,46.7385,1359400,0
2000-08-30,46.7877,47.0339,46.3445,46.5414,952500,0
2000-08-31,46.5414,47.821999999999996,46.5414,47.0001,1296100,0
2000-09-01,48.0189,48.0189,47.0339,47.5264,921700,0
2000-09-05,47.8712,48.5607,47.821999999999996,48.2652,1167300,0
2000-09-06,48.8562,49.0532,48.0682,48.5115,1403300,0
2000-09-07,48.5115,48.9055,48.2159,48.7115,722900,0
2000-09-08,48.3637,49.595,47.9697,49.2995,1313500,0
2000-09-11,49.4965,49.989,48.9055,49.6442,958100,0
2000-09-12,49.8412,49.989,49.2502,49.398,1624700,0
2000-09-13,49.595,50.3337,48.9547,50.3337,2012600,0
2000-09-14,50.1367,50.777,49.6442,50.383,1655500,0
2000-09-15,49.989,50.4322,49.6442,49.992,1547600,0
2000-09-18,50.6292,50.777,49.2995,49.4472,1625700,0
2000-09-19,49.8412,50.2845,49.398,49.7427,1406500,0
2000-09-20,49.5457,49.5457,47.8712,48.3637,1963100,0
2000-09-21,48.4622,49.6935,47.7727,48.9547,1447800,0
2000-09-22,49.004,49.6442,48.6592,49.5457,1248200,0
2000-09-25,49.7427,50.8262,49.5457,50.6785,2049200,0
2000-09-26,50.8262,52.9932,50.8262,52.943999999999996,2985400,0
2000-09-27,52.943999999999996,53.4857,51.5157,52.2545,1515600,0
2000-09-28,52.0575,52.747,51.2202,52.747,1156700,0
2000-09-29,52.747,52.943999999999996,52.3037,52.6977,1814200,0
2000-10-02,52.0082,52.55,50.0382,51.0725,1387300,0
2000-10-03,51.0725,51.2695,49.8412,50.2845,1386500,0
2000-10-04,50.3337,50.8262,49.2502,49.595,1233800,0
2000-10-05,49.9397,50.58,49.6442,50.3337,1583800,0
2000-10-06,50.3337,50.8262,49.9397,50.0875,1468100,0
2000-10-09,50.0875,50.8262,49.8412,50.1367,862000,0
2000-10-10,50.7277,51.4172,50.18600000000001,51.0725,1930400,0
2000-10-11,51.17100000000001,51.7127,50.4815,50.4815,1567600,0
2000-10-12,50.2845,51.565,49.9397,51.2202,1587400,0
2000-10-13,51.0232,51.0232,49.1517,49.792,2329800,0
2000-10-16,48.0682,48.3637,46.5907,47.5264,3309500,0
2000-10-17,47.5264,47.6249,46.7877,47.2309,2015800,0
2000-10-18,47.2309,47.9697,46.7877,47.6742,2555600,0
2000-10-19,47.9697,48.413000000000004,47.5757,48.3145,1659600,0
2000-10-20,47.8712,49.6442,47.8712,49.3487,1617200,0
2000-10-23,49.201,49.595,47.9697,48.413000000000004,1441100,0
2000-10-24,48.5607,50.4322,48.5607,50.0875,1689300,0
2000-10-25,50.2352,51.0232,49.8412,50.6785,2590800,0
2000-10-26,50.6785,51.1217,49.7427,50.0382,1442800,0
2000-10-27,49.8412,50.2845,49.0532,49.6935,1208900,0
2000-10-30,50.18600000000001,52.0082,50.0382,52.0082,1539600,0
2000-10-31,52.0082,52.2545,50.58,51.4665,1709800,0
2000-11-01,51.4665,51.762,50.4322,51.0232,906400,0
2000-11-02,51.7127,51.8112,51.2695,51.6142,1346100,0
2000-11-03,51.6142,51.8605,50.3337,50.58,827700,0
2000-11-06,50.58,51.4172,50.0875,51.3187,1047600,0
2000-11-07,51.5157,51.5157,50.6292,51.1217,920800,0
2000-11-08,52.0082,52.0082,50.8262,51.0725,984200,0
2000-11-09,51.0725,52.2545,50.9247,51.2202,1693200,0
2000-11-10,52.4022,53.5842,51.7127,52.353,2197300,0
2000-11-13,51.9097,51.9097,50.5307,51.2695,2341400,0
2000-11-14,51.4172,52.747,51.17100000000001,52.747,2288600,0
2000-11-15,52.747,53.141000000000005,52.353,53.141000000000005,1957300,0
2000-11-16,53.0425,53.0425,52.2545,52.8455,1434300,0
2000-11-17,53.3872,53.8797,52.943999999999996,53.4365,2197500,0
2000-11-20,53.4857,54.323,53.4365,54.2737,1957500,0
2000-11-21,54.0275,54.6185,53.5842,53.8797,2077900,0
2000-11-22,54.2245,54.2737,53.2887,53.8797,1607700,0
2000-11-24,54.3722,54.3722,53.5842,54.126000000000005,390800,0
2000-11-27,54.126000000000005,54.323,53.1902,53.4365,1547500,0
2000-11-28,53.4365,53.9782,52.5992,53.2887,1818500,0
2000-11-29,53.2887,53.3872,52.0082,52.353,1837600,0
2000-11-30,51.6142,52.2052,51.2695,52.0082,1704200,0
2000-12-01,52.0082,52.0082,50.8262,51.17100000000001,1749000,0
2000-12-04,51.565,51.958999999999996,51.2202,51.368,1118500,0
2000-12-05,51.2202,51.4665,49.8905,51.4665,2013200,0
2000-12-06,50.0382,52.4022,50.0382,52.156000000000006,2146700,0
2000-12-07,51.2202,51.762,50.974,51.2695,1036800,0
2000-12-08,50.9247,51.1217,48.8562,49.6442,1943600,0
2000-12-11,50.2352,50.2352,48.0682,48.2652,1688300,0
2000-12-12,48.8562,49.1025,48.3637,48.7085,1084400,0
2000-12-13,48.8562,49.5457,48.7577,49.0532,1593500,0
2000-12-14,49.4472,50.6292,48.806999999999995,49.8905,1741200,0
2000-12-15,47.8712,47.9697,46.5907,47.1817,4151800,0
2000-12-18,47.2802,47.5757,46.5414,47.1324,1949000,0
2000-12-19,46.8862,47.2802,46.5907,46.9355,1988100,0
2000-12-20,46.5414,47.1324,46.1474,46.443000000000005,2924900,0
2000-12-21,46.246,46.6399,46.0982,46.4922,1800200,0
2000-12-22,46.4922,46.9847,46.1474,46.8862,1231600,0
2000-12-26,46.9355,48.3145,46.8862,48.2159,1031600,0
2000-12-27,48.413000000000004,49.595,48.413000000000004,49.4965,1072500,0
2000-12-28,50.1367,50.3337,49.5457,49.9397,957700,0
2000-12-29,50.4322,50.4322,49.6442,49.8905,883900,0
2001-01-02,49.8412,50.0875,48.6592,48.9055,1760800,0
2001-01-03,48.8562,49.2995,47.6742,47.8712,1528700,0
2001-01-04,47.9205,48.0682,43.0447,44.6699,3982000,0
2001-01-05,43.3402,43.9804,42.7492,43.2417,2456900,0
2001-01-08,43.2909,46.6892,43.2909,46.3937,2888100,0
2001-01-09,46.4922,48.3145,46.2952,47.821999999999996,2618500,0
2001-01-10,47.4772,48.3145,46.9847,47.9697,2533400,0
2001-01-11,48.0189,49.4472,47.6249,47.7234,1461500,0
2001-01-12,48.0682,49.398,47.9697,48.7085,1896300,0
2001-01-16,48.6592,49.201,48.3145,48.8562,1522100,0
2001-01-17,49.0532,49.0532,47.5264,47.5264,1848300,0
2001-01-18,47.6742,48.3145,46.7877,47.3295,2322200,0
2001-01-19,47.3787,48.9055,47.0832,47.2802,2466500,0
2001-01-22,47.2802,47.3787,45.7042,46.246,2251500,0
2001-01-23,46.6892,47.5757,46.4922,46.8862,1770000,0
2001-01-24,47.4772,47.7727,47.0832,47.3787,1342600,0
2001-01-25,47.4772,48.1174,47.2309,47.2309,1374900,0
2001-01-26,47.428000000000004,47.7234,46.4922,46.836999999999996,1413600,0
2001-01-29,46.8389,47.9894,46.8389,47.6742,823500,0
2001-01-30,48.0603,48.0603,46.7286,47.3826,1595500,0
2001-01-31,46.8862,47.3117,46.177,47.1699,2250700,0
2001-02-01,46.5868,47.0911,46.3346,47.0438,1564200,0
2001-02-02,47.0044,47.0044,44.5616,45.4678,3786300,0
2001-02-05,45.4678,46.4922,45.4678,46.4764,1174500,0
2001-02-06,46.4843,47.5166,46.0588,46.9965,1221900,0
2001-02-07,46.8862,47.2802,46.6262,47.028,1138500,0
2001-02-08,47.0832,47.5402,47.0044,47.2408,1194100,0
2001-02-09,47.2408,47.2802,46.768,46.9492,1006700,0
2001-02-12,46.571000000000005,46.9808,46.0115,46.5001,1082200,0
2001-02-13,46.571000000000005,47.8476,46.571000000000005,47.2644,1234800,0
2001-02-14,46.6498,46.9571,46.4292,46.5946,1392100,0
2001-02-15,46.2794,46.9098,46.1376,46.4292,1203800,0
2001-02-16,46.373999999999995,46.4922,45.2314,46.437,1441900,0
2001-02-20,45.6648,46.1376,44.7743,44.8768,1752000,0
2001-02-21,44.5616,46.043,44.5616,45.388999999999996,965300,0
2001-02-22,45.3811,45.3811,44.3252,44.9162,1703800,0
2001-02-23,45.2314,45.2314,44.4276,44.6089,1707200,0
2001-02-26,44.6089,45.388999999999996,44.3646,45.388999999999996,1671600,0
2001-02-27,45.388999999999996,45.6569,44.7586,45.6569,1565600,0
2001-02-28,45.7042,46.8626,45.7042,46.4922,1885900,0
2001-03-01,46.373999999999995,46.6419,45.6963,46.6419,1514400,0
2001-03-02,45.98,47.0832,45.5466,46.4449,1362700,0
2001-03-05,46.0194,47.0596,45.5781,46.6183,1280600,0
2001-03-06,47.1226,47.1226,46.0982,46.2952,1059000,0
2001-03-07,46.6892,46.8074,46.0982,46.373999999999995,1019300,0
2001-03-08,46.3346,46.8783,46.1376,46.8704,1228900,0
2001-03-09,46.8626,46.8704,45.5466,45.5781,2054700,0
2001-03-12,44.3252,44.861000000000004,43.9154,43.9312,1991900,0
2001-03-13,43.9391,44.4552,43.9391,44.2937,1407300,0
2001-03-14,43.2614,43.6948,42.3158,42.3158,3434600,0
2001-03-15,41.843,42.828,40.4719,41.0156,4312300,0
2001-03-16,40.7792,40.8974,38.1945,39.3135,5360500,0
2001-03-19,39.3135,41.6933,39.085,40.7792,2630100,0
2001-03-20,40.7792,41.4096,40.1882,40.2197,2181500,0
2001-03-21,39.873000000000005,41.9612,39.873000000000005,41.3702,3410900,0
2001-03-22,41.2914,42.4419,40.1172,41.1732,2447300,0
2001-03-23,41.3702,42.0006,40.5822,40.5822,1909700,0
2001-03-26,41.5672,42.693999999999996,41.3938,42.1345,1507400,0
2001-03-27,42.1345,42.828,41.055,42.7019,1581700,0
2001-03-28,42.3552,42.3946,41.7878,42.0873,1230800,0
2001-03-29,42.0479,42.3552,41.2126,41.8036,1311600,0
2001-03-30,42.3552,43.3402,41.4175,42.8516,1472300,0
2001-04-02,42.828,43.8366,42.497,42.9383,2103700,0
2001-04-03,42.9068,42.9068,41.3781,41.449,1274900,0
2001-04-04,39.873000000000005,41.3623,39.873000000000005,41.0628,2611300,0
2001-04-05,41.1338,42.3315,41.1338,42.1345,1371300,0
2001-04-06,42.1188,42.1188,40.8186,41.3308,1033600,0
2001-04-09,41.1338,42.2764,41.1338,41.843,928700,0
2001-04-10,41.7642,43.1511,41.449,41.7405,1918800,0
2001-04-11,39.7942,40.464,39.085,39.873000000000005,4054400,0
2001-04-12,39.7942,40.6058,39.4475,40.5822,2408300,0
2001-04-16,40.1882,40.6216,39.3687,39.7233,1883300,0
2001-04-17,39.7233,41.7642,39.7233,40.4246,3260800,0
2001-04-18,40.9762,43.3638,40.9762,42.7728,2586200,0
2001-04-19,42.236999999999995,43.2062,42.1661,42.5916,1861500,0
2001-04-20,42.3946,42.4182,41.449,41.9927,1644900,0
2001-04-23,41.8036,41.8115,40.8343,41.1022,1104500,0
2001-04-24,40.5822,41.7642,40.5034,40.9762,1599100,0
2001-04-25,40.3852,42.3631,40.3852,41.843,1303400,0
2001-04-26,42.4734,43.222,41.2914,41.7484,2140900,0
2001-04-27,41.843,43.1353,41.7642,43.1353,1337300,0
2001-04-30,43.1432,43.5451,42.0321,42.7492,1422800,0
2001-05-01,42.0794,42.7886,41.708999999999996,42.5049,1441700,0
2001-05-02,42.5522,42.9856,41.6854,41.7327,2036800,0
2001-05-03,42.0006,42.1188,40.661,41.3387,1476200,0
2001-05-04,41.3387,41.6302,40.7555,41.1732,1588700,0
2001-05-07,41.2126,41.7642,40.6688,41.4884,1310600,0
2001-05-08,41.3702,41.843,41.1732,41.7642,1749400,0
2001-05-09,41.6066,42.4497,41.1338,41.7011,1228300,0
2001-05-10,41.9454,42.4497,41.8509,42.0715,907600,0
2001-05-11,42.0794,42.1424,40.9919,41.2047,1277600,0
2001-05-14,40.7792,41.6066,40.59,41.6066,1405100,0
2001-05-15,41.5987,42.0636,41.1732,41.5672,1086600,0
2001-05-16,41.6066,43.8997,41.3702,43.813,1782900,0
2001-05-17,43.7342,43.9312,42.9856,43.7657,1998200,0
2001-05-18,43.6554,43.9785,43.2614,43.9076,1497900,0
2001-05-21,43.7342,44.9162,43.7342,44.7428,1151100,0
2001-05-22,44.7192,45.0344,43.8918,44.0652,1242000,0
2001-05-23,44.1282,44.5616,43.5372,43.6948,1072400,0
2001-05-24,43.6948,44.3252,43.4741,44.1597,1349700,0
2001-05-25,44.4434,44.9162,44.0888,44.1282,867600,0
2001-05-29,44.1282,44.2306,43.6554,43.6554,800300,0
2001-05-30,43.6633,44.1676,43.1511,43.1826,872300,0
2001-05-31,43.1826,43.2929,42.3473,42.3473,1448700,0
2001-06-01,42.631,43.813,42.3631,43.0644,986500,0
2001-06-04,43.1668,44.0494,43.1668,43.5608,725000,0
2001-06-05,43.2614,44.9556,43.2614,44.8374,1143700,0
2001-06-06,44.7586,44.9556,44.1439,44.2464,1279400,0
2001-06-07,44.1676,44.3725,43.5924,43.7342,1775100,0
2001-06-08,43.7342,43.7421,43.0171,43.0644,694800,0
2001-06-11,43.3165,43.3402,42.7492,43.0644,999900,0
2001-06-12,43.0644,43.0644,42.3158,42.6389,1218700,0
2001-06-13,42.7492,42.7492,42.0242,42.0242,982400,0
2001-06-14,42.0557,42.0715,40.2985,40.5822,1968500,0
2001-06-15,40.5034,41.7721,40.5034,41.0392,2597300,0
2001-06-18,41.1968,41.646,41.1338,41.1574,991300,0
2001-06-19,41.5278,42.1582,41.0865,41.2441,1059600,0
2001-06-20,41.4096,42.6704,40.9683,41.1259,1929800,0
2001-06-21,41.1259,42.0636,41.0156,41.1732,1174800,0
2001-06-22,41.251999999999995,41.5751,40.5822,40.661,1549400,0
2001-06-25,40.6688,41.646,40.6688,40.7398,1172300,0
2001-06-26,40.7477,41.3859,40.7319,41.1732,1454700,0
2001-06-27,41.0944,41.4884,40.661,40.661,1214500,0
2001-06-28,40.661,41.449,40.59,40.7713,1567800,0
2001-06-29,40.9683,41.3702,39.0613,39.1638,2050600,0
2001-07-02,39.6366,41.1732,39.6366,40.7082,1462900,0
2001-07-03,41.449,41.449,40.7871,40.8265,932300,0
2001-07-05,40.8265,41.0077,40.6373,40.7319,893300,0
2001-07-06,39.9439,40.4246,39.7154,40.266999999999996,1441200,0
2001-07-09,40.3458,41.7642,40.3458,41.6145,1560500,0
2001-07-10,42.0006,42.0006,41.0628,41.3308,1424600,0
2001-07-11,41.1338,41.4963,40.8895,41.0392,1334100,0
2001-07-12,40.858000000000004,42.5285,40.8343,42.3946,1410000,0
2001-07-13,41.7642,42.2764,41.5278,42.1503,918200,0
2001-07-16,42.04,42.0794,41.6381,41.8036,755500,0
2001-07-17,41.6854,42.3788,41.5357,42.3394,915900,0
2001-07-18,42.3394,42.3394,41.1811,41.843,1146900,0
2001-07-19,41.843,42.5128,41.843,42.5128,1085000,0
2001-07-20,42.3946,42.4025,41.8824,42.0006,798300,0
2001-07-23,41.9218,42.0163,40.8186,40.8895,1054300,0
2001-07-24,40.8186,41.3308,40.2985,40.3852,2850000,0
2001-07-25,40.3852,40.7004,40.3537,40.661,2000800,0
2001-07-26,40.5822,40.6137,39.7863,40.2197,1248200,0
2001-07-27,40.3458,40.4955,40.0306,40.1882,1328900,0
2001-07-30,40.2039,40.5034,39.7942,40.07,1761000,0
2001-07-31,40.1882,40.6688,40.0306,40.1488,1403700,0
2001-08-01,40.1882,40.1882,39.1953,39.3923,3097900,0
2001-08-02,39.4002,39.4159,37.7454,38.0921,4378900,0
2001-08-03,37.5878,37.5878,36.9101,36.9889,3345000,0
2001-08-06,36.9968,38.36,36.9889,37.7848,2666100,0
2001-08-07,37.9187,38.1315,37.832,38.0133,1592700,0
2001-08-08,37.8636,38.36,37.6823,37.9108,1603600,0
2001-08-09,37.9108,38.4861,37.6666,38.3758,1969500,0
2001-08-10,38.3758,38.691,37.9108,38.2103,1579500,0
2001-08-13,38.2576,38.7776,37.4302,38.0212,1898400,0
2001-08-14,37.5405,38.3836,37.5405,38.297,2829700,0
2001-08-15,38.9274,39.4002,38.494,39.0534,2009800,0
2001-08-16,39.085,39.5578,38.8486,39.4396,1450900,0
2001-08-17,39.3923,39.3923,38.9195,39.085,1676700,0
2001-08-20,39.0928,39.5972,38.9274,39.4868,1337800,0
2001-08-21,39.5972,40.9683,39.479,40.0936,1814300,0
2001-08-22,40.266999999999996,40.6373,39.9597,40.2827,1029800,0
2001-08-23,40.2827,41.1653,40.266999999999996,40.9919,1294500,0
2001-08-24,40.9368,42.0951,40.9131,41.8666,1443000,0
2001-08-27,41.8903,41.9218,41.7484,41.7563,1101600,0
2001-08-28,41.7878,41.906000000000006,41.3623,41.5199,1751200,0
2001-08-29,41.646,42.4497,41.5987,42.4497,1914300,0
2001-08-30,41.7642,42.0873,41.1259,41.1574,2029900,0
2001-08-31,41.055,41.315,40.7871,40.7871,1405600,0
2001-09-04,40.9762,41.3229,40.7004,40.8974,1964000,0
2001-09-05,40.661,40.9368,40.1172,40.2355,1848500,0
2001-09-06,40.1094,40.1094,39.1638,39.4002,3089900,0
2001-09-07,39.4081,40.266999999999996,39.3765,39.4081,2761000,0
2001-09-10,38.7698,40.3221,38.6516,40.1803,2819100,0
2001-09-17,38.6122,39.542,37.5878,37.8242,3457300,0
2001-09-18,37.8242,39.4081,37.5878,39.3844,2028600,0
2001-09-19,39.2583,39.2662,36.6816,38.5334,2920500,0
2001-09-20,37.8242,37.832,35.2238,35.2395,3445200,0
2001-09-21,32.3081,36.2482,32.3081,34.6643,4507900,0
2001-09-24,34.6643,37.0362,34.6643,35.4759,2870500,0
2001-09-25,35.8147,36.0906,34.8297,35.0662,2106800,0
2001-09-26,36.2482,36.2482,34.5934,34.8691,1706900,0
2001-09-27,34.876999999999995,35.7675,34.4751,34.876999999999995,2300900,0
2001-09-28,35.145,37.2016,35.145,37.0677,1783700,0
2001-10-01,36.9574,37.3908,36.7998,36.9968,2174700,0
2001-10-02,37.4302,38.1709,37.1622,37.966,1800900,0
2001-10-03,37.8242,40.1882,37.5326,39.4159,1765700,0
2001-10-04,39.7942,39.9912,38.8486,38.8565,3280500,0
2001-10-05,38.8565,38.8643,37.7611,38.4546,1947600,0
2001-10-08,38.3127,38.5964,37.5799,37.9975,1306900,0
2001-10-09,38.4152,39.148,37.6272,37.9739,1474400,0
2001-10-10,37.966,39.7469,37.7848,39.4475,1297900,0
2001-10-11,39.4711,40.1094,38.9668,39.7548,2001400,0
2001-10-12,39.085,39.4002,37.8242,38.7146,1507300,0
2001-10-15,38.5334,38.8407,38.2182,38.5334,1035500,0
2001-10-16,38.5334,39.085,38.297,38.888000000000005,1034800,0
2001-10-17,38.888000000000005,39.7154,38.3758,38.3758,1669200,0
2001-10-18,38.3758,38.7304,38.0212,38.1394,1189000,0
2001-10-19,38.3364,38.8494,38.0369,38.5964,1215700,0
2001-10-22,38.2182,39.542,38.2182,39.2505,1260200,0
2001-10-23,39.4002,40.7004,39.2268,39.4159,1674100,0
2001-10-24,39.4002,39.9518,39.4002,39.6602,1544400,0
2001-10-25,39.3923,40.6767,39.2662,40.3773,1333600,0
2001-10-26,40.1882,40.9762,40.0778,40.4955,1603100,0
2001-10-29,40.4009,40.5034,40.0306,40.0306,1468800,0
2001-10-30,39.9912,40.2749,39.7075,40.1882,1780600,0
2001-10-31,40.1882,40.8816,40.1882,40.7082,1656300,0
2001-11-01,40.7004,41.7563,40.1882,41.6854,2241000,0
2001-11-02,41.2756,42.4497,41.2756,42.2764,2131700,0
2001-11-05,42.2685,42.8674,42.2685,42.8674,2492400,0
2001-11-06,42.5916,42.5916,41.9612,42.3315,1756700,0
2001-11-07,42.2921,42.5443,42.1503,42.4103,1629300,0
2001-11-08,42.4182,42.9068,42.236999999999995,42.3237,1419900,0
2001-11-09,42.3946,42.9462,42.1976,42.8201,744500,0
2001-11-12,42.828,43.2535,42.2764,43.1195,1616800,0
2001-11-13,43.222,43.7342,42.7886,43.678999999999995,1508300,0
2001-11-14,44.4434,44.4434,43.4347,44.0021,1760400,0
2001-11-15,44.0021,44.8374,43.8209,44.1282,2026300,0
2001-11-16,44.1282,44.1597,43.3717,43.482,1409300,0
2001-11-19,43.5372,44.8925,43.5372,44.8925,1521100,0
2001-11-20,44.5222,44.8374,44.2621,44.3567,1887500,0
2001-11-21,44.1597,44.3094,43.6239,44.1124,929500,0
2001-11-23,43.8918,44.798,43.8918,44.6325,373500,0
2001-11-26,44.4828,44.6719,44.27,44.6483,982600,0
2001-11-27,44.207,44.4434,43.3165,44.1755,2142900,0
2001-11-28,44.1755,44.1755,43.5845,43.6869,1199700,0
2001-11-29,43.61600000000001,43.8524,43.3402,43.6554,1026800,0
2001-11-30,43.7342,44.01,43.4741,43.7027,1188900,0
2001-12-03,43.6554,44.0258,43.2614,43.553000000000004,1468400,0
2001-12-04,43.553000000000004,44.5143,43.2377,44.1991,1458500,0
2001-12-05,44.5222,46.0746,44.2149,45.6884,1946800,0
2001-12-06,45.586000000000006,47.1935,45.3338,46.8074,1991200,0
2001-12-07,46.8862,47.1856,46.6892,47.162,2533600,0
2001-12-10,46.965,47.0832,45.8618,46.043,1384600,0
2001-12-11,46.2794,46.5868,46.0824,46.3267,1416700,0
2001-12-12,46.2952,46.8941,45.98,46.8862,1349700,0
2001-12-13,46.8547,46.8626,45.9091,45.9879,1353200,0
2001-12-14,45.9012,46.4055,45.3732,45.4205,1828700,0
2001-12-17,45.7042,46.6734,45.6254,46.4213,1308000,0
2001-12-18,46.3346,46.6104,46.0903,46.4055,1370200,0
2001-12-19,45.6648,46.768,45.2471,46.4134,2120900,0
2001-12-20,46.9571,47.2566,46.5316,46.8468,1679400,0
2001-12-21,47.0832,47.0832,46.31100000000001,47.0674,2853200,0
2001-12-24,47.0674,47.0832,46.4134,46.508,485100,0
2001-12-26,46.5868,47.1541,46.4922,46.571000000000005,807200,0
2001-12-27,46.965,47.1541,46.7995,47.0753,873200,0
2001-12-28,47.2014,47.556000000000004,47.0438,47.493,1123300,0
2001-12-31,47.5718,47.5718,46.4134,46.4134,1217400,0
2002-01-02,46.8547,46.9098,45.7987,46.2006,2740700,0
2002-01-03,46.2006,46.571000000000005,45.7436,46.177,1348900,0
2002-01-04,46.0588,46.4843,45.7436,46.0982,1211900,0
2002-01-07,45.8224,46.2085,44.995,45.1132,1775500,0
2002-01-08,45.5466,45.7042,44.9556,45.0738,1303300,0
2002-01-09,45.2314,45.4993,44.4119,44.6561,2130000,0
2002-01-10,44.6561,45.3102,44.1282,45.0502,1805200,0
2002-01-11,45.0738,45.192,44.5695,44.8453,1619400,0
2002-01-14,44.8453,45.3102,44.5458,45.1211,1230000,0
2002-01-15,45.129,46.0982,44.9556,45.8775,1585300,0
2002-01-16,45.7042,46.0982,45.2314,45.4205,1624300,0
2002-01-17,45.4205,45.8145,45.0186,45.4836,1156500,0
2002-01-18,45.2077,45.2865,44.9674,45.1605,1415100,0
2002-01-22,45.3102,45.586000000000006,44.3252,44.5301,1986700,0
2002-01-23,44.0494,44.4119,44.0336,44.0888,2120300,0
2002-01-24,44.1676,44.5222,43.813,44.0888,1418500,0
2002-01-25,44.207,44.995,43.5372,44.5852,1432800,0
2002-01-28,44.4434,44.6719,44.1282,44.4749,1126700,0
2002-01-29,42.9462,42.9541,40.1882,41.1338,7019500,0
2002-01-30,40.9762,42.5522,40.8974,42.4891,2715300,0
2002-01-31,42.4891,42.9304,42.2764,42.5522,2441600,0
2002-02-01,42.5443,42.6389,41.9691,42.1976,2013700,0
2002-02-04,42.1976,42.1976,41.3859,41.6854,1706700,0
2002-02-05,41.3702,42.7807,41.3702,42.1739,1449000,0
2002-02-06,42.1661,42.8674,42.1582,42.2843,1750300,0
2002-02-07,42.3552,42.9935,42.3473,42.5522,1325400,0
2002-02-08,42.3946,42.9856,42.2527,42.8989,1076000,0
2002-02-11,42.9304,43.088,42.6861,42.9777,856600,0
2002-02-12,42.9777,42.9856,42.434,42.5522,1037400,0
2002-02-13,42.6704,43.222,42.4025,42.4734,1318300,0
2002-02-14,42.6546,43.1747,42.3552,42.7019,1361700,0
2002-02-15,42.7807,43.0171,42.1582,42.1582,940700,0
2002-02-19,41.843,41.8903,41.0944,41.449,1139300,0
2002-02-20,41.4884,42.236999999999995,41.1732,41.843,1311700,0
2002-02-21,42.0794,42.7177,40.9683,41.0313,1431900,0
2002-02-22,41.055,41.646,40.9919,41.5041,1294000,0
2002-02-25,41.4963,42.9225,41.2126,42.5207,1810400,0
2002-02-26,41.7642,41.8824,40.9762,41.4884,2143100,0
2002-02-27,41.3308,41.4332,40.7004,41.1022,2095000,0
2002-02-28,41.3308,42.1267,41.3071,41.5357,3286300,0
2002-03-01,41.5357,42.9541,41.3229,42.9462,2543800,0
2002-03-04,42.9462,44.403999999999996,42.8122,44.3646,2501500,0
2002-03-05,44.1676,45.0896,44.0494,44.6798,2170600,0
2002-03-06,44.3252,45.3496,44.3094,45.2865,1636600,0
2002-03-07,45.2865,45.8539,44.9162,45.0108,1615000,0
2002-03-08,45.4284,46.373999999999995,45.3811,45.846000000000004,1816900,0
2002-03-11,45.3575,45.5072,44.3646,45.2314,1960600,0
2002-03-12,44.9162,45.6254,44.7428,45.6254,1749300,0
2002-03-13,44.7192,44.9556,43.4111,44.0258,2647200,0
2002-03-14,44.0258,44.3252,43.1432,43.5293,4320300,0
2002-03-15,43.419,44.5616,43.1432,44.3725,2336300,0
2002-03-18,44.5695,45.2314,44.2858,45.2077,1136100,0
2002-03-19,45.2077,45.3417,44.5695,44.6168,1885200,0
2002-03-20,44.601000000000006,45.2944,44.2227,44.8768,1483600,0
2002-03-21,44.9162,45.388999999999996,44.7665,45.0344,1461700,0
2002-03-22,45.2708,45.2708,44.207,44.5222,1323400,0
2002-03-25,44.5222,44.7034,43.2614,43.3402,2302800,0
2002-03-26,43.9312,45.1526,43.8997,45.129,1831100,0
2002-03-27,45.0738,45.388999999999996,44.9162,45.1526,1392800,0
2002-03-28,45.1999,46.1455,45.1526,45.917,1614700,0
2002-04-01,45.7042,45.7042,44.8059,45.1132,1379800,0
2002-04-02,44.8768,45.0738,44.6798,44.6798,1092400,0
2002-04-03,44.798,44.798,43.3402,43.3402,2297600,0
2002-04-04,43.5766,43.8918,43.0565,43.3402,1952300,0
2002-04-05,43.5372,44.0179,43.419,43.4978,1007900,0
2002-04-08,43.3402,44.27,43.2614,44.073,1181000,0
2002-04-09,44.0809,44.7192,43.9548,43.9785,1186300,0
2002-04-10,44.0573,44.8216,43.813,44.5301,1336300,0
2002-04-11,44.5301,44.5458,43.8524,43.9312,1261800,0
2002-04-12,43.813,44.4828,43.7893,44.3725,1067200,0
2002-04-15,44.3646,44.5616,43.2614,43.2614,1604500,0
2002-04-16,43.3402,43.5766,41.449,41.9612,3920400,0
2002-04-17,41.7642,41.7642,40.2197,40.2197,3295000,0
2002-04-18,39.7942,40.7004,39.7942,40.0148,2845300,0
2002-04-19,39.9912,40.9762,39.9912,40.7004,2384100,0
2002-04-22,40.266999999999996,40.2985,39.2426,39.479,2708800,0
2002-04-23,39.6366,40.6531,39.4475,39.9518,1829500,0
2002-04-24,40.4246,40.9762,40.1882,40.3143,1378100,0
2002-04-25,40.1488,40.858000000000004,40.1488,40.5349,1793600,0
2002-04-26,40.6216,40.6688,39.8572,39.8572,1397000,0
2002-04-29,39.6602,40.1094,39.2662,39.3371,1592700,0
2002-04-30,39.5972,40.9762,39.5972,40.0621,1765300,0
2002-05-01,39.8336,40.7398,39.1559,40.4403,1856400,0
2002-05-02,40.3852,40.4088,39.9124,39.9912,1085000,0
2002-05-03,40.1094,40.1094,39.1992,39.4868,1378900,0
2002-05-06,39.4002,40.0778,39.2032,39.2032,1426400,0
2002-05-07,39.5578,40.0463,39.282,39.5184,1809900,0
2002-05-08,39.7548,40.9683,39.7548,40.9289,1567800,0
2002-05-09,40.8186,41.5278,40.5664,40.6058,1777500,0
2002-05-10,41.055,41.2126,40.1488,40.2512,1504500,0
2002-05-13,40.4482,41.0156,40.33,40.9053,1306600,0
2002-05-14,41.5672,42.236999999999995,41.4096,42.1582,1358100,0
2002-05-15,41.7642,42.5522,41.646,41.8745,1696200,0
2002-05-16,41.8745,43.4505,41.8509,42.828,2197000,0
2002-05-17,42.9068,43.3323,42.5522,42.9777,1382400,0
2002-05-20,42.4734,42.5207,41.7642,41.7799,1059000,0
2002-05-21,41.6854,42.2843,41.251999999999995,41.4017,1208000,0
2002-05-22,41.2126,41.6145,40.7871,41.2126,1356000,0
2002-05-23,41.2283,42.3158,41.2126,42.1582,979600,0
2002-05-24,42.1503,42.3946,41.5672,41.6066,803900,0
2002-05-28,41.449,41.7248,41.2914,41.6066,1173600,0
2002-05-29,41.4096,41.6145,40.9762,41.0865,841200,0
2002-05-30,41.0865,41.7799,40.7004,41.0944,1506800,0
2002-05-31,41.1416,41.7563,40.8501,40.9131,1479400,0
2002-06-03,40.9053,41.6854,40.6767,40.7713,1240000,0
2002-06-04,40.7713,41.3702,40.6846,41.1338,1492300,0
2002-06-05,40.9604,41.4569,40.8343,41.1732,1219000,0
2002-06-06,41.1732,41.7169,41.0313,41.2993,1470400,0
2002-06-07,40.3458,41.118,40.1882,40.1882,1736300,0
2002-06-10,40.3064,40.5034,40.0778,40.133,1805500,0
2002-06-11,40.7713,40.7713,39.8099,39.9281,1373600,0
2002-06-12,39.6996,39.8336,37.903,38.5334,3230700,0
2002-06-13,38.6122,38.9983,37.7848,37.7848,2290400,0
2002-06-14,37.0992,37.2568,35.6178,36.8864,3649200,0
2002-06-17,37.312,38.0527,37.241,38.0054,2782000,0
2002-06-18,37.8242,38.4546,37.8242,37.903,1851400,0
2002-06-19,37.3908,38.1472,36.9731,36.9731,1109600,0
2002-06-20,36.9731,37.178000000000004,35.6099,35.7675,2403400,0
2002-06-21,35.145,35.3341,34.1836,34.5934,4099100,0
2002-06-24,34.1206,34.9952,33.3877,34.8613,3367500,0
2002-06-25,34.7903,34.8928,33.8841,34.0575,2728700,0
2002-06-26,33.4901,34.0496,33.3719,33.9629,3284600,0
2002-06-27,34.1206,34.2781,33.6871,34.2388,2447700,0
2002-06-28,33.9235,34.554,33.891999999999996,34.3175,2450100,0
2002-07-01,34.3333,34.4751,33.0961,33.2616,2813500,0
2002-07-02,32.9779,33.4823,30.9291,31.9929,5575600,0
2002-07-03,31.9614,32.4263,31.465,32.0717,2738300,0
2002-07-05,32.2687,34.1994,32.2451,33.8999,1309200,0
2002-07-08,33.8999,34.3097,32.9307,33.2537,2477200,0
2002-07-09,32.8991,32.9385,31.6383,31.8038,3286100,0
2002-07-10,31.9535,32.7494,31.0867,31.4019,2866400,0
2002-07-11,31.2049,32.2057,30.7715,31.8984,2855200,0
2002-07-12,31.9535,32.3003,31.4413,31.9378,1873600,0
2002-07-15,31.3625,31.6777,30.5588,31.662,3092800,0
2002-07-16,31.3231,32.4973,31.0867,31.6068,2515500,0
2002-07-17,31.6777,32.7415,31.6777,32.5839,2458700,0
2002-07-18,25.3737,26.0199,24.6259,24.9009,18152400,0
2002-07-19,24.7433,25.8859,24.5463,25.2161,10146400,0
2002-07-22,22.2926,23.4746,22.1665,23.4352,7266900,0
2002-07-23,23.6086,25.0191,23.6086,24.499000000000002,7427600,0
2002-07-24,24.3178,25.5156,24.0656,24.7748,5927200,0
2002-07-25,24.8694,25.0585,23.9632,24.633000000000003,6134600,0
2002-07-26,24.9167,25.484,24.7748,25.2792,3379900,0
2002-07-29,25.3737,26.4454,25.2713,26.2642,3733900,0
2002-07-30,26.3272,26.8945,26.0041,26.4217,2976000,0
2002-07-31,26.7448,26.7448,25.7441,26.3981,3456600,0
2002-08-01,26.469,26.9261,25.484,25.7047,2885700,0
2002-08-02,25.7047,26.1932,25.2713,25.6259,2549000,0
2002-08-05,25.4131,25.6574,24.5305,24.5936,4040100,0
2002-08-06,24.9482,26.3666,24.9482,25.4446,3030400,0
2002-08-07,26.1932,26.54,25.4131,25.9095,2878400,0
2002-08-08,26.1617,27.0128,25.8386,26.8709,2752000,0
2002-08-09,26.4375,26.9655,26.1223,26.5163,1904800,0
2002-08-12,26.0514,26.3193,25.8465,25.9805,2197700,0
2002-08-13,25.9805,26.4848,25.484,25.5471,3125000,0
2002-08-14,25.5628,26.7291,25.09,26.5872,3551400,0
2002-08-15,26.7606,27.8874,26.5794,26.9891,2292500,0
2002-08-16,26.9103,27.6668,26.6581,27.4856,1609000,0
2002-08-19,27.4856,27.7456,27.0285,27.5013,1714600,0
2002-08-20,27.3595,27.391,26.6109,26.7842,2120700,0
2002-08-21,27.2176,27.2176,26.3981,27.0522,2150400,0
2002-08-22,27.2492,28.3208,26.9339,28.1711,2935200,0
2002-08-23,28.1711,28.1711,27.4856,27.5644,1665400,0
2002-08-26,27.5644,27.7929,26.9812,27.5801,1839800,0
2002-08-27,27.7141,27.721999999999998,27.0994,27.2886,1746600,0
2002-08-28,27.2886,27.2886,26.5478,26.6503,1979800,0
2002-08-29,26.6503,27.0916,26.4454,26.8079,2060000,0
2002-08-30,26.6109,27.1546,26.6109,26.737,1638800,0
2002-09-03,25.9726,26.1932,25.4525,25.5156,2434000,0
2002-09-04,25.5156,26.5006,25.3422,26.3745,1793400,0
2002-09-05,25.7677,26.0278,25.484,25.7756,3344600,0
2002-09-06,26.2011,27.1467,25.9805,26.737,2205000,0
2002-09-09,26.3666,27.3989,26.1932,27.194000000000003,2183700,0
2002-09-10,27.2886,27.3122,26.9576,27.1782,1342200,0
2002-09-11,27.4304,27.8874,27.0758,27.0758,917200,0
2002-09-12,26.7212,26.9418,26.2248,26.3036,1774500,0
2002-09-13,26.2563,26.6424,26.0829,26.6424,1406500,0
2002-09-16,26.6424,26.6739,25.9095,26.603,1710300,0
2002-09-17,26.7054,26.8945,25.6889,25.7598,2450900,0
2002-09-18,25.4919,25.8623,25.1137,25.3185,4019700,0
2002-09-19,24.4202,25.2082,24.4202,24.9482,3438000,0
2002-09-20,24.9561,25.4131,24.6724,25.0743,4193400,0
2002-09-23,24.7748,25.0034,24.5699,24.8615,2296800,0
2002-09-24,24.8615,25.09,24.3808,24.5227,2414500,0
2002-09-25,24.6487,24.8536,24.302,24.6093,2617100,0
2002-09-26,24.9876,25.4762,24.7039,25.3264,2263100,0
2002-09-27,25.1846,25.4762,24.8851,24.9482,1681000,0
2002-09-30,24.3808,24.8457,24.0656,24.6093,2606100,0
2002-10-01,24.6093,26.011999999999997,24.3651,26.011999999999997,2279800,0
2002-10-02,26.011999999999997,26.011999999999997,24.6566,24.7827,2323400,0
2002-10-03,24.7827,25.3422,24.633000000000003,24.9482,3065400,0
2002-10-04,25.0191,25.0979,24.2941,24.3729,2929600,0
2002-10-07,24.3493,24.7276,23.8923,24.0341,2694800,0
2002-10-08,24.0341,25.3343,24.0341,25.1058,2642100,0
2002-10-09,24.8063,24.8457,24.3493,24.5227,2491700,0
2002-10-10,24.4911,25.9017,24.2469,25.752,2641400,0
2002-10-11,26.2563,27.5565,26.1853,27.1388,2478900,0
2002-10-14,27.1388,27.7929,26.8079,27.7771,1643800,0
2002-10-15,28.1396,29.361,28.0687,29.2034,3525500,0
2002-10-16,28.9118,29.4319,27.6274,27.8244,2943200,0
2002-10-17,29.0222,30.0781,28.5888,29.8732,3577900,0
2002-10-18,29.7314,29.7314,28.4863,28.6676,4648100,0
2002-10-21,28.6754,29.6841,28.3524,29.6841,3272200,0
2002-10-22,29.1955,29.7944,28.9118,29.6999,1905400,0
2002-10-23,29.6999,31.1971,29.6683,31.1104,3352000,0
2002-10-24,31.134,31.2207,29.7392,29.8023,2652000,0
2002-10-25,29.2349,30.74,29.2349,30.6691,2277600,0
2002-10-28,30.8503,30.9449,29.8496,30.0308,1666300,0
2002-10-29,29.8732,30.0623,28.8488,29.5974,2282300,0
2002-10-30,29.6605,30.7558,29.3925,30.4169,1715300,0
2002-10-31,30.3775,30.5588,29.7314,30.1017,2125100,0
2002-11-01,29.691999999999997,31.1261,29.691999999999997,30.9764,1862600,0
2002-11-04,31.3231,32.5288,31.1025,31.6383,2814800,0
2002-11-05,29.7314,31.6462,29.1167,29.9441,5092200,0
2002-11-06,29.9993,30.6455,29.7314,30.2751,2326900,0
2002-11-07,30.1175,30.3302,29.7944,30.1569,2963100,0
2002-11-08,30.1175,30.6849,29.9835,30.1175,1893000,0
2002-11-11,30.015,30.0938,29.7314,29.8732,1613900,0
2002-11-12,29.8653,30.3224,29.7235,30.1096,2425100,0
2002-11-13,30.0781,30.3618,29.7314,30.3618,1912500,0
2002-11-14,30.5903,31.1813,30.3618,30.7873,1965500,0
2002-11-15,30.6139,31.3231,30.4563,31.2995,2293800,0
2002-11-18,31.4256,31.7959,30.8346,31.0158,1862300,0
2002-11-19,30.6849,31.1025,30.4169,30.4327,1869600,0
2002-11-20,29.7629,31.0552,29.7629,30.874000000000002,4129200,0
2002-11-21,30.874000000000002,31.3862,30.6927,31.3862,4522100,0
2002-11-22,30.9685,31.4177,30.6849,31.070999999999998,3409600,0
2002-11-25,30.543000000000003,30.8188,29.8732,30.346,2743500,0
2002-11-26,30.086,30.2908,29.7314,29.8969,3184800,0
2002-11-27,29.9441,30.7873,29.9047,30.6297,1377300,0
2002-11-29,30.6297,31.0552,30.6139,30.7715,905400,0
2002-12-02,30.8267,31.134,30.7164,30.9685,2089400,0
2002-12-03,30.8503,30.8819,29.8732,30.1884,2258000,0
2002-12-04,30.086,30.8582,29.9757,30.7006,2822600,0
2002-12-05,30.6139,30.6376,30.015,30.1648,1427800,0
2002-12-06,29.7235,30.015,29.5265,29.8417,3153900,0
2002-12-09,29.6683,29.7235,29.3374,29.5659,2658100,0
2002-12-10,29.5659,29.7944,29.2743,29.4792,1976300,0
2002-12-11,29.0222,32.1978,29.0222,29.3689,1871500,0
2002-12-12,29.3058,29.5895,29.0931,29.3295,1349600,0
2002-12-13,29.1561,29.3531,28.636,28.8646,1292600,0
2002-12-16,28.6676,28.9355,28.5178,28.7385,2594300,0
2002-12-17,28.5257,28.8724,28.3287,28.5021,1764300,0
2002-12-18,28.3287,28.3445,27.6432,27.8874,3379900,0
2002-12-19,27.7456,28.2814,27.2886,27.3752,2301300,0
2002-12-20,27.4462,28.0766,27.4462,27.8796,3954200,0
2002-12-23,27.9584,28.0766,27.6195,27.7535,1684800,0
2002-12-24,27.5328,27.8717,27.5328,27.6904,672500,0
2002-12-26,27.6668,28.3366,27.5722,27.6274,1145100,0
2002-12-27,27.7298,27.8796,27.1073,27.3752,1233900,0
2002-12-30,27.4304,27.6038,27.1861,27.4462,1684100,0
2002-12-31,27.4462,28.0214,27.3752,27.785,2208500,0
2003-01-02,27.8244,28.77,27.8165,28.7542,1669000,0
2003-01-03,28.5888,28.7542,28.2972,28.5888,1322000,0
2003-01-06,28.1711,28.8882,28.1711,28.6676,2330600,0
2003-01-07,28.4863,28.7306,28.313000000000002,28.3996,1941800,0
2003-01-08,28.2263,28.4784,27.8559,28.1554,1294300,0
2003-01-09,28.313000000000002,28.7385,28.1475,28.6124,1398400,0
2003-01-10,28.313000000000002,28.706999999999997,28.1711,28.3051,1720900,0
2003-01-13,28.4154,28.51,28.0293,28.0608,1717800,0
2003-01-14,27.9978,28.241999999999997,27.8796,27.9426,1829300,0
2003-01-15,26.1932,26.8315,24.9482,25.7047,12202000,0
2003-01-16,25.6968,26.0829,25.4446,25.6574,4976100,0
2003-01-17,25.6495,25.6574,25.3107,25.555,2590600,0
2003-01-21,25.555,25.8229,25.1452,25.2713,3630400,0
2003-01-22,25.2792,25.4604,25.1846,25.2792,5395500,0
2003-01-23,25.2792,25.484,24.8615,25.2319,4231800,0
2003-01-24,24.9167,25.0821,24.5936,24.7748,4109700,0
2003-01-27,24.5936,24.8457,24.2784,24.4202,3302400,0
2003-01-28,24.4281,24.9876,24.2941,24.9167,2621700,0
2003-01-29,24.7591,24.9876,24.3966,24.8851,1960400,0
2003-01-30,24.893,24.893,24.0026,24.0026,3723100,0
2003-01-31,23.8529,24.6015,23.8529,24.5384,4427400,0
2003-02-03,24.5542,24.6645,23.9159,24.0656,3243400,0
2003-02-04,23.8213,23.8529,23.3879,23.7347,3363600,0
2003-02-05,23.7425,24.0183,23.4904,23.8765,2645000,0
2003-02-06,23.6086,23.8292,23.4273,23.4983,2288100,0
2003-02-07,23.6007,23.8056,23.3407,23.3564,1809200,0
2003-02-10,23.4983,23.6243,23.2776,23.5534,1684100,0
2003-02-11,23.5534,23.6795,23.254,23.6795,2528200,0
2003-02-12,23.5061,23.7977,23.2067,23.2776,2011300,0
2003-02-13,23.2146,23.4273,22.5763,22.8521,2595000,0
2003-02-14,22.7181,23.2382,22.5054,23.2225,2297900,0
2003-02-18,23.9238,24.1523,23.8292,24.0971,1958100,0
2003-02-19,23.9632,24.239,23.6874,23.8923,1352300,0
2003-02-20,24.1287,24.239,23.8213,23.8765,1229100,0
2003-02-21,24.105,24.239,23.8607,24.041999999999998,2266000,0
2003-02-24,23.7504,23.7819,22.8994,22.8994,2294700,0
2003-02-25,22.8285,23.3091,22.2217,23.1752,2265400,0
2003-02-26,23.1121,23.1594,22.6551,22.8127,1654100,0
2003-02-27,22.8442,23.3013,22.5527,22.9939,1873500,0
2003-02-28,23.254,23.3407,22.8915,23.0018,1841100,0
2003-03-03,23.0806,23.3564,22.9151,22.923000000000002,1432200,0
2003-03-04,22.6866,22.8285,22.3793,22.4423,2042300,0
2003-03-05,22.331999999999997,22.5448,22.1587,22.5054,1931800,0
2003-03-06,22.1587,22.1902,21.8119,21.9774,2571300,0
2003-03-07,21.5204,21.8829,21.5125,21.7804,4721800,0
2003-03-10,21.7646,21.7646,21.3391,21.3785,4112200,0
2003-03-11,21.3076,21.6543,21.3076,21.4731,3920800,0
2003-03-12,20.8821,21.5834,20.8821,21.5519,5457000,0
2003-03-13,21.0949,21.3549,19.2824,19.2903,24847500,0
2003-03-14,19.4637,20.5984,19.2903,20.2044,9535900,0
2003-03-17,19.9601,20.8112,19.9601,20.756,4430000,0
2003-03-18,20.8585,21.0476,20.8112,20.8427,3921900,0
2003-03-19,20.8978,21.4888,20.89,21.4731,4457100,0
2003-03-20,21.480999999999998,21.8986,21.4494,21.8041,3524500,0
2003-03-21,21.938000000000002,23.12,21.8671,22.9388,3751100,0
2003-03-24,22.1902,22.269000000000002,21.7646,21.8198,2588700,0
2003-03-25,21.6622,22.1665,21.5913,21.8829,2172700,0
2003-03-26,21.0555,22.0877,21.0555,21.9144,2436900,0
2003-03-27,21.8356,22.2532,21.6228,22.0877,2827500,0
2003-03-28,21.9459,22.072,21.8829,21.9459,1898100,0
2003-03-31,21.7883,22.0404,21.5992,21.7962,1811100,0
2003-04-01,21.8513,22.1193,21.8041,22.0326,2393300,0
2003-04-02,22.1587,22.9624,22.1114,22.3005,2047400,0
2003-04-03,22.2847,22.3635,21.9222,22.1035,2717900,0
2003-04-04,22.3084,22.3478,21.9459,22.2532,1848900,0
2003-04-07,22.86,23.0255,22.465999999999998,22.4739,2739600,0
2003-04-08,22.4029,22.7969,22.331999999999997,22.4423,2161600,0
2003-04-09,22.5763,23.0097,22.1902,22.2611,2147200,0
2003-04-10,22.2611,22.4345,21.9616,22.3163,1666100,0
2003-04-11,22.7181,23.0333,22.0877,22.3714,1721100,0
2003-04-14,22.3163,22.7575,21.8829,22.7024,1688300,0
2003-04-15,22.6945,22.8836,22.4345,22.5842,1903200,0
2003-04-16,22.7733,22.8206,22.3241,22.3793,2141600,0
2003-04-17,22.3793,23.2855,22.1587,23.1988,2967100,0
2003-04-21,22.4345,22.7891,22.1744,22.6472,3306800,0
2003-04-22,22.6472,23.6401,22.6472,23.4667,3190000,0
2003-04-23,23.711,23.9711,23.4904,23.9632,1981900,0
2003-04-24,23.5534,24.0656,23.5377,23.8371,2493100,0
2003-04-25,23.8529,24.0577,23.4116,23.4273,2203300,0
2003-04-28,23.4667,24.2075,23.4195,24.1759,1910600,0
2003-04-29,24.1523,24.1838,23.6086,23.8765,2645400,0
2003-04-30,23.5928,23.8292,23.514,23.8056,3111300,0
2003-05-01,23.6243,24.0262,23.3958,24.0026,2416100,0
2003-05-02,24.0971,24.2784,23.7898,24.1759,1937300,0
2003-05-05,24.1759,24.1759,23.7504,23.8765,2661200,0
2003-05-06,23.9238,24.4202,23.8923,24.1681,2773500,0
2003-05-07,24.1838,24.4281,23.9238,24.3887,2235500,0
2003-05-08,24.2153,24.5069,24.0105,24.1208,1889500,0
2003-05-09,24.1129,24.4911,23.9632,24.4911,1942400,0
2003-05-12,24.239,24.8615,24.1208,24.7748,2100000,0
2003-05-13,24.5936,24.6409,23.9632,23.9789,3079000,0
2003-05-14,24.0656,24.2153,23.8529,24.0656,2304000,0
2003-05-15,24.1365,24.3493,23.9947,24.2311,2708400,0
2003-05-16,24.0105,24.2705,23.648000000000003,23.8923,3271400,0
2003-05-19,23.7583,23.7583,23.4667,23.5771,2463500,0
2003-05-20,23.6795,23.8923,23.3564,23.514,1983600,0
2003-05-21,23.3249,23.7662,23.2461,23.5613,2710200,0
2003-05-22,23.7347,23.7504,23.3564,23.4825,2207500,0
2003-05-23,23.6322,23.6401,23.4195,23.5298,2197600,0
2003-05-27,23.4273,23.8213,23.3564,23.7189,2671000,0
2003-05-28,23.6716,24.1602,23.6007,24.0341,2041200,0
2003-05-29,23.9632,24.0105,23.6874,23.9395,2301800,0
2003-05-30,24.1759,24.7039,24.0735,24.7039,2713400,0
2003-06-02,24.7748,25.5392,24.7433,25.2161,4001800,0
2003-06-03,25.1294,25.3028,24.9167,25.1531,3888600,0
2003-06-04,25.1373,25.1452,24.7748,24.9876,2888300,0
2003-06-05,24.7039,24.9876,24.499000000000002,24.5857,3743100,0
2003-06-06,24.7276,25.2082,24.7118,24.8615,3685200,0
2003-06-09,24.6724,24.7512,24.1523,24.3099,2039800,0
2003-06-10,24.3178,24.6566,24.041999999999998,24.6566,1543600,0
2003-06-11,24.1365,24.7039,23.9632,24.4911,2669700,0
2003-06-12,24.6645,24.6645,24.1208,24.3099,2924000,0
2003-06-13,24.3493,24.3493,23.9238,24.1444,2493300,0
2003-06-16,24.1917,24.8851,24.0893,24.7906,2438100,0
2003-06-17,24.8615,25.1058,24.7039,25.0506,2474400,0
2003-06-18,24.7827,25.4762,24.7118,25.1058,2130800,0
2003-06-19,24.7827,24.9482,24.5936,24.7985,3122300,0
2003-06-20,24.964000000000002,25.224,24.7748,25.0034,2511600,0
2003-06-23,24.7906,24.9088,24.499000000000002,24.7197,2941600,0
2003-06-24,24.767,24.9561,24.5857,24.5857,1812100,0
2003-06-25,24.5857,24.7276,24.105,24.105,1771100,0
2003-06-26,24.2075,24.3966,23.9317,24.2863,1380700,0
2003-06-27,24.4202,24.4517,23.7347,23.8213,2155500,0
2003-06-30,23.9238,24.5227,23.7662,23.9632,2745100,0
2003-07-01,23.8923,24.3178,23.6795,24.2705,1605400,0
2003-07-02,24.5227,24.9009,24.2705,24.7906,2729000,0
2003-07-03,24.6487,24.9403,24.4281,24.5463,1207300,0
2003-07-07,24.7276,25.2004,24.5936,25.1294,2333600,0
2003-07-08,24.9482,25.3579,24.9009,25.3579,1395100,0
2003-07-09,25.2082,25.7047,25.1058,25.5156,3796300,0
2003-07-10,25.2792,25.4131,24.8379,24.9403,2170500,0
2003-07-11,24.7118,25.2319,24.6645,25.0585,1523700,0
2003-07-14,25.2319,25.7677,25.0585,25.7283,3067200,0
2003-07-15,25.7756,26.0041,25.6968,25.7677,2122100,0
2003-07-16,25.9647,26.0829,25.6416,25.9884,2201100,0
2003-07-17,25.6968,25.7914,25.0821,25.4446,2322700,0
2003-07-18,25.6495,25.7441,25.224,25.6416,1774900,0
2003-07-21,25.484,25.680999999999997,25.0034,25.1215,1772000,0
2003-07-22,24.9403,25.6495,24.8457,25.555,1852000,0
2003-07-23,25.3816,25.4604,24.7827,25.421,1835500,0
2003-07-24,25.5865,25.7914,25.1452,25.2161,1819600,0
2003-07-25,25.1688,26.1775,25.1452,26.0672,2138600,0
2003-07-28,26.011999999999997,26.3429,25.9095,26.0593,2333900,0
2003-07-29,25.3028,25.6337,24.7985,25.421,4683300,0
2003-07-30,25.6889,25.9332,25.3501,25.6101,2602300,0
2003-07-31,25.8386,26.7921,25.555,26.2484,3722200,0
2003-08-01,26.2484,26.3981,26.0435,26.2248,2574600,0
2003-08-04,26.1538,26.4375,25.8938,26.3272,1483300,0
2003-08-05,26.2248,26.6187,26.011999999999997,26.0514,2519000,0
2003-08-06,26.1775,26.3745,26.0041,26.1144,2867700,0
2003-08-07,26.0278,26.54,25.9805,26.4848,2364700,0
2003-08-08,26.54,27.0128,26.54,26.9261,2104500,0
2003-08-11,26.8945,27.0364,26.4848,26.8158,1296100,0
2003-08-12,26.9497,26.9576,26.5478,26.9418,1944100,0
2003-08-13,27.1152,27.2176,26.6581,27.131,2028300,0
2003-08-14,27.2492,28.1632,27.1625,27.6826,3426300,0
2003-08-15,27.6826,27.8165,27.4462,27.6116,1034400,0
2003-08-18,27.5328,27.7771,27.5328,27.5644,1520000,0
2003-08-19,27.5959,27.8717,27.391,27.6983,1321200,0
2003-08-20,27.6432,27.785,27.5565,27.6353,937000,0
2003-08-21,27.6983,28.1711,27.6589,28.1002,1667400,0
2003-08-22,28.2736,28.313000000000002,27.8008,27.8559,1730400,0
2003-08-25,27.8559,27.9111,27.5171,27.7456,885100,0
2003-08-26,27.7456,27.9268,27.2807,27.8953,1306300,0
2003-08-27,27.8874,28.0135,27.5092,27.9662,1667000,0
2003-08-28,27.9741,27.9978,27.6589,27.7929,1424600,0
2003-08-29,27.8008,28.2736,27.7456,28.2499,1360300,0
2003-09-02,28.241999999999997,28.6676,28.2263,28.6045,2352000,0
2003-09-03,28.6045,28.8094,28.3366,28.4154,2035400,0
2003-09-04,28.313000000000002,28.4863,28.2026,28.4233,1722200,0
2003-09-05,28.0687,28.313000000000002,27.8874,28.2736,2622400,0
2003-09-08,28.1002,28.6833,27.9032,28.6597,2318200,0
2003-09-09,28.4154,28.4154,27.7771,27.785,2120900,0
2003-09-10,27.7771,27.8874,27.1152,27.1625,2475200,0
2003-09-11,27.2176,27.2807,26.7448,27.0522,4043800,0
2003-09-12,27.1073,27.4146,26.8236,27.3595,2655800,0
2003-09-15,27.3674,27.3674,26.7921,26.7921,2354300,0
2003-09-16,26.8945,26.9812,26.6975,26.9812,3151200,0
2003-09-17,27.0364,27.1073,26.5872,26.8551,2261900,0
2003-09-18,26.9576,27.3516,26.863000000000003,27.2255,2385000,0
2003-09-19,27.1704,27.9584,27.1073,27.6038,2581800,0
2003-09-22,27.1782,27.2492,26.9103,27.1152,1635300,0
2003-09-23,27.0364,27.0994,26.4533,26.5084,2759700,0
2003-09-24,26.5636,26.6503,26.0514,26.1696,2853200,0
2003-09-25,26.1932,26.2563,25.9411,25.9411,1953700,0
2003-09-26,25.9411,25.9411,25.5943,25.7756,2048500,0
2003-09-29,25.752,25.9647,25.5077,25.6416,2178700,0
2003-09-30,25.484,25.6101,25.224,25.3737,2640600,0
2003-10-01,25.421,25.9253,25.3816,25.9017,2774700,0
2003-10-02,26.1223,26.3114,25.9095,26.2326,2360500,0
2003-10-03,26.863000000000003,27.0049,26.2326,26.7054,2830300,0
2003-10-06,26.7054,26.8945,26.5084,26.6818,1379200,0
2003-10-07,26.6818,27.2334,26.5557,27.2098,2530800,0
2003-10-08,27.3831,27.4619,26.9733,27.0916,2106100,0
2003-10-09,27.6747,27.7456,27.1625,27.2964,1824000,0
2003-10-10,27.2334,27.454,27.1546,27.3201,1458800,0
2003-10-13,27.5328,27.7062,27.3043,27.4934,997000,0
2003-10-14,27.4934,27.6747,27.2176,27.5013,1425800,0
2003-10-15,27.9268,28.1081,27.4698,27.5092,1705500,0
2003-10-16,27.2492,27.3752,26.4533,26.9103,3032100,0
2003-10-17,27.6038,27.6038,26.6897,27.0128,2589600,0
2003-10-20,27.0128,27.0837,26.7527,26.9103,1647900,0
2003-10-21,26.8945,27.0758,26.7606,27.0364,2303600,0
2003-10-22,26.1932,27.0364,26.1223,26.1302,2869400,0
2003-10-23,26.1381,26.3272,26.011999999999997,26.2011,2004800,0
2003-10-24,26.0829,26.1932,25.8386,26.0435,1436900,0
2003-10-27,26.1065,26.2011,25.878,25.9726,1796800,0
2003-10-28,26.0435,26.4139,25.8859,26.4139,1768900,0
2003-10-29,26.1538,26.3745,26.0829,26.1302,2301800,0
2003-10-30,26.3981,26.5242,25.9253,26.075,2644400,0
2003-10-31,26.3272,26.9418,26.2563,26.7133,2334900,0
2003-11-03,26.8236,27.0206,26.5557,26.5951,1628448,0
2003-11-04,26.3981,26.4296,26.1538,26.2799,1596310,0
2003-11-05,25.9805,26.2405,25.8386,26.2169,2837800,0
2003-11-06,26.3272,26.469,26.0514,26.3666,3179600,0
2003-11-07,26.8551,27.4304,26.5794,27.06,3602200,0
2003-11-10,27.1782,27.5722,27.1546,27.4383,2398600,0
2003-11-11,27.588,28.0056,27.5171,27.8402,3510000,0
2003-11-12,27.8559,28.2263,27.8559,27.9899,4367500,0
2003-11-13,27.8717,28.1396,27.6038,27.9978,3064200,0
2003-11-14,27.8874,27.9584,27.0206,27.0206,3055400,0
2003-11-17,26.9024,26.9339,26.603,26.8394,1900600,0
2003-11-18,26.8394,27.0758,26.5478,26.666,1483300,0
2003-11-19,26.6897,26.9261,26.5478,26.8709,1251400,0
2003-11-20,26.6897,26.7212,26.1932,26.2957,2511700,0
2003-11-21,26.3114,26.4375,26.1932,26.2326,1654400,0
2003-11-24,26.3745,26.7921,26.2957,26.6818,1951200,0
2003-11-25,26.469,26.7921,26.3981,26.54,2444900,0
2003-11-26,26.6187,26.9418,26.5794,26.8945,1585200,0
2003-11-28,26.8473,27.3595,26.8315,27.06,852200,0
2003-12-01,27.391,27.6038,27.0916,27.5565,2385500,0
2003-12-02,27.5407,27.7535,27.4777,27.6274,3009500,0
2003-12-03,27.6038,27.6432,27.0916,27.2176,2284700,0
2003-12-04,27.1625,27.6432,27.0916,27.5092,1688500,0
2003-12-05,27.4225,27.5959,27.1861,27.5092,1746200,0
2003-12-08,27.3437,27.5644,27.1073,27.3831,1450000,0
2003-12-09,27.4304,27.588,27.1782,27.3201,1669700,0
2003-12-10,27.1388,27.588,27.0522,27.194000000000003,1500900,0
2003-12-11,27.391,27.6038,27.3595,27.5565,1479600,0
2003-12-12,27.5328,27.5565,27.1073,27.4383,1380900,0
2003-12-15,27.6038,27.785,27.4698,27.4698,2129100,0
2003-12-16,27.5801,27.785,27.5328,27.721999999999998,2133300,0
2003-12-17,27.6116,27.7377,27.1152,27.2886,2405300,0
2003-12-18,27.4304,27.5801,27.1861,27.5407,2079600,0
2003-12-19,27.5328,27.5328,26.9182,27.1073,3018700,0
2003-12-22,27.0758,27.256999999999998,26.9182,27.1782,1802700,0
2003-12-23,27.0758,27.3595,27.0758,27.3516,1751200,0
2003-12-24,27.328000000000003,27.454,27.3201,27.3989,704700,0
2003-12-26,27.454,27.6038,27.4304,27.525,537800,0
2003-12-29,27.5092,27.6983,27.3358,27.6983,1753200,0
2003-12-30,27.525,27.8165,27.3989,27.7377,1788500,0
2003-12-31,27.7141,28.2184,27.7141,28.0372,2151600,0
2004-01-02,28.1002,28.4233,28.0372,28.2814,1884000,0
2004-01-05,28.4548,29.1482,28.439,29.1167,2677500,0
2004-01-06,29.0537,29.4162,29.0143,29.3925,2142100,0
2004-01-07,29.2192,29.4477,29.0379,29.2428,2177600,0
2004-01-08,29.3452,29.4083,28.9118,29.1798,2927000,0
2004-01-09,28.9276,28.9828,28.5021,28.5178,3068800,0
2004-01-12,28.4784,28.5966,28.2105,28.4312,2607600,0
2004-01-13,28.5572,28.7621,28.313000000000002,28.3839,1811400,0
2004-01-14,28.3839,29.1088,28.3445,29.0379,2645500,0
2004-01-15,29.1798,29.2664,28.7542,29.0852,1465800,0
2004-01-16,29.1955,29.298000000000002,29.0064,29.1404,2419700,0
2004-01-20,28.9828,29.0694,28.6676,28.9512,1847500,0
2004-01-21,28.9512,29.0222,28.4706,28.9197,1989100,0
2004-01-22,28.77,30.015,28.706999999999997,29.6999,2985200,0
2004-01-23,30.6376,30.6376,29.691999999999997,29.8969,3876900,0
2004-01-26,29.7077,29.9678,29.6289,29.951999999999998,2040600,0
2004-01-27,29.8811,29.9599,29.6447,29.8575,1534800,0
2004-01-28,29.9678,30.2357,29.691999999999997,29.8732,1938300,0
2004-01-29,30.2121,30.6849,30.1569,30.5036,4247500,0
2004-01-30,30.5745,30.6139,30.1884,30.2593,3356300,0
2004-02-02,30.2908,30.9291,30.2593,30.7164,2889500,0
2004-02-03,30.7952,30.8661,30.4248,30.4957,2193200,0
2004-02-04,30.5351,30.7164,29.9757,30.2121,2266100,0
2004-02-05,30.1884,30.2908,29.8732,30.1254,1863700,0
2004-02-06,30.015,30.5982,29.9047,30.5272,2034500,0
2004-02-09,30.6139,30.9685,30.4406,30.7794,1490500,0
2004-02-10,30.6849,31.0867,30.5982,31.0867,1677700,0
2004-02-11,30.9685,31.6226,30.8976,31.528000000000002,1795800,0
2004-02-12,31.3074,31.5516,31.1892,31.5044,1375400,0
2004-02-13,31.5044,31.5044,30.803,31.0316,1776700,0
2004-02-17,31.1104,31.5674,31.0473,31.4965,1338800,0
2004-02-18,31.4965,31.5595,31.0552,31.2995,1171800,0
2004-02-19,31.2916,31.3941,30.543000000000003,30.6139,1957800,0
2004-02-20,30.7794,30.7794,30.1884,30.4879,1397200,0
2004-02-23,30.5036,30.6376,29.8575,30.0781,1342900,0
2004-02-24,29.8496,30.2357,29.6605,29.7156,2175100,0
2004-02-25,29.7235,29.8732,29.6211,29.7944,1353300,0
2004-02-26,29.7944,29.8338,29.558000000000003,29.6683,1447600,0
2004-02-27,29.6683,30.3224,29.1404,30.0466,2105100,0
2004-03-01,30.0544,30.1963,29.6683,30.1254,1298000,0
2004-03-02,30.4012,31.3231,30.3145,30.5351,2325000,0
2004-03-03,30.543000000000003,31.0552,30.3854,30.9685,1778500,0
2004-03-04,30.8582,31.5359,30.8503,31.4886,2214700,0
2004-03-05,31.2522,31.2522,30.5115,30.5745,2787300,0
2004-03-08,30.5903,30.8346,30.283,30.2987,2426600,0
2004-03-09,30.3618,30.9607,30.2908,30.7873,2556900,0
2004-03-10,31.2522,31.3546,30.4327,30.5115,1825300,0
2004-03-11,30.2751,30.3618,29.6683,29.755,1849200,0
2004-03-12,29.7077,29.8338,29.3925,29.7786,1897100,0
2004-03-15,29.5265,29.7156,28.573,29.1167,3199600,0
2004-03-16,29.3768,29.5344,29.1719,29.3846,2060900,0
2004-03-17,29.6841,29.7077,29.4556,29.5738,1283100,0
2004-03-18,29.5344,29.6211,29.2349,29.4713,1259500,0
2004-03-19,29.3846,29.6132,29.2034,29.2349,1988400,0
2004-03-22,28.8409,28.904,28.5494,28.7936,1471600,0
2004-03-23,28.7936,29.1482,28.6754,29.0379,1803800,0
2004-03-24,28.967,29.164,28.8488,29.0143,2397200,0
2004-03-25,29.1088,29.2586,28.8961,29.226999999999997,2318200,0
2004-03-26,29.2349,29.2586,28.9355,29.1482,1845700,0
2004-03-29,29.1955,29.8653,29.1798,29.7235,2877900,0
2004-03-30,29.7314,29.8259,29.4556,29.7314,1179000,0
2004-03-31,29.7708,29.9047,29.361,29.7314,2039900,0
2004-04-01,29.6211,30.086,29.6053,29.8259,2087800,0
2004-04-02,30.8582,31.7171,30.7164,31.3231,6462000,0
2004-04-05,31.4886,31.9141,31.4729,31.8984,2889900,0
2004-04-06,31.8905,32.0639,31.2286,31.4413,1806600,0
2004-04-07,31.3152,31.465,30.9764,31.0788,1984000,0
2004-04-08,31.4177,31.6856,31.2049,31.3625,1266700,0
2004-04-12,31.3625,31.8511,31.3231,31.4965,1303500,0
2004-04-13,31.662,31.8353,31.1182,31.2207,1300900,0
2004-04-14,31.1104,31.3941,30.8267,31.3941,2521900,0
2004-04-15,31.4965,32.5524,31.465,32.4421,4074900,0
2004-04-16,32.4421,32.4421,32.0008,32.2924,2903400,0
2004-04-19,32.1505,32.2057,31.7644,31.8196,1438000,0
2004-04-20,31.921999999999997,32.1978,31.5674,31.5674,1985700,0
2004-04-21,31.5674,32.0796,31.5674,31.9457,2257700,0
2004-04-22,31.7644,32.2451,31.1577,31.921999999999997,4221300,0
2004-04-23,32.3791,32.3791,31.8747,32.0875,1210600,0
2004-04-26,32.0639,32.1584,31.3546,31.528000000000002,1871600,0
2004-04-27,31.6856,31.9614,31.3941,31.4807,1460200,0
2004-04-28,31.4098,31.4965,31.0631,31.1419,1221500,0
2004-04-29,31.2522,31.7565,30.936999999999998,31.0394,1807800,0
2004-04-30,31.1813,31.4098,30.8424,31.0079,1757300,0
2004-05-03,31.1734,31.5123,31.1104,31.268,1751700,0
2004-05-04,31.3231,31.8511,31.268,31.5989,2007500,0
2004-05-05,31.5516,31.7408,31.2522,31.590999999999998,1122000,0
2004-05-06,31.4098,32.0639,31.3941,32.0323,2299300,0
2004-05-07,32.1033,32.8991,32.1033,32.5839,4285200,0
2004-05-10,32.5839,33.4901,32.5603,33.1513,6538000,0
2004-05-11,33.0252,33.1513,32.5682,33.1513,2902300,0
2004-05-12,32.9779,32.9858,32.1742,32.7494,2222200,0
2004-05-13,32.5524,32.8361,32.2687,32.4421,2437000,0
2004-05-14,32.3081,32.5603,32.0323,32.1899,1991700,0
2004-05-17,31.5359,31.8275,31.3625,31.5674,2999500,0
2004-05-18,31.6226,31.8984,31.4256,31.5438,2050600,0
2004-05-19,31.5989,31.8196,31.4492,31.4729,1777100,0
2004-05-20,31.3941,31.590999999999998,31.0001,31.3389,3080300,0
2004-05-21,31.2837,31.3862,31.1261,31.3389,2307000,0
2004-05-24,31.4335,31.662,31.2286,31.3389,1565300,0
2004-05-25,31.8511,32.1033,31.6462,32.0402,3550300,0
2004-05-26,32.0639,32.0639,31.6777,31.7408,2302300,0
2004-05-27,31.7802,31.8117,31.4413,31.6068,2801200,0
2004-05-28,31.6383,31.6856,31.4177,31.4492,1965000,0
2004-06-01,31.4492,31.4492,31.1182,31.2128,2436400,0
2004-06-02,31.2522,31.2758,31.1182,31.1419,2640600,0
2004-06-03,31.3231,31.4729,31.0473,31.4256,3799400,0
2004-06-04,31.8511,31.8905,31.3468,31.4413,2878000,0
2004-06-07,31.6068,31.9141,31.4729,31.8432,1586200,0
2004-06-08,31.6935,31.9299,31.5753,31.7565,2154900,0
2004-06-09,31.6699,31.8275,31.4729,31.5438,2042600,0
2004-06-10,31.7802,31.8196,31.5123,31.6226,1701200,0
2004-06-14,31.6068,31.6068,31.1261,31.134,1499400,0
2004-06-15,31.2365,31.5201,31.1655,31.3389,1942200,0
2004-06-16,31.465,31.465,30.9607,31.0394,1523400,0
2004-06-17,30.936999999999998,30.9685,30.3933,30.8424,1695100,0
2004-06-18,30.8503,31.1419,30.543000000000003,30.8188,1839500,0
2004-06-21,30.7479,30.8424,30.48,30.5194,1375100,0
2004-06-22,30.5194,30.9291,30.5036,30.8503,1195000,0
2004-06-23,30.7558,31.2916,30.6297,31.2207,1757300,0
2004-06-24,31.1182,31.4098,30.7085,30.9607,1679400,0
2004-06-25,30.8582,30.8582,29.9047,30.0387,4070300,0
2004-06-28,30.283,30.3854,29.8732,29.9284,2054500,0
2004-06-29,29.9441,30.0702,29.8653,29.8653,2561500,0
2004-06-30,29.9363,29.9914,29.4635,29.6447,2633600,0
2004-07-01,29.8023,29.9205,29.1798,29.3768,3557000,0
2004-07-02,29.2664,29.2743,28.2263,28.241999999999997,5891100,0
2004-07-06,28.313000000000002,28.9828,28.2657,28.8567,5293600,0
2004-07-07,28.7385,29.1246,28.6991,28.9118,2722200,0
2004-07-08,28.8961,29.1955,28.6203,28.6282,2587100,0
2004-07-09,28.7385,29.0222,28.6439,28.6754,1563400,0
2004-07-12,28.6754,28.8252,28.4548,28.6597,1405000,0
2004-07-13,28.7621,28.8803,28.5651,28.6124,1979000,0
2004-07-14,28.3524,28.4942,27.6274,27.7692,3954300,0
2004-07-15,28.1396,28.5336,28.0529,28.2736,2684000,0
2004-07-16,28.4548,28.5178,28.2499,28.3208,2486800,0
2004-07-19,28.375999999999998,28.4627,28.2814,28.4075,1824600,0
2004-07-20,28.3366,28.5257,28.241999999999997,28.4469,1629200,0
2004-07-21,28.5021,28.9118,28.2814,28.3602,1408500,0
2004-07-22,28.241999999999997,28.375999999999998,28.0608,28.241999999999997,1465700,0
2004-07-23,28.1711,28.2184,27.9268,28.045,1272400,0
2004-07-26,28.0372,28.0687,27.5013,27.9584,1610800,0
2004-07-27,28.573,29.3058,28.2342,29.1167,3210500,0
2004-07-28,29.5186,29.5186,28.6991,29.0852,1846500,0
2004-07-29,29.1482,29.7314,29.1088,29.6053,1761700,0
2004-07-30,29.4477,29.7156,29.1719,29.7156,1559600,0
2004-08-02,29.4083,29.6368,29.3216,29.5501,1064700,0
2004-08-03,29.3768,29.5422,29.2192,29.3137,1170000,0
2004-08-04,29.0773,29.3216,28.9591,29.2113,1007800,0
2004-08-05,29.0931,29.0931,28.6676,28.7779,1170800,0
2004-08-06,28.241999999999997,28.4706,27.6747,27.7929,2811900,0
2004-08-09,27.8165,27.8559,27.3437,27.5171,2211800,0
2004-08-10,27.6038,27.6747,27.3201,27.6038,1906900,0
2004-08-11,27.4619,27.919,27.3358,27.785,1980200,0
2004-08-12,27.6747,27.7929,27.4619,27.5644,1356400,0
2004-08-13,27.4777,27.8323,27.4619,27.7456,1271300,0
2004-08-16,27.7298,28.3051,27.7062,28.2499,1368200,0
2004-08-17,28.2499,28.4233,28.1002,28.2736,1052600,0
2004-08-18,28.2736,28.4075,28.1396,28.3996,1140900,0
2004-08-19,28.2736,28.3839,28.0608,28.1475,1302500,0
2004-08-20,28.0687,28.3051,27.9978,28.2736,1484500,0
2004-08-23,28.3445,28.3918,28.179000000000002,28.2263,994700,0
2004-08-24,28.4075,28.636,28.313000000000002,28.5178,1954700,0
2004-08-25,28.4942,28.8409,28.4469,28.7227,1350000,0
2004-08-26,28.5651,28.6991,28.313000000000002,28.3445,1247400,0
2004-08-27,28.2105,28.3839,28.1554,28.2105,1005100,0
2004-08-30,28.0135,28.2736,27.9978,28.1396,1004400,0
2004-08-31,28.1711,28.4075,27.8559,28.1475,1191100,0
2004-09-01,28.1475,28.4075,28.0372,28.375999999999998,1205100,0
2004-09-02,28.3524,28.9985,28.3445,28.9591,1367000,0
2004-09-03,28.9591,29.3689,28.9118,29.1167,1482500,0
2004-09-07,29.1955,29.4398,28.904,29.0931,1483600,0
2004-09-08,28.9118,29.4241,28.8724,29.1798,2041400,0
2004-09-09,29.1798,29.3216,28.7779,28.8252,2068300,0
2004-09-10,28.8252,29.3768,28.7542,29.3374,1163400,0
2004-09-13,29.3768,30.015,29.3058,29.3295,2099600,0
2004-09-14,29.4792,30.5194,29.4792,30.2987,2503100,0
2004-09-15,30.2987,30.2987,29.7235,30.1254,1488300,0
2004-09-16,30.0702,30.2199,29.9599,30.1096,782100,0
2004-09-17,30.2436,30.3618,29.9678,30.1727,1574000,0
2004-09-20,30.1569,30.2278,29.8102,29.9993,862600,0
2004-09-21,29.9363,30.3145,29.6999,30.2278,1247400,0
2004-09-22,29.9441,30.0466,29.6605,29.7392,1647500,0
2004-09-23,29.7944,29.818,29.3295,29.3925,1272000,0
2004-09-24,29.3295,29.7156,29.2586,29.3925,905500,0
2004-09-27,29.3925,29.4162,29.0222,29.0852,1035600,0
2004-09-28,29.0931,29.2428,28.9512,29.0379,1429500,0
2004-09-29,28.9434,29.6132,28.8409,29.6132,1727300,0
2004-09-30,29.4083,29.5816,29.1325,29.2507,1875500,0
2004-10-01,29.2349,30.3775,29.2034,29.7708,1734900,0
2004-10-04,30.0072,30.5036,29.818,30.4169,1991300,0
2004-10-05,30.2908,30.9213,30.283,30.874000000000002,2008500,0
2004-10-06,30.8346,30.9922,30.4091,30.9843,1217900,0
2004-10-07,30.7794,30.7952,30.283,30.3066,1331300,0
2004-10-08,30.1569,30.1569,29.3768,29.4871,2025200,0
2004-10-11,29.6053,29.889,29.5974,29.7865,977200,0
2004-10-12,29.7944,29.8259,29.3925,29.6053,1170900,0
2004-10-13,29.7314,29.7944,29.0222,29.1798,1800900,0
2004-10-14,29.1246,29.2349,28.7936,28.8488,1325600,0
2004-10-15,28.8567,29.2034,28.7858,28.9118,1158600,0
2004-10-18,28.77,29.3768,28.5415,29.3452,1163500,0
2004-10-19,29.3374,29.3531,28.8803,28.9197,1179200,0
2004-10-20,28.8094,28.833000000000002,28.3366,28.6597,1047300,0
2004-10-21,28.5966,28.8646,28.4548,28.7621,1108600,0
2004-10-22,28.6439,28.7858,28.1632,28.3445,1585200,0
2004-10-25,29.0537,30.4721,29.0222,30.2987,5136600,0
2004-10-26,29.5895,30.1569,29.5895,30.1411,3010400,0
2004-10-27,30.1175,30.7243,29.9441,30.6218,2212100,0
2004-10-28,30.4327,30.8267,30.2908,30.6691,1236600,0
2004-10-29,30.5588,30.7636,30.4169,30.7085,1241400,0
2004-11-01,30.6139,31.3704,30.4406,31.0237,3242000,0
2004-11-02,31.0001,31.4965,30.9213,31.3231,2438000,0
2004-11-03,31.4965,31.6068,31.0473,31.2365,1826800,0
2004-11-04,31.1419,31.6856,31.0552,31.6777,1523500,0
2004-11-05,31.8432,32.2451,31.1655,31.5832,3232900,0
2004-11-08,31.6304,31.8669,31.5044,31.8275,1942900,0
2004-11-09,31.8353,31.8511,31.6777,31.7881,1450800,0
2004-11-10,31.7959,32.0323,31.6068,31.8275,1266900,0
2004-11-11,31.8275,32.1584,31.7171,32.0402,1115500,0
2004-11-12,31.8905,32.1348,31.6856,32.1111,1298800,0
2004-11-15,32.1033,32.1111,31.6462,32.0323,1325500,0
2004-11-16,31.9378,31.9851,31.5359,31.6147,1162400,0
2004-11-17,31.7644,32.1111,31.6856,32.0796,1257400,0
2004-11-18,32.0245,32.2057,31.9535,32.1663,1568900,0
2004-11-19,32.2609,32.2766,31.8038,31.8432,1332900,0
2004-11-22,31.8432,32.1742,31.7093,32.1427,1439900,0
2004-11-23,31.7802,32.056,31.6777,31.9063,1062000,0
2004-11-24,31.9063,32.2215,31.8511,32.1269,903200,0
2004-11-26,31.8905,32.1821,31.7329,32.056,491900,0
2004-11-29,32.0875,32.1111,31.8275,31.9929,1079000,0
2004-11-30,31.9929,32.3081,31.9378,32.2293,1625000,0
2004-12-01,32.2372,32.7809,32.2057,32.7258,1255200,0
2004-12-02,32.3791,32.7337,32.316,32.5839,1377900,0
2004-12-03,32.2451,32.6627,31.9614,32.5524,1963400,0
2004-12-06,32.5524,32.5839,32.3081,32.4185,1219500,0
2004-12-07,32.4027,32.5445,32.0796,32.0796,1036600,0
2004-12-08,32.1269,32.1742,31.6856,31.9772,1181100,0
2004-12-09,31.6777,31.9929,31.3941,31.7959,1914600,0
2004-12-10,31.6777,31.8905,31.4965,31.7014,1022600,0
2004-12-13,31.921999999999997,31.9772,31.662,31.921999999999997,827300,0
2004-12-14,31.8275,31.9141,31.5123,31.6383,1501800,0
2004-12-15,31.5438,31.7014,31.1813,31.3074,1685100,0
2004-12-16,31.0946,31.4729,31.0867,31.268,1466100,0
2004-12-17,30.9685,31.4729,30.9685,31.1025,2895500,0
2004-12-20,31.2758,31.5516,31.2286,31.4729,1949900,0
2004-12-21,31.4177,31.7093,31.3152,31.5201,1328900,0
2004-12-22,31.528000000000002,31.921999999999997,31.4492,31.662,1494800,0
2004-12-23,31.6699,32.0008,31.5516,31.9614,1492100,0
2004-12-27,31.8905,31.9299,31.4729,31.4965,1175700,0
2004-12-28,31.465,31.7723,31.3546,31.6777,1337200,0
2004-12-29,31.528000000000002,31.7802,31.4886,31.5753,728300,0
2004-12-30,31.5359,31.5674,31.2207,31.3546,1266000,0
2004-12-31,31.4729,31.5438,31.2837,31.3941,1017400,0
2005-01-03,31.3546,31.6383,30.9607,31.0394,1327400,0
2005-01-04,31.0552,31.1419,30.4642,30.543000000000003,1568800,0
2005-01-05,30.5745,30.7636,30.2751,30.4169,2045200,0
2005-01-06,30.3302,30.3933,30.0308,30.2121,1938800,0
2005-01-07,30.2751,30.4248,29.7392,30.1569,1488400,0
2005-01-10,30.086,30.4012,29.9914,30.1727,1666000,0
2005-01-11,30.1727,30.283,30.0466,30.2278,1711600,0
2005-01-12,30.1569,30.2436,29.7077,29.951999999999998,2320700,0
2005-01-13,29.8023,29.9599,29.3768,29.3768,1525500,0
2005-01-14,29.5265,30.015,29.5265,30.015,2621500,0
2005-01-18,30.2278,31.2916,30.2278,31.2443,3795400,0
2005-01-19,31.2128,31.4729,30.9922,31.0867,3293800,0
2005-01-20,31.0867,31.0867,30.5745,30.7873,3451700,0
2005-01-21,30.7873,31.2837,30.2278,30.3145,3778700,0
2005-01-24,30.543000000000003,30.9922,30.4406,30.6139,2547900,0
2005-01-25,30.6691,30.9922,30.6218,30.8819,2036700,0
2005-01-26,30.8503,31.0552,30.7873,30.8503,1959700,0
2005-01-27,30.8503,30.8819,30.3302,30.5509,1680800,0
2005-01-28,30.677,30.7558,30.2278,30.5745,1270100,0
2005-01-31,30.6139,30.8424,30.5509,30.7794,1680500,0
2005-02-01,30.7164,31.1971,30.543000000000003,31.1261,1932800,0
2005-02-02,31.0158,31.1971,30.6849,30.9055,1713700,0
2005-02-03,30.7558,31.2207,30.6612,31.2207,1833300,0
2005-02-04,31.2128,31.2522,30.7873,31.2522,2024200,0
2005-02-07,30.8582,31.1734,30.8267,30.9449,1363200,0
2005-02-08,30.8267,31.1261,30.7085,30.9843,1561900,0
2005-02-09,30.8582,30.9843,30.2672,30.3302,2516300,0
2005-02-10,30.4879,30.4957,30.0938,30.0938,1721900,0
2005-02-11,30.0229,30.4563,30.0229,30.3933,1747800,0
2005-02-14,30.5036,30.5036,30.1175,30.1175,1556200,0
2005-02-15,30.0466,30.2987,29.9678,30.0466,1697600,0
2005-02-16,29.9047,30.0938,29.691999999999997,29.8811,1999300,0
2005-02-17,29.8811,30.2199,29.8811,29.9993,1655300,0
2005-02-18,30.0466,30.0702,29.6999,29.6999,1915900,0
2005-02-22,29.6605,29.8653,29.5265,29.5265,1488400,0
2005-02-23,29.5659,30.1963,29.1088,29.6762,2117700,0
2005-02-24,29.6762,30.2357,29.6683,30.1727,1762400,0
2005-02-25,30.2278,30.5351,30.1175,30.4327,2196700,0
2005-02-28,30.2908,30.48,30.2278,30.4091,2764800,0
2005-03-01,30.4012,30.6927,30.2593,30.4327,1631200,0
2005-03-02,30.2908,30.4012,30.2042,30.3539,1783500,0
2005-03-03,30.346,30.3618,30.0938,30.2121,1539600,0
2005-03-04,30.4327,30.5745,30.1569,30.3381,3044800,0
2005-03-07,30.2908,30.7873,30.2908,30.6927,1751700,0
2005-03-08,30.5745,30.8424,30.5588,30.7085,2181400,0
2005-03-09,30.5036,30.7085,30.3933,30.6218,2807200,0
2005-03-10,30.4563,30.7794,30.3854,30.7794,1505900,0
2005-03-11,30.6849,31.0001,30.6849,30.7952,2349200,0
2005-03-14,30.7794,31.0788,30.7085,31.0788,1346400,0
2005-03-15,31.1419,31.4886,31.1261,31.3074,2911200,0
2005-03-16,31.1104,31.465,30.9213,31.4335,2656400,0
2005-03-17,31.4098,31.7408,31.3231,31.6147,2840800,0
2005-03-18,31.6383,31.8353,31.5438,31.6935,3997700,0
2005-03-21,31.6383,31.8511,31.5989,31.7802,2276100,0
2005-03-22,31.6856,32.1899,31.662,31.8275,2520800,0
2005-03-23,31.6777,32.1033,31.6068,31.9929,2826600,0
2005-03-24,32.0323,32.2057,31.8196,31.9614,1752200,0
2005-03-28,32.0245,32.1978,32.0166,32.0796,1441000,0
2005-03-29,32.0402,32.0402,31.7487,31.8196,2634800,0
2005-03-30,31.8196,31.921999999999997,31.7565,31.8432,2676500,0
2005-03-31,31.8511,31.8984,31.7487,31.8196,1978600,0
2005-04-01,31.8196,31.8511,31.5123,31.7329,2094100,0
2005-04-04,31.7487,31.8353,31.6068,31.7644,2064400,0
2005-04-05,31.8511,32.0796,31.7802,31.9693,1484100,0
2005-04-06,32.0796,32.2293,31.9851,32.0323,1239200,0
2005-04-07,32.1033,32.1899,32.0087,32.1821,1225300,0
2005-04-08,32.0481,32.2451,31.9929,32.0166,1285100,0
2005-04-11,31.331,31.6541,31.1419,31.6147,1937700,0
2005-04-12,31.4965,31.8275,31.2601,31.7723,1632100,0
2005-04-13,31.7487,31.9693,31.6383,31.725,1993600,0
2005-04-14,31.7487,31.8196,31.4729,31.5123,1674000,0
2005-04-15,31.3152,31.5044,30.6849,30.7636,2395000,0
2005-04-18,30.5272,30.8424,30.4485,30.6927,2125400,0
2005-04-19,30.6455,30.6533,30.3618,30.543000000000003,1649700,0
2005-04-20,30.4721,30.6927,30.2593,30.2987,1493300,0
2005-04-21,31.3231,31.8353,30.8582,31.4256,2472300,0
2005-04-22,31.6068,31.6068,31.1261,31.3862,2004100,0
2005-04-25,31.4019,31.7093,31.268,31.5201,1959000,0
2005-04-26,31.528000000000002,31.5359,30.8897,30.8897,1715400,0
2005-04-27,30.7636,31.1498,30.7085,31.0631,1540800,0
2005-04-28,30.8897,31.0316,30.5588,30.6455,1496300,0
2005-04-29,30.7164,30.7794,30.3775,30.7479,1939000,0
2005-05-02,30.7479,31.1419,30.7479,31.0158,1500100,0
2005-05-03,31.0237,31.5438,31.0237,31.2837,1862900,0
2005-05-04,31.4807,31.5359,31.1892,31.3389,1370900,0
2005-05-05,31.1655,31.3389,30.874000000000002,31.2207,1230900,0
2005-05-06,31.3546,31.4965,31.1261,31.1577,1156900,0
2005-05-09,31.0788,31.134,30.7873,31.1025,1151300,0
2005-05-10,30.8188,30.874000000000002,30.5115,30.6218,1943900,0
2005-05-11,30.7873,31.1419,30.6376,31.0788,1727100,0
2005-05-12,31.1261,31.134,30.9134,31.1104,1333300,0
2005-05-13,31.1104,31.2128,30.874000000000002,31.134,1560800,0
2005-05-16,31.2049,31.268,31.0473,31.1419,1025400,0
2005-05-17,31.1498,31.1734,30.8503,31.134,1247300,0
2005-05-18,31.1419,31.3231,30.9607,31.3231,1824000,0
2005-05-19,31.268,31.5201,31.1577,31.4886,1199900,0
2005-05-20,31.4965,31.6856,31.3389,31.6383,1110200,0
2005-05-23,31.5832,31.6935,31.4335,31.5359,1510400,0
2005-05-24,31.3941,31.5832,31.1892,31.5359,1366900,0
2005-05-25,31.3231,31.4335,31.1577,31.2837,1267200,0
2005-05-26,31.4098,31.5989,31.2522,31.4019,1274800,0
2005-05-27,31.4571,31.5989,31.2601,31.5123,1135100,0
2005-05-31,31.4019,31.4019,30.9764,31.0001,2223900,0
2005-06-01,31.070999999999998,31.2522,30.9922,31.1655,1560800,0
2005-06-02,31.0001,31.3941,31.0001,31.2837,1434900,0
2005-06-03,31.1577,31.268,30.7952,30.8976,1589600,0
2005-06-06,30.7952,31.0316,30.6927,30.9922,1890700,0
2005-06-07,30.8661,31.2522,30.7873,30.936999999999998,1240300,0
2005-06-08,30.9291,30.9449,30.4012,30.4879,2263100,0
2005-06-09,30.3539,30.677,30.3539,30.5666,1853500,0
2005-06-10,30.543000000000003,30.7085,30.1963,30.3775,1907700,0
2005-06-13,30.3854,30.6376,30.2278,30.3618,1433800,0
2005-06-14,30.3697,30.3775,30.1333,30.2593,1367000,0
2005-06-15,30.4327,30.5903,30.0387,30.1175,1958000,0
2005-06-16,30.2042,30.3854,30.1175,30.2908,1990400,0
2005-06-17,30.4327,30.4327,30.1096,30.2751,2378300,0
2005-06-20,30.1805,30.283,30.0781,30.1017,1755300,0
2005-06-21,30.1017,30.2042,29.8023,29.9047,2328700,0
2005-06-22,29.9126,30.0308,29.7156,29.7156,2205500,0
2005-06-23,29.7865,29.7865,29.1482,29.1798,3706200,0
2005-06-24,29.164,29.2507,28.6912,28.8015,3923800,0
2005-06-27,28.8094,29.1561,28.573,29.1088,2425900,0
2005-06-28,29.6526,30.2908,29.5895,29.9993,2815700,0
2005-06-29,30.2908,30.2908,29.7314,29.8338,1578600,0
2005-06-30,29.7629,30.0466,29.6683,29.7077,1996300,0
2005-07-01,29.8023,30.1096,29.7629,29.9284,1198500,0
2005-07-05,29.8102,29.9757,29.7314,29.8575,2395900,0
2005-07-06,29.8575,29.9363,29.5659,29.6447,1842100,0
2005-07-07,29.5186,29.7314,29.1719,29.5501,1691100,0
2005-07-08,29.5501,29.7629,29.3216,29.7077,2630500,0
2005-07-11,29.8102,30.0072,29.5659,29.9993,2477500,0
2005-07-12,30.1175,30.1175,29.7235,30.0308,1419400,0
2005-07-13,29.9599,30.0623,29.7786,29.8653,1577100,0
2005-07-14,30.0387,30.1096,29.8732,30.0623,1085200,0
2005-07-15,30.0623,30.3224,30.015,30.3224,1447400,0
2005-07-18,30.3224,30.3224,30.0702,30.2278,1250900,0
2005-07-19,30.346,30.7085,30.2278,30.6533,1787800,0
2005-07-20,30.4169,30.7558,30.2751,30.677,1363100,0
2005-07-21,30.6297,31.1892,30.5903,30.9607,2271000,0
2005-07-22,30.9607,31.1261,30.7243,31.1025,1831200,0
2005-07-25,31.2207,31.6462,30.9449,31.0001,2452300,0
2005-07-26,30.9843,31.3941,30.3539,31.0316,2795800,0
2005-07-27,30.9685,31.1734,30.874000000000002,31.1734,2253400,0
2005-07-28,31.1813,31.8984,31.1655,31.7565,2932400,0
2005-07-29,31.6068,31.7881,31.4335,31.4335,1609300,0
2005-08-01,30.7636,31.465,30.7636,31.4019,1604100,0
2005-08-02,31.4256,31.6383,31.3389,31.4019,1320100,0
2005-08-03,31.2522,31.4492,31.1261,31.4098,1567700,0
2005-08-04,31.3704,31.3783,31.070999999999998,31.134,1414200,0
2005-08-05,31.134,31.3941,31.070999999999998,31.134,1059700,0
2005-08-08,31.1734,31.3468,31.1261,31.1419,1020500,0
2005-08-09,31.1971,31.3389,31.1261,31.1971,1011700,0
2005-08-10,31.3231,31.8275,31.2837,31.4019,1685000,0
2005-08-11,31.4256,31.6777,31.2601,31.5044,981100,0
2005-08-12,31.5044,31.6777,31.3546,31.5123,952800,0
2005-08-15,31.4413,31.6147,31.2207,31.5438,921300,0
2005-08-16,31.4413,31.5595,31.2207,31.2207,1106200,0
2005-08-17,31.134,31.2758,31.0788,31.2128,1644600,0
2005-08-18,31.134,31.3468,30.9685,31.2049,1102600,0
2005-08-19,31.3783,31.4098,31.1104,31.134,1215600,0
2005-08-22,31.1419,31.4729,31.0079,31.1892,935700,0
2005-08-23,31.1498,31.2522,31.0552,31.134,1337800,0
2005-08-24,31.0946,31.2837,30.9528,30.9685,1794500,0
2005-08-25,31.0001,31.0946,30.8819,30.9528,1223400,0
2005-08-26,30.9528,30.9528,30.6455,30.7085,1635900,0
2005-08-29,30.605999999999998,30.8976,30.605999999999998,30.8267,1030800,0
2005-08-30,30.7006,30.7006,30.4406,30.5745,1931000,0
2005-08-31,30.605999999999998,30.605999999999998,29.8969,30.2593,2508000,0
2005-09-01,30.2436,30.283,29.8102,29.8969,1812200,0
2005-09-02,30.0072,30.2121,29.8732,30.0623,1424900,0
2005-09-06,30.1727,30.4327,30.1648,30.2987,1618300,0
2005-09-07,29.9757,30.1569,29.8969,30.0229,1110000,0
2005-09-08,30.1569,30.1569,29.8102,29.9757,1214500,0
2005-09-09,30.015,30.2357,29.8969,30.2121,1010600,0
2005-09-12,30.1254,30.2908,29.8496,29.8575,1534800,0
2005-09-13,29.8653,29.8732,29.3452,29.4556,2755600,0
2005-09-14,29.5265,29.6683,29.3846,29.5659,1562600,0
2005-09-15,29.6211,29.691999999999997,29.3768,29.5186,1563000,0
2005-09-16,29.6368,29.7944,29.3925,29.5186,3492100,0
2005-09-19,29.7314,29.9047,29.3768,29.5265,1947100,0
2005-09-20,29.5344,30.1096,29.5344,29.9757,3036500,0
2005-09-21,29.9757,30.2278,29.9363,30.015,2391100,0
2005-09-22,29.9757,30.086,29.7392,29.9441,1497600,0
2005-09-23,29.9205,29.9757,29.5501,29.7786,1323400,0
2005-09-26,29.9441,30.1727,29.6526,29.6999,1600200,0
2005-09-27,29.8417,29.9678,29.6289,29.8732,1394800,0
2005-09-28,30.4327,31.0001,30.1569,30.5272,2693700,0
2005-09-29,30.48,30.48,30.086,30.4091,2019900,0
2005-09-30,30.346,30.5272,30.086,30.4642,1483700,0
2005-10-03,30.3775,30.5194,30.2908,30.4406,2060200,0
2005-10-04,30.5036,30.8661,30.3775,30.5272,2313700,0
2005-10-05,30.4721,30.7794,30.4327,30.4642,2045000,0
2005-10-06,30.5036,30.7873,30.3618,30.5588,2191000,0
2005-10-07,30.6139,30.6376,30.4091,30.543000000000003,1421800,0
2005-10-10,30.4879,30.6218,30.3775,30.4485,1117100,0
2005-10-11,30.4406,30.4879,30.1017,30.2121,1955800,0
2005-10-12,30.1175,30.3381,29.8732,30.0466,1668500,0
2005-10-13,29.8732,30.3697,29.8653,30.283,2412700,0
2005-10-14,30.2593,30.5272,30.2121,30.5115,1970700,0
2005-10-17,30.086,30.4012,29.9363,30.015,1830200,0
2005-10-18,29.9363,30.2751,29.9205,30.1963,1213600,0
2005-10-19,30.0387,30.5745,30.0308,30.5745,1884000,0
2005-10-20,30.5745,30.7794,30.3302,30.3381,2537500,0
2005-10-21,30.3381,30.3618,30.015,30.2199,2808700,0
2005-10-24,30.5036,31.1419,30.5036,30.8503,3369800,0
2005-10-25,30.874000000000002,30.9922,30.5036,30.8267,3666200,0
2005-10-26,31.465,32.71,31.2837,32.5524,6711100,0
2005-10-27,32.2057,33.4113,31.8905,33.0173,4847100,0
2005-10-28,33.2695,33.3719,33.0804,33.1513,3512800,0
2005-10-31,33.1513,33.1907,32.6943,33.0252,2475200,0
2005-11-01,32.9858,33.1986,32.7337,32.7415,2370500,0
2005-11-02,32.8046,33.0489,32.6627,32.9779,2137600,0
2005-11-03,32.9464,33.0725,32.844,32.907,1706100,0
2005-11-04,33.1592,33.1592,32.7731,32.9622,1981700,0
2005-11-07,33.0331,33.0883,32.8597,32.9937,1158100,0
2005-11-08,33.0567,33.0567,32.7258,32.8203,1533000,0
2005-11-09,32.844,33.0883,32.8203,32.907,1802900,0
2005-11-10,32.9543,33.8999,32.9543,33.8999,2956000,0
2005-11-11,33.7738,33.7896,33.4507,33.5689,1179300,0
2005-11-14,33.3719,33.7896,33.3483,33.632,1277000,0
2005-11-15,33.5138,33.6556,33.2537,33.4901,1739800,0
2005-11-16,33.4586,33.7029,33.4113,33.6556,1255700,0
2005-11-17,33.6556,33.9629,33.5611,33.9393,1514000,0
2005-11-18,34.0102,34.0496,33.632,33.7659,2337500,0
2005-11-21,33.8369,33.8369,32.9937,33.5689,1416100,0
2005-11-22,33.4429,33.5611,33.104,33.2301,1397900,0
2005-11-23,33.1592,33.3798,33.0883,33.0883,1303700,0
2005-11-25,33.1986,33.4192,33.104,33.2853,442900,0
2005-11-28,33.2301,33.2931,32.7573,32.7888,2377500,0
2005-11-29,32.9149,33.2459,32.9149,33.0095,2314800,0
2005-11-30,33.1355,33.5532,33.0883,33.2695,1878600,0
2005-12-01,33.3877,33.7344,33.3168,33.6477,1395200,0
2005-12-02,33.4823,33.8369,33.3641,33.4901,1120200,0
2005-12-05,33.4823,33.6241,33.1434,33.1749,1511000,0
2005-12-06,33.3562,33.6083,33.1592,33.2695,1607100,0
2005-12-07,33.2143,33.4271,33.0173,33.1434,1069100,0
2005-12-08,33.1749,33.1749,32.647,32.8676,1887200,0
2005-12-09,32.9464,33.1277,32.9307,33.0252,1336700,0
2005-12-12,32.9937,33.1592,32.7415,32.7415,1392600,0
2005-12-13,32.6864,33.0883,32.45,32.9385,1825100,0
2005-12-14,33.0173,33.3562,32.9149,33.2143,1108700,0
2005-12-15,33.1671,33.2695,32.8755,33.0961,1085800,0
2005-12-16,33.2616,33.2695,32.8125,32.9858,1966600,0
2005-12-19,32.7258,33.0489,32.4263,32.8203,1246900,0
2005-12-20,32.8755,33.0883,32.5839,32.8676,1334200,0
2005-12-21,32.8597,33.1434,32.647,32.844,1156900,0
2005-12-22,32.7731,32.9937,32.5209,32.9622,1969700,0
2005-12-23,32.9858,33.1277,32.7494,32.9149,1087400,0
2005-12-27,33.0567,33.3404,32.9701,33.0016,1434300,0
2005-12-28,33.1277,33.2065,33.0016,33.0095,1285600,0
2005-12-29,33.0883,33.238,32.8361,32.8519,727700,0
2005-12-30,32.6391,32.71,32.45,32.4894,1061000,0
2006-01-03,33.0567,33.0567,32.4263,32.7967,1919100,0
2006-01-04,32.8676,33.0331,32.7888,32.8991,1132300,0
2006-01-05,32.8282,32.8834,32.6155,32.6233,1904600,0
2006-01-06,32.6233,33.0095,32.5524,32.907,1406600,0
2006-01-09,32.7967,32.9385,32.7258,32.8203,1351800,0
2006-01-10,32.513000000000005,32.7573,32.4657,32.5524,1589800,0
2006-01-11,32.5367,32.7258,32.5051,32.6549,1832500,0
2006-01-12,32.5918,32.6864,32.1111,32.1742,2166300,0
2006-01-13,32.1742,32.4185,32.1584,32.3791,1545500,0
2006-01-17,32.1269,32.2766,32.0639,32.0875,2177200,0
2006-01-18,31.9929,32.2924,31.6856,32.1742,1778600,0
2006-01-19,32.1505,32.5209,32.0402,32.4657,2239800,0
2006-01-20,32.5051,32.5051,31.9457,32.0717,2463900,0
2006-01-23,32.1348,32.253,32.0323,32.1269,2097600,0
2006-01-24,32.1033,32.6549,31.9929,32.5997,3067100,0
2006-01-25,32.7021,32.7573,31.7329,32.0875,3733700,0
2006-01-26,32.4421,32.5603,31.7487,31.7802,2359900,0
2006-01-27,31.7093,31.8275,31.4098,31.6856,4629400,0
2006-01-30,31.6777,31.8511,31.4729,31.7881,1343300,0
2006-01-31,31.7565,31.7959,31.1025,31.1025,2887400,0
2006-02-01,31.0552,31.3152,30.9843,31.268,2964200,0
2006-02-02,31.2837,31.3941,31.0079,31.2365,1716500,0
2006-02-03,31.0631,31.1813,30.9685,31.1419,2549600,0
2006-02-06,30.6139,31.2601,30.6139,31.1892,2096500,0
2006-02-07,31.3231,31.7723,31.2601,31.3862,2779400,0
2006-02-08,31.5674,31.9929,31.4571,31.9535,3342400,0
2006-02-09,31.9929,32.4185,31.8984,32.3003,3972900,0
2006-02-10,32.2766,32.4027,31.9693,32.3475,2527000,0
2006-02-13,31.7881,32.3318,31.7881,32.1427,1824500,0
2006-02-14,32.1269,32.2845,31.9614,32.2687,2010400,0
2006-02-15,32.1427,32.2687,31.725,31.8669,2411400,0
2006-02-16,31.7487,31.9851,31.6935,31.8196,2794100,0
2006-02-17,31.8196,31.8432,31.6068,31.7408,2042900,0
2006-02-21,31.7408,31.8038,31.4256,31.4729,2215100,0
2006-02-22,31.590999999999998,31.7329,31.5201,31.5989,1663000,0
2006-02-23,31.4807,31.9929,31.4807,31.7329,2514900,0
2006-02-24,31.6856,31.9693,31.4965,31.7723,1571500,0
2006-02-27,31.9063,32.8519,31.9063,32.7415,3763100,0
2006-02-28,32.5524,32.8676,32.4342,32.6943,2765000,0
2006-03-01,32.5524,32.8519,32.4185,32.7179,1745400,0
2006-03-02,32.6627,32.6864,32.4027,32.6076,1323100,0
2006-03-03,32.3475,32.9701,32.316,32.7573,1831300,0
2006-03-06,32.6549,32.8125,32.4342,32.5682,1377100,0
2006-03-07,32.3081,32.4973,32.2057,32.4185,2760900,0
2006-03-08,32.3791,32.8755,32.3081,32.8125,1480100,0
2006-03-09,33.2695,33.4429,33.0961,33.2853,2510400,0
2006-03-10,33.1434,33.8684,32.9464,33.7581,2947100,0
2006-03-13,33.7581,33.8447,33.5689,33.6714,1424700,0
2006-03-14,33.5611,33.9393,33.301,33.632,1712900,0
2006-03-15,33.4901,33.6241,33.0883,33.238,2407400,0
2006-03-16,33.1592,33.3404,33.0252,33.238,2498400,0
2006-03-17,33.4192,33.5532,33.3089,33.3798,2526100,0
2006-03-20,33.3089,33.435,32.9464,33.1828,1437800,0
2006-03-21,33.3562,33.4271,33.0646,33.104,1917800,0
2006-03-22,32.9858,33.1277,32.7967,33.0331,1230700,0
2006-03-23,32.8676,33.2222,32.6785,33.1828,1306800,0
2006-03-24,33.0095,33.1513,32.7021,33.0883,1902500,0
2006-03-27,33.1986,33.2695,33.0646,33.0725,1823600,0
2006-03-28,33.0804,33.0804,32.5288,32.5918,1915400,0
2006-03-29,32.5603,32.9701,32.3633,32.7809,1984900,0
2006-03-30,32.6785,33.0489,32.6549,32.6785,2087800,0
2006-03-31,32.5682,32.5918,32.2136,32.3318,2256100,0
2006-04-03,32.5209,33.0567,32.4421,32.6549,1890300,0
2006-04-04,32.5761,32.9149,32.4421,32.7652,1513000,0
2006-04-05,32.7021,32.8834,32.5918,32.7494,1517500,0
2006-04-06,32.5682,33.2143,32.5209,33.1119,1968800,0
2006-04-07,33.0725,33.1592,32.8361,32.8834,2281800,0
2006-04-10,32.8203,32.8519,32.6076,32.6549,2059000,0
2006-04-11,32.5839,32.7337,32.2687,32.5288,3372800,0
2006-04-12,32.5367,32.5761,32.2451,32.5603,1853000,0
2006-04-13,32.3791,32.7494,32.2924,32.6233,1089400,0
2006-04-17,32.0087,32.6312,32.0087,32.3081,1927900,0
2006-04-18,32.3239,33.0252,32.316,32.9937,2079400,0
2006-04-19,32.844,33.0095,32.4421,32.6943,2037700,0
2006-04-20,32.6943,33.0804,32.6706,32.8755,1673600,0
2006-04-21,32.8282,32.844,32.0481,32.3554,2434800,0
2006-04-24,32.2687,32.3239,32.0166,32.0402,1815900,0
2006-04-25,31.9457,32.3081,31.921999999999997,31.9614,1705000,0
2006-04-26,32.2057,32.3791,31.9457,32.1348,1444800,0
2006-04-27,32.1348,32.7258,31.9378,32.6391,2196200,0
2006-04-28,31.8905,31.8905,30.7873,31.1971,7699300,0
2006-05-01,31.6147,31.8432,31.3783,31.4177,3336600,0
2006-05-02,31.3783,31.6462,31.1971,31.4886,2414000,0
2006-05-03,31.3546,31.4729,31.1025,31.1655,2346600,0
2006-05-04,31.1655,31.6383,31.1577,31.2128,2496300,0
2006-05-05,31.3546,31.5516,31.1971,31.4807,1818000,0
2006-05-08,31.4098,31.4413,30.8582,31.0473,2969800,0
2006-05-09,31.0473,31.2758,30.8661,30.9685,2395800,0
2006-05-10,30.8267,31.3783,30.8267,31.268,3094000,0
2006-05-11,31.1419,31.2128,30.9922,31.070999999999998,2276300,0
2006-05-12,31.0001,31.3468,31.0001,31.1419,2075200,0
2006-05-15,31.1419,31.2995,30.9764,31.2522,2305900,0
2006-05-16,31.1419,31.2049,31.0158,31.0631,1767200,0
2006-05-17,31.4177,31.4256,31.0631,31.2128,3669800,0
2006-05-18,30.6533,31.6777,30.6533,31.4729,2578300,0
2006-05-19,31.725,32.1505,31.5989,32.1427,4643800,0
2006-05-22,32.1033,32.4106,31.9141,31.9378,3518000,0
2006-05-23,31.8984,32.3633,31.8826,32.0481,2385900,0
2006-05-24,31.8196,32.6391,31.7802,32.5839,4055700,0
2006-05-25,32.5839,32.7258,32.2924,32.4579,1826700,0
2006-05-26,32.4263,32.5603,32.2609,32.5445,1272300,0
2006-05-30,32.4185,32.4263,32.0717,32.0954,1576500,0
2006-05-31,32.119,32.4894,31.9535,32.1821,2442200,0
2006-06-01,32.2766,32.6233,32.2451,32.5997,1815100,0
2006-06-02,32.5288,32.5839,32.316,32.3791,1862200,0
2006-06-05,32.6312,32.6312,32.119,32.1348,1882600,0
2006-06-06,32.1978,32.7652,32.0875,32.3475,2610900,0
2006-06-07,32.2057,32.5918,32.1821,32.2215,2535600,0
2006-06-08,32.0796,32.2766,31.5832,31.8353,3128800,0
2006-06-09,31.6777,31.8117,31.4965,31.5595,2187400,0
2006-06-12,31.7487,31.8905,31.5753,31.6383,2440800,0
2006-06-13,31.5674,31.8196,31.2365,31.268,2779200,0
2006-06-14,31.1813,31.5516,31.1419,31.5044,1915000,0
2006-06-15,31.4807,31.9063,31.3389,31.8275,1775100,0
2006-06-16,31.5674,31.9535,31.5674,31.7802,3135600,0
2006-06-19,31.8511,31.9535,31.3783,31.528000000000002,2004300,0
2006-06-20,31.465,31.590999999999998,31.4335,31.4965,1732900,0
2006-06-21,31.590999999999998,31.8117,31.3704,31.6777,2469600,0
2006-06-22,31.6383,31.7487,31.3152,31.4729,1723900,0
2006-06-23,31.4098,31.5438,31.1813,31.3468,1676500,0
2006-06-26,31.4256,31.5989,31.3783,31.4807,935200,0
2006-06-27,31.4256,31.5753,31.268,31.4492,1542700,0
2006-06-28,31.4571,31.8275,31.4571,31.7723,1722400,0
2006-06-29,31.8511,32.1505,31.7565,32.1505,1703700,0
2006-06-30,32.1505,32.45,32.0245,32.1033,2313600,0
2006-07-03,32.1033,32.2609,32.0323,32.1899,544600,0
2006-07-05,32.0639,32.2293,31.921999999999997,32.1033,1434200,0
2006-07-06,32.056,32.5603,31.9457,32.1427,1087100,0
2006-07-07,31.9929,32.0087,30.9922,31.1498,3526500,0
2006-07-10,31.268,31.5832,31.2522,31.4177,1633300,0
2006-07-11,31.2601,31.3389,31.0552,31.1577,1305000,0
2006-07-12,31.1104,31.1971,30.8188,30.9055,1131200,0
2006-07-13,30.9134,30.9213,30.3618,30.3854,2394900,0
2006-07-14,30.2121,30.5194,30.086,30.4563,1698500,0
2006-07-17,30.5272,30.8503,30.4642,30.6849,1928700,0
2006-07-18,30.6849,30.8503,30.4406,30.7085,1295200,0
2006-07-19,30.7164,31.0946,30.6849,30.9291,1719800,0
2006-07-20,30.8267,30.9291,30.5745,30.5824,1314800,0
2006-07-21,30.7085,30.7085,30.2042,30.2278,1434900,0
2006-07-24,30.1963,30.4642,30.1648,30.4327,1049700,0
2006-07-25,30.3302,30.7794,30.2278,30.6297,1692100,0
2006-07-26,30.5036,30.6139,30.1727,30.1727,1390100,0
2006-07-27,30.149,30.7006,30.1333,30.4563,1960100,0
2006-07-28,30.48,31.2365,30.48,31.0788,1663500,0
2006-07-31,30.8267,31.1182,30.7873,30.9764,1256300,0
2006-08-01,30.874000000000002,31.0237,30.4091,30.5036,1817100,0
2006-08-02,31.6147,32.45,30.2042,31.7093,5563000,0
2006-08-03,31.8196,32.4421,31.7408,32.316,2698100,0
2006-08-04,32.45,32.6864,32.3712,32.6391,2514200,0
2006-08-07,32.45,32.5682,32.1505,32.3081,1731600,0
2006-08-08,32.4027,32.4894,31.9614,32.2057,1849400,0
2006-08-09,32.4421,32.6233,32.2845,32.3239,1806300,0
2006-08-10,32.3239,32.6312,32.2057,32.5209,1842000,0
2006-08-11,32.3791,32.6943,32.2766,32.6391,1236100,0
2006-08-14,32.8046,32.9779,32.5997,32.647,1437600,0
2006-08-15,32.8755,33.0725,32.844,32.8755,1927100,0
2006-08-16,33.0095,33.2695,32.9543,33.2459,1281300,0
2006-08-17,33.1434,33.3404,33.0095,33.2853,2680000,0
2006-08-18,33.3404,33.5138,33.1434,33.4665,1233100,0
2006-08-21,33.2616,33.3404,32.9385,33.0804,894800,0
2006-08-22,33.0489,33.3719,33.0489,33.2143,807100,0
2006-08-23,33.1434,33.3562,33.104,33.1828,1148300,0
2006-08-24,33.2695,33.3168,33.0331,33.1355,1267200,0
2006-08-25,32.9779,33.0725,32.6706,32.9858,1394100,0
2006-08-28,32.9149,33.6241,32.9149,33.4507,1487200,0
2006-08-29,33.4507,33.7738,33.4429,33.7029,1698000,0
2006-08-30,33.6556,33.8447,33.4744,33.5611,1347600,0
2006-08-31,33.6635,33.8605,33.3956,33.4113,2231800,0
2006-09-01,33.5611,34.1206,33.4823,33.9787,1778400,0
2006-09-05,33.8053,33.9629,33.695,33.8447,1267000,0
2006-09-06,33.695,33.891999999999996,33.238,33.3798,2291400,0
2006-09-07,33.2695,33.4665,33.1198,33.301,1503600,0
2006-09-08,33.3168,33.7265,33.2459,33.5611,1227100,0
2006-09-11,33.4507,33.7108,33.2695,33.6083,1275200,0
2006-09-12,33.4507,33.8369,33.4507,33.632,1670700,0
2006-09-13,33.435,33.7187,33.2695,33.3877,1844200,0
2006-09-14,33.3404,33.498000000000005,33.2853,33.3798,1207500,0
2006-09-15,33.5374,33.8132,33.435,33.5295,3174500,0
2006-09-18,33.5689,33.9078,33.4823,33.7029,1618100,0
2006-09-19,33.7029,33.9078,32.9937,33.2616,2640700,0
2006-09-20,33.2459,33.8999,33.1671,33.632,2029000,0
2006-09-21,33.5532,33.6556,33.2695,33.3956,1102000,0
2006-09-22,33.3168,33.3719,33.0331,33.1434,861200,0
2006-09-25,33.1986,33.9235,33.1749,33.7581,2167900,0
2006-09-26,33.6556,34.1915,33.4429,34.0339,2214000,0
2006-09-27,33.8211,33.891999999999996,33.2537,33.5453,2642700,0
2006-09-28,33.6635,33.8763,33.5059,33.632,1583900,0
2006-09-29,33.498000000000005,33.7423,33.3641,33.5059,1207900,0
2006-10-02,33.5611,33.5611,33.2143,33.2931,1254000,0
2006-10-03,33.3483,33.8447,33.301,33.7502,1974300,0
2006-10-04,33.695,33.8369,33.6477,33.7659,1669600,0
2006-10-05,33.632,33.8211,33.5532,33.7659,2262300,0
2006-10-06,33.695,33.7659,33.4901,33.6005,1574000,0
2006-10-09,33.6083,33.7659,33.4507,33.632,948700,0
2006-10-10,33.5059,33.5847,33.1671,33.2301,1797500,0
2006-10-11,33.0567,33.2222,32.8676,33.0883,2100600,0
2006-10-12,33.1592,33.301,32.9622,33.1828,1347200,0
2006-10-13,33.0567,33.1119,32.7415,32.907,1660000,0
2006-10-16,32.9701,33.2616,32.9307,33.2301,1260100,0
2006-10-17,33.1277,33.3798,33.0095,33.3325,1134300,0
2006-10-18,33.4429,33.695,33.2774,33.5295,1595300,0
2006-10-19,33.435,33.5847,33.3719,33.5374,910500,0
2006-10-20,33.6714,33.6793,33.4113,33.5611,966100,0
2006-10-23,33.4823,33.9078,33.4113,33.9078,1441500,0
2006-10-24,33.7659,33.8526,33.632,33.8369,1476200,0
2006-10-25,33.829,33.9078,33.498000000000005,33.7029,1261100,0
2006-10-26,33.6793,33.8369,33.5847,33.7029,966200,0
2006-10-27,33.6005,33.9393,33.498000000000005,33.7344,1809800,0
2006-10-30,33.6477,35.0189,33.6241,34.6958,3733000,0
2006-10-31,35.0031,35.3498,34.6564,34.9952,3521700,0
2006-11-01,34.9637,35.0977,34.3018,34.5067,3083200,0
2006-11-02,34.3648,34.4357,33.9472,34.0575,3414200,0
2006-11-03,34.0969,34.1521,33.7975,33.9708,1820100,0
2006-11-06,33.9708,34.1284,33.8526,33.9787,1819700,0
2006-11-07,34.0654,34.3885,34.0339,34.3727,1957100,0
2006-11-08,34.3175,34.6722,34.286,34.4594,1483700,0
2006-11-09,34.3963,34.4751,34.2939,34.3806,1448500,0
2006-11-10,34.3806,34.4673,34.286,34.4436,1024400,0
2006-11-13,34.3333,34.7037,34.3254,34.5224,1629200,0
2006-11-14,34.4751,34.7431,34.2624,34.6879,1923900,0
2006-11-15,34.5697,35.010999999999996,34.5382,34.9716,2552200,0
2006-11-16,34.9795,35.3025,34.9558,35.2316,1851600,0
2006-11-17,35.1056,35.271,34.9716,35.145,2186200,0
2006-11-20,35.0346,35.1686,34.9085,34.9558,1984900,0
2006-11-21,34.876999999999995,34.9558,34.7116,34.8219,1359500,0
2006-11-22,34.814,35.2001,34.7903,35.0583,1566200,0
2006-11-24,34.8061,35.1844,34.7194,34.9558,945300,0
2006-11-27,34.8455,34.8534,34.1442,34.3254,1945600,0
2006-11-28,34.1994,34.7588,34.1678,34.6879,2498700,0
2006-11-29,34.6722,34.6722,34.3333,34.4357,1029300,0
2006-11-30,34.3885,34.5855,34.1284,34.1363,2002800,0
2006-12-01,34.2151,34.2703,33.7029,33.8841,2101100,0
2006-12-04,33.9787,34.4515,33.9787,34.2703,1929400,0
2006-12-05,34.3175,34.3254,33.8841,34.0102,2843400,0
2006-12-06,33.8369,33.9708,33.632,33.7975,2010600,0
2006-12-07,33.7975,34.0969,33.6635,33.9708,2984000,0
2006-12-08,33.9078,34.0496,33.8447,33.9314,1996300,0
2006-12-11,34.1442,34.2703,34.0575,34.1442,2230300,0
2006-12-12,34.1442,34.3333,34.0102,34.1127,1876100,0
2006-12-13,34.2624,34.4909,34.223,34.3175,1936100,0
2006-12-14,34.3648,34.8455,34.286,34.6958,1931700,0
2006-12-15,35.0267,35.2316,34.7903,35.1371,3679700,0
2006-12-18,35.0267,35.1922,34.9243,34.9795,1751100,0
2006-12-19,34.6958,35.010999999999996,34.4909,34.8613,1624300,0
2006-12-20,34.7194,35.1292,34.7194,34.9637,1755700,0
2006-12-21,34.9322,35.1056,34.7903,34.9322,1325500,0
2006-12-22,34.8928,35.0267,34.68,34.6879,1295000,0
2006-12-26,34.6091,34.9795,34.6091,34.9322,960900,0
2006-12-27,35.0346,35.1292,34.8691,34.9243,907700,0
2006-12-28,34.8297,35.0583,34.7588,34.8613,942800,0
2006-12-29,34.7431,34.9795,34.7116,34.8613,1200500,0
2007-01-03,34.4673,34.8849,34.1127,34.2624,2626800,0
2007-01-04,34.1915,34.68,34.1915,34.6091,3438500,0
2007-01-05,34.6091,34.6643,34.4121,34.5145,1535000,0
2007-01-08,34.4042,34.6643,34.3018,34.5382,2177300,0
2007-01-09,34.5067,34.7431,34.1678,34.3963,1407700,0
2007-01-10,34.3727,34.4042,34.0733,34.2072,1914700,0
2007-01-11,34.1915,34.4673,34.0811,34.2466,1746000,0
2007-01-12,34.2545,34.5855,34.2072,34.4673,1987300,0
2007-01-16,34.3333,34.42,34.2072,34.3963,2672800,0
2007-01-17,34.4515,34.68,34.3963,34.6722,2001200,0
2007-01-18,34.6485,34.68,34.1048,34.1284,1630800,0
2007-01-19,34.1757,34.1915,33.8605,33.9078,2315400,0
2007-01-22,33.9708,34.0102,33.435,33.4901,2596900,0
2007-01-23,33.4901,33.7423,33.4429,33.5611,3238000,0
2007-01-24,33.6005,33.8526,33.5611,33.7975,3296200,0
2007-01-25,33.6714,33.7975,33.4823,33.6083,3353900,0
2007-01-26,33.5768,33.6241,33.3562,33.3562,3317700,0
2007-01-29,33.301,33.5926,33.2774,33.4744,3832200,0
2007-01-30,37.2647,37.4065,36.9156,37.3198,2333900,0
2007-01-31,33.4271,33.8211,33.2774,33.7738,2277100,0
2007-02-01,34.1915,34.4436,34.0811,34.3254,3388600,0
2007-02-02,34.3254,34.7116,34.2939,34.68,2135200,0
2007-02-05,34.5382,34.814,34.4121,34.7588,2308700,0
2007-02-06,35.0031,35.2316,34.1521,34.5382,3914500,0
2007-02-07,34.6012,34.7431,34.3412,34.5067,2113200,0
2007-02-08,34.3806,34.6958,34.3806,34.6643,2448000,0
2007-02-09,34.6564,34.8534,34.4357,34.5461,1561900,0
2007-02-12,34.6958,34.8613,34.5382,34.7273,1352812,0
2007-02-13,34.9952,35.7202,34.9558,35.665,5031249,0
2007-02-14,35.6414,36.2876,35.6256,36.2482,4067342,0
2007-02-15,36.1694,36.2797,35.9487,36.0827,2301300,0
2007-02-16,35.9014,36.1378,35.8305,36.0669,1888700,0
2007-02-20,35.9566,36.1378,35.7596,35.8778,1801200,0
2007-02-21,35.7123,35.9881,35.6572,35.9645,1728200,0
2007-02-22,35.9251,36.13,35.6414,36.0354,2376000,0
2007-02-23,35.9408,36.2718,35.8226,36.2245,2067300,0
2007-02-26,36.2088,36.453,36.0669,36.2797,2187086,0
2007-02-27,35.8857,36.0984,34.9716,35.3025,3364400,0
2007-02-28,35.3025,35.6572,34.9007,35.2159,3932500,0
2007-03-01,34.8613,35.2238,34.5776,35.2238,4520555,0
2007-03-02,35.2238,35.2238,34.4594,34.4594,3327600,0
2007-03-05,33.9787,34.6091,33.8369,34.3097,2422500,0
2007-03-06,34.483000000000004,34.6406,34.2466,34.5382,2563687,0
2007-03-07,34.2388,34.5067,34.0417,34.0811,2459400,0
2007-03-08,34.3727,34.5382,34.2466,34.4042,1619636,0
2007-03-09,34.5382,34.6012,34.16,34.5224,1978600,0
2007-03-12,34.3727,34.9401,34.3727,34.7431,2432300,0
2007-03-13,34.6249,34.7037,34.0496,34.1206,2793071,0
2007-03-14,34.0339,34.2624,33.6556,34.1994,2896500,0
2007-03-15,34.1363,34.483000000000004,34.1206,34.286,1887908,0
2007-03-16,34.4279,34.4279,33.9866,34.0654,2558700,0
2007-03-19,34.1206,34.3963,34.0496,34.1442,2049800,0
2007-03-20,34.1915,34.3254,34.1206,34.3018,2866900,0
2007-03-21,34.814,35.9329,34.68,35.7754,6295750,0
2007-03-22,34.6722,35.9487,34.6722,35.9408,3088700,0
2007-03-23,35.8857,36.0117,35.6099,35.9251,1862300,0
2007-03-26,35.861999999999995,35.861999999999995,35.2474,35.5232,2130100,0
2007-03-27,35.3971,35.468,34.9243,34.9322,2211000,0
2007-03-28,34.8928,34.9007,34.5382,34.6406,2702600,0
2007-03-29,34.9322,34.9401,34.4594,34.5382,2329000,0
2007-03-30,34.6485,34.6643,33.9078,34.2624,2700700,0
2007-04-02,38.6875,40.5824,38.5121,39.9771,7691459,0
2007-04-03,40.2666,40.9421,40.0648,40.4157,5039654,0
2007-04-04,39.6876,40.328,39.6525,39.9947,3892404,0
2007-04-05,39.8192,40.328,39.749,39.8982,2356900,0
2007-04-09,39.828,39.828,38.9419,39.0911,2888400,0
2007-04-10,39.1262,39.4156,38.9946,39.2402,1972272,0
2007-04-11,39.1174,39.2577,38.5033,38.5823,2913100,0
2007-04-12,39.0296,39.4858,38.7226,39.4332,3394980,0
2007-04-13,39.4332,39.4771,38.9419,39.2314,2072870,0
2007-04-16,39.3104,39.6788,39.1086,39.1612,2099794,0
2007-04-17,39.1262,39.3981,38.9507,39.1349,2837311,0
2007-04-18,39.0472,39.556,39.0384,39.4332,2769394,0
2007-04-19,39.4332,39.4332,38.9331,38.9507,1454995,0
2007-04-20,39.5472,39.5823,39.0209,39.2665,4176615,0
2007-04-23,39.2577,39.4771,39.0472,39.0647,2271933,0
2007-04-24,39.3016,39.4332,39.1525,39.2577,2054600,0
2007-04-25,39.1349,39.6262,39.1349,39.3981,1857500,0
2007-04-26,39.3279,39.5297,39.0121,39.0384,1719639,0
2007-04-27,39.0384,39.8104,38.9244,39.6262,2166800,0
2007-04-30,39.828,40.021,39.2314,39.2665,3187958,0
2007-05-01,40.0473,40.907,39.7227,40.8895,4837010,0
2007-05-02,40.8631,41.0912,40.5737,40.635,3510400,0
2007-05-03,40.6789,40.907,40.5912,40.7491,2027560,0
2007-05-04,40.8017,40.8982,40.6789,40.793,1605900,0
2007-05-07,40.793,41.0211,40.793,40.828,1511672,0
2007-05-08,40.6438,41.5737,40.6438,41.4772,2510200,0
2007-05-09,41.293,42.7317,41.2842,42.6264,6220200,0
2007-05-10,42.2755,42.4071,41.758,41.8194,3562859,0
2007-05-11,42.1264,42.2492,41.8895,42.2141,2031235,0
2007-05-14,42.065,42.1966,41.6702,41.7755,1846790,0
2007-05-15,41.7931,42.2054,41.6351,41.758,2030900,0
2007-05-16,41.8545,42.2229,41.758,42.2229,2242100,0
2007-05-17,43.4248,43.4248,42.1703,42.2405,2476955,0
2007-05-18,42.3633,42.7229,42.2492,42.6615,3109500,0
2007-05-21,42.5563,43.2581,42.5475,42.9072,2603781,0
2007-05-22,42.9072,43.1791,42.5914,43.0563,2553078,0
2007-05-23,42.9949,43.0388,42.5826,42.6703,2007800,0
2007-05-24,42.5299,43.1528,42.4685,42.7405,2138000,0
2007-05-25,42.8107,43.2054,42.7668,43.1879,1674700,0
2007-05-29,43.0651,43.5037,42.9072,43.0388,2137895,0
2007-05-30,42.7756,43.336999999999996,42.7756,43.1967,2109867,0
2007-05-31,43.1353,43.7669,43.0739,43.6002,2347050,0
2007-06-01,43.6002,44.0388,43.5476,43.6792,2593470,0
2007-06-04,43.3984,44.1266,43.3984,43.9599,1912100,0
2007-06-05,43.7055,43.8195,43.3809,43.4072,2706100,0
2007-06-06,43.3458,43.5607,42.9598,43.5125,2109200,0
2007-06-07,43.1967,43.336999999999996,42.3457,42.4071,2521400,0
2007-06-08,42.5124,42.6352,42.1352,42.4685,3174745,0
2007-06-11,42.3808,42.8721,42.1352,42.6615,1539200,0
2007-06-12,42.451,42.7229,42.1089,42.1527,2149773,0
2007-06-13,42.1703,43.1879,42.1089,43.0914,3038393,0
2007-06-14,43.0826,43.1791,42.8633,42.916000000000004,1806000,0
2007-06-15,43.2142,43.5125,43.0739,43.1265,3023600,0
2007-06-18,43.1265,43.1704,42.8633,42.8721,2460800,0
2007-06-19,42.644,42.9686,42.5124,42.8984,1782900,0
2007-06-20,42.916000000000004,42.9774,42.4071,42.4598,2084900,0
2007-06-21,42.5826,42.9291,42.3282,42.8458,1636400,0
2007-06-22,42.5914,42.8633,42.3633,42.4598,2738700,0
2007-06-25,42.2843,42.7931,41.986000000000004,42.2229,2187100,0
2007-06-26,42.3457,42.565,42.1089,42.1703,2444000,0
2007-06-27,41.9948,42.5475,41.8457,42.4159,3866500,0
2007-06-28,42.2843,42.9335,42.1089,42.4685,2112960,0
2007-06-29,42.451,43.0388,42.2755,42.5212,2187700,0
2007-07-02,42.7931,43.03,42.4861,42.7493,1973974,0
2007-07-03,42.8545,43.0651,42.8545,42.8809,1426600,0
2007-07-05,42.8282,43.0651,42.7229,42.836999999999996,1411300,0
2007-07-06,42.7493,43.1528,42.6703,42.9247,2334500,0
2007-07-09,42.8809,43.03,42.6966,42.916000000000004,1971400,0
2007-07-10,42.5475,42.7229,42.0036,42.0825,2352700,0
2007-07-11,41.986000000000004,42.336999999999996,41.9422,42.2668,1815200,0
2007-07-12,42.3282,42.5387,42.2668,42.5036,1964000,0
2007-07-13,42.5826,43.1265,42.451,42.9686,1690000,0
2007-07-16,42.8896,43.3195,42.7405,43.1002,1177500,0
2007-07-17,42.9949,43.0826,42.7756,42.9774,1977400,0
2007-07-18,42.6615,42.8458,41.8106,42.2492,2930725,0
2007-07-19,42.5124,42.836999999999996,42.3019,42.7229,1544119,0
2007-07-20,42.7142,42.8282,41.9948,42.065,2483085,0
2007-07-23,42.2668,42.5212,42.1001,42.2141,1484700,0
2007-07-24,41.5386,42.1089,41.3632,41.4334,2230900,0
2007-07-25,41.4421,41.8632,40.9333,41.1351,2445400,0
2007-07-26,40.714,40.793,40.2578,40.4421,5733267,0
2007-07-27,40.3631,40.4947,39.8631,39.8718,4084300,0
2007-07-30,40.1262,40.4421,39.5736,40.4157,3095900,0
2007-07-31,40.4596,41.6176,40.3543,40.7228,4418300,0
2007-08-01,39.9947,41.4158,39.9683,41.2404,4846150,0
2007-08-02,41.2228,41.8281,41.0912,41.678999999999995,2635700,0
2007-08-03,41.5386,42.1001,41.4246,41.7229,4366400,0
2007-08-06,41.1,42.1878,41.0386,42.1439,4608700,0
2007-08-07,41.9773,42.7668,41.8632,42.5036,4758000,0
2007-08-08,41.8194,43.108999999999995,41.8194,43.0125,3577600,0
2007-08-09,42.5475,42.9423,41.6878,41.7141,3874300,0
2007-08-10,41.4509,42.8984,41.2316,42.4773,3169400,0
2007-08-13,42.7142,42.9861,41.872,42.6352,2623000,0
2007-08-14,42.6352,42.6703,41.872,41.9071,2266975,0
2007-08-15,41.8457,42.3194,41.2316,41.407,2215700,0
2007-08-16,41.2316,41.6702,40.2227,40.8982,4407600,0
2007-08-17,41.8018,41.8018,40.714,41.2667,3823900,0
2007-08-20,41.2316,41.4158,40.6965,41.0825,1802900,0
2007-08-21,40.9246,41.2755,40.7579,40.9509,1426500,0
2007-08-22,41.1614,41.2667,40.7754,41.1965,2030200,0
2007-08-23,41.4597,41.5913,40.8105,41.0649,1807800,0
2007-08-24,40.9772,41.0123,40.5473,40.9246,2451200,0
2007-08-27,40.8017,41.372,40.8017,40.8631,1566400,0
2007-08-28,40.6614,40.8807,40.3543,40.3894,2374900,0
2007-08-29,40.6614,40.7052,40.3543,40.6438,2293900,0
2007-08-30,40.3631,40.8456,39.6788,40.1876,2939200,0
2007-08-31,40.4859,40.6175,40.0648,40.1262,3418200,0
2007-09-04,40.1438,40.6526,40.135,40.3719,2825624,0
2007-09-05,40.1964,40.5649,40.0034,40.4596,2741000,0
2007-09-06,40.2578,40.7052,40.1789,40.4947,2404100,0
2007-09-07,40.0911,40.3105,39.1349,39.2402,4406300,0
2007-09-10,39.2139,39.3455,38.977,38.977,4038900,0
2007-09-11,39.1612,39.3016,38.9068,39.056,3484147,0
2007-09-12,38.8805,39.2928,38.7752,39.1612,2996500,0
2007-09-13,39.2841,39.363,38.8103,38.9244,2878300,0
2007-09-14,38.7226,39.0998,38.5208,39.0121,2000100,0
2007-09-17,38.8279,38.9595,38.6788,38.9068,2029400,0
2007-09-18,38.9946,39.5911,38.8191,39.5472,3070200,0
2007-09-19,40.0736,40.828,40.0122,40.5561,3485000,0
2007-09-20,40.4508,40.7052,40.3543,40.4859,2467738,0
2007-09-21,40.7754,40.7754,40.4421,40.6614,4743000,0
2007-09-24,40.4333,40.7228,40.2315,40.2666,2281700,0
2007-09-25,40.1262,40.9772,40.0824,40.7491,2780500,0
2007-09-26,40.9684,41.2491,40.7315,40.8807,2456500,0
2007-09-27,40.8105,41.0386,40.0911,40.3894,2742600,0
2007-09-28,40.3017,40.6,40.1087,40.2929,2104400,0
2007-10-01,40.2754,41.0737,40.2666,41.0737,2034500,0
2007-10-02,41.1263,41.3018,40.8105,41.2842,1762100,0
2007-10-03,41.0737,41.678999999999995,41.0123,41.5737,1590900,0
2007-10-04,41.5825,41.7667,41.4597,41.5737,1310600,0
2007-10-05,41.7404,42.258,41.7404,42.0825,2079600,0
2007-10-08,41.9948,42.1615,41.6966,42.1089,1168000,0
2007-10-09,42.1089,42.4159,41.9948,42.372,1283200,0
2007-10-10,42.2755,42.4422,42.0124,42.2843,1242200,0
2007-10-11,42.372,42.5387,41.758,42.0211,1241000,0
2007-10-12,42.1615,42.5212,41.9246,42.3282,888800,0
2007-10-15,42.1176,42.4071,41.758,42.0387,2254900,0
2007-10-16,42.0475,42.2229,41.8369,41.872,2469000,0
2007-10-17,42.0825,42.0825,41.6702,41.8457,3832100,0
2007-10-18,41.8018,42.3545,41.7492,42.2843,2011800,0
2007-10-19,42.1089,42.2405,41.6702,41.6878,3101500,0
2007-10-22,41.2842,41.6527,41.1877,41.5211,1634200,0
2007-10-23,41.6702,41.6702,40.9509,41.5123,1784300,0
2007-10-24,41.3895,41.5386,40.5386,41.1088,2512700,0
2007-10-25,41.3281,41.4334,40.5737,40.8105,1958700,0
2007-10-26,40.9333,41.0561,40.6789,40.8544,1457200,0
2007-10-29,41.0386,41.6702,40.9947,41.3895,2425558,0
2007-10-30,42.6528,43.5564,42.0387,42.6791,4222550,0
2007-10-31,42.8809,43.6967,42.8019,43.4774,3338076,0
2007-11-01,43.1879,43.2318,42.0211,42.1001,2673300,0
2007-11-02,42.1878,42.9247,42.0913,42.6966,2652000,0
2007-11-05,42.7054,43.3809,42.2755,43.1879,2584534,0
2007-11-06,43.1528,43.4774,42.8107,43.4774,2440534,0
2007-11-07,43.2054,43.4072,42.5475,42.6001,2811446,0
2007-11-08,42.6352,42.7229,41.4597,41.7316,3962973,0
2007-11-09,41.372,41.6088,40.9947,40.9947,2512467,0
2007-11-12,40.8193,41.5386,40.8193,40.8982,2446323,0
2007-11-13,41.1614,41.372,40.7666,41.372,2326425,0
2007-11-14,41.6264,42.0562,41.0298,41.6001,2786910,0
2007-11-15,41.5211,41.7931,40.9772,41.1351,2153920,0
2007-11-16,41.5123,41.5299,40.8017,41.372,2301700,0
2007-11-19,41.0298,41.2228,40.2929,40.4157,2363615,0
2007-11-20,40.5649,40.8807,39.9771,40.3894,3088800,0
2007-11-21,40.135,40.2666,39.5209,39.635,3131450,0
2007-11-23,39.8192,40.2227,39.7929,40.1175,1013167,0
2007-11-26,40.1964,40.3105,39.3981,39.4156,2282396,0
2007-11-27,39.7578,39.7578,39.0911,39.5297,3206894,0
2007-11-28,39.5297,40.0648,39.5121,40.0034,2775929,0
2007-11-29,39.8367,40.1526,39.7315,39.8017,2043059,0
2007-11-30,39.8104,39.9332,39.3455,39.5297,3285155,0
2007-12-03,39.4771,40.0824,39.2841,39.6788,2113969,0
2007-12-04,39.363,39.8631,39.2753,39.4156,2747141,0
2007-12-05,39.7052,40.3631,39.7052,39.9947,2309801,0
2007-12-06,39.9771,40.214,39.8104,40.214,1931240,0
2007-12-07,40.2052,40.3807,39.8894,39.9596,1723763,0
2007-12-10,40.135,40.9684,40.0911,40.8544,1616740,0
2007-12-11,40.8368,40.986000000000004,39.8894,39.9332,1798317,0
2007-12-12,40.4772,40.6944,39.6262,40.0385,2377183,0
2007-12-13,39.7666,40.3368,39.7227,40.2578,1454765,0
2007-12-14,39.749,40.0648,39.2402,39.4244,1923652,0
2007-12-17,39.3279,39.4332,38.8191,38.8191,1716100,0
2007-12-18,39.0209,39.3279,38.8366,39.1963,1772650,0
2007-12-19,39.2841,39.5911,38.8893,39.1876,1934935,0
2007-12-20,39.3981,39.556,38.9068,39.0296,2157463,0
2007-12-21,39.4507,39.5297,39.2227,39.4507,3125458,0
2007-12-24,39.6174,40.3543,39.5823,40.1526,738100,0
2007-12-26,39.8192,39.9947,39.556,39.8192,867005,0
2007-12-27,39.7139,39.7841,39.0472,39.0735,1495869,0
2007-12-28,39.0472,39.4771,38.9858,39.2227,1044386,0
2007-12-31,39.0472,39.2314,38.863,39.0647,1052672,0
2008-01-02,39.0384,39.1788,37.8366,37.9155,2658070,0
2008-01-03,38.1085,38.1085,37.3541,37.6348,2665404,0
2008-01-04,37.2488,37.2927,35.7662,35.968,4317331,0
2008-01-07,36.1259,37.0119,35.9329,36.7488,3207116,0
2008-01-08,37.0032,37.0909,36.3013,36.4154,3284939,0
2008-01-09,36.3628,36.7312,36.0996,36.4768,2604110,0
2008-01-10,36.1347,36.9593,36.082,36.6961,3089950,0
2008-01-11,36.4329,36.468,35.7925,36.0382,2933200,0
2008-01-14,36.2575,36.2575,35.1346,35.2662,3406380,0
2008-01-15,35.0118,35.582,35.0118,35.1784,2554037,0
2008-01-16,35.0907,35.4065,34.8012,34.9591,3526930,0
2008-01-17,34.9679,35.2048,34.4415,34.5117,3233185,0
2008-01-18,34.6784,35.1872,34.3275,34.696,3737187,0
2008-01-22,33.345,34.5889,33.3362,34.2661,5721267,0
2008-01-23,33.3362,34.6433,33.1169,34.6345,5425655,0
2008-01-24,34.6433,34.6433,33.6783,34.0029,3455784,0
2008-01-25,34.2836,34.4152,33.845,33.9941,3036039,0
2008-01-28,34.1082,34.6784,33.8976,34.6609,3077569,0
2008-01-29,34.81,34.8626,34.4854,34.6696,2081351,0
2008-01-30,34.731,35.0907,34.4503,34.6082,2232154,0
2008-01-31,34.3801,35.8715,34.038000000000004,35.3364,4725600,0
2008-02-01,35.696,35.696,34.2661,35.0644,4831677,0
2008-02-04,34.9591,35.0907,34.7398,34.8626,2063699,0
2008-02-05,34.3187,34.4766,33.8187,33.8889,3924473,0
2008-02-06,34.1257,34.1257,33.2046,33.2572,3234046,0
2008-02-07,33.1256,33.7046,33.1081,33.5029,3843391,0
2008-02-08,33.3888,33.4151,33.1256,33.2485,2364877,0
2008-02-11,33.1695,33.8976,33.1695,33.7309,2316187,0
2008-02-12,33.8713,34.7047,33.8713,34.4854,3261036,0
2008-02-13,34.6784,35.0381,34.5644,34.9416,3035277,0
2008-02-14,34.9065,34.924,34.5994,34.7661,3159161,0
2008-02-15,34.7574,34.9942,34.5731,34.8626,3296447,0
2008-02-19,35.0644,35.1083,34.5994,34.6784,2566729,0
2008-02-20,34.4503,35.468,34.3187,35.2925,3434629,0
2008-02-21,35.3451,35.6873,35.0907,35.1346,1934550,0
2008-02-22,35.3013,35.7574,35.0556,35.7136,3267851,0
2008-02-25,35.7925,35.968,35.5118,35.9241,3207437,0
2008-02-26,35.1083,36.1785,35.1083,35.7662,4106073,0
2008-02-27,35.5381,36.0382,35.5381,35.8013,2854716,0
2008-02-28,35.696,35.696,35.2399,35.3451,3078272,0
2008-02-29,35.0907,35.1872,34.8363,35.0469,6415691,0
2008-03-03,35.003,35.3539,35.003,35.2837,3095700,0
2008-03-04,35.0469,35.4416,34.8802,35.3364,3476335,0
2008-03-05,35.1697,35.6522,34.8714,35.2662,2722432,0
2008-03-06,35.1872,35.5644,35.0644,35.2135,2701225,0
2008-03-07,34.9855,35.0907,34.231,34.3977,4127900,0
2008-03-10,34.2135,34.6696,34.2135,34.3977,3991708,0
2008-03-11,34.7749,35.1697,34.4634,35.0995,3137929,0
2008-03-12,34.8363,35.4065,34.7533,35.1434,2436914,0
2008-03-13,34.7925,35.3276,34.4415,34.9942,3505239,0
2008-03-14,35.1784,35.3153,34.3363,34.538000000000004,4045529,0
2008-03-17,33.7924,34.5293,33.7924,34.0204,3882384,0
2008-03-18,34.4679,35.389,34.3363,35.3715,4208705,0
2008-03-19,35.4767,35.968,35.3188,35.3364,3980277,0
2008-03-20,35.3802,35.9855,35.2925,35.9241,4494398,0
2008-03-24,36.0557,36.7575,35.5294,36.6435,2661983,0
2008-03-25,36.6259,37.3102,36.6259,37.2225,4180553,0
2008-03-26,36.9593,37.5646,36.8453,37.1874,3214754,0
2008-03-27,37.2049,37.4155,36.6698,36.8365,3281095,0
2008-03-28,37.0032,37.0558,36.6172,36.661,2198508,0
2008-03-31,36.5733,37.3804,36.5733,37.1874,2683146,0
2008-04-01,37.3716,38.0734,37.2839,38.0734,2693422,0
2008-04-02,38.0383,38.8356,38.0383,38.4331,3370793,0
2008-04-03,38.2489,38.3717,37.9243,38.0383,2655117,0
2008-04-04,37.9418,38.6437,37.9155,38.5033,2269419,0
2008-04-07,38.7752,38.7752,37.8717,38.0033,2433495,0
2008-04-08,37.8103,38.0033,37.6348,37.7927,1916955,0
2008-04-09,37.7401,37.8892,37.3541,37.5909,1434730,0
2008-04-10,37.5207,37.8015,37.2313,37.5734,1866014,0
2008-04-11,37.1698,37.3716,36.7751,36.8277,1625719,0
2008-04-14,36.7575,37.1084,36.7312,36.8979,1269167,0
2008-04-15,37.1435,37.1962,36.8277,37.1172,1175650,0
2008-04-16,37.5032,38.0208,37.3278,37.9945,1958649,0
2008-04-17,38.0208,38.2313,37.8629,38.0998,1255294,0
2008-04-18,38.4858,38.5559,37.4892,38.4419,1605146,0
2008-04-21,38.2489,38.3892,38.0471,38.3103,1579767,0
2008-04-22,38.0822,38.1875,37.7225,38.0208,1718718,0
2008-04-23,38.2489,38.5296,37.8541,38.1962,2323204,0
2008-04-24,38.284,38.7752,38.0998,38.5998,2041029,0
2008-04-25,38.7051,38.7138,38.2401,38.67,2601401,0
2008-04-28,38.591,38.8191,38.398,38.4243,1441175,0
2008-04-29,38.4507,38.5647,38.2313,38.3015,2000414,0
2008-04-30,38.3015,39.4069,37.5391,38.7752,2795258,0
2008-05-01,38.6086,39.6788,38.4331,39.6613,2496078,0
2008-05-02,38.9682,39.1525,37.4769,37.8015,3830391,0
2008-05-05,37.626,38.1875,37.626,38.0998,1897896,0
2008-05-06,37.7488,38.3191,37.5646,38.1699,1706465,0
2008-05-07,38.0559,38.4243,37.6874,37.8278,2638741,0
2008-05-08,38.0383,38.0559,37.4067,37.5909,3136342,0
2008-05-09,37.3979,37.9682,37.1962,37.8103,1642180,0
2008-05-12,37.6348,38.5121,37.6208,38.4068,1422151,0
2008-05-13,38.4068,38.591,38.1436,38.3805,1448821,0
2008-05-14,38.4243,39.0296,38.3805,38.7051,1336468,0
2008-05-15,38.5998,38.9419,38.3366,38.8717,1767422,0
2008-05-16,38.784,38.8279,38.3015,38.4858,1747697,0
2008-05-19,38.4243,38.6173,38.2138,38.3191,2001799,0
2008-05-20,38.1085,38.4419,37.9594,38.1436,2309323,0
2008-05-21,38.2577,38.398,37.5207,37.5822,3091119,0
2008-05-22,37.5646,37.6874,37.1084,37.2927,2921823,0
2008-05-23,37.1874,37.1874,36.5645,36.6786,2543559,0
2008-05-27,36.6259,37.3278,36.6259,37.2225,3146520,0
2008-05-28,37.2488,37.5822,37.0295,37.2839,2763422,0
2008-05-29,37.3014,37.9506,37.2751,37.705,1478859,0
2008-05-30,37.7401,38.0559,37.5471,37.7664,1897144,0
2008-06-02,37.6348,38.0647,37.2181,37.5032,2432451,0
2008-06-03,37.5734,38.1524,37.5207,37.8103,2559778,0
2008-06-04,37.7664,38.2489,37.7225,38.0998,2182375,0
2008-06-05,38.2577,38.7445,38.1348,38.6963,2807213,0
2008-06-06,38.4507,38.4507,37.1698,37.1874,3286650,0
2008-06-09,37.9331,37.9331,37.24,37.7225,2434309,0
2008-06-10,37.4944,38.1085,37.3103,37.8366,2089517,0
2008-06-11,37.7576,37.7576,36.9944,37.0646,2773101,0
2008-06-12,37.0734,37.8278,37.0734,37.3716,2169113,0
2008-06-13,37.4858,38.2313,37.4858,37.8453,2479190,0
2008-06-16,37.626,38.0471,37.4155,37.9243,2127783,0
2008-06-17,37.9857,38.1962,37.6348,37.6348,2018674,0
2008-06-18,37.4243,37.5909,37.1523,37.24,2366884,0
2008-06-19,37.1523,37.8717,37.0208,37.6523,1872012,0
2008-06-20,37.3541,37.5822,37.1084,37.3716,3361650,0
2008-06-23,37.2488,37.5383,37.1084,37.2049,2139881,0
2008-06-24,36.898,37.2839,36.6961,36.9067,2858417,0
2008-06-25,36.7576,37.6172,36.7576,37.2488,2773075,0
2008-06-26,36.7752,37.1698,36.6698,36.7312,2650402,0
2008-06-27,36.6961,36.74,36.1895,36.5294,2820754,0
2008-06-30,36.5207,37.1786,36.24,36.7575,3096339,0
2008-07-01,36.275,37.512,36.275,37.3979,4051054,0
2008-07-02,37.4593,37.8366,36.8453,36.933,4467830,0
2008-07-03,37.1698,37.4243,36.8102,36.9154,1799241,0
2008-07-07,36.9944,37.3892,36.547,36.9418,3492899,0
2008-07-08,36.9681,37.4243,36.6786,37.4155,3413535,0
2008-07-09,37.4155,37.7225,36.7839,36.7839,2251066,0
2008-07-10,36.8716,36.9768,36.3891,36.8803,2280653,0
2008-07-11,36.5207,36.9242,35.9417,36.3803,2965398,0
2008-07-14,36.74,36.9067,35.775,35.9241,2489917,0
2008-07-15,35.7311,36.3864,35.3188,36.0206,2406674,0
2008-07-16,36.082,36.74,35.7487,36.7137,1806543,0
2008-07-17,36.7839,37.3979,36.4154,37.1962,2758787,0
2008-07-18,37.3014,37.4593,36.9154,37.3716,2977166,0
2008-07-21,37.2313,37.3804,36.7224,37.3716,3004448,0
2008-07-22,37.3278,37.898,37.1435,37.898,2164640,0
2008-07-23,37.9506,38.0208,37.2049,37.4155,3622967,0
2008-07-24,36.7839,36.7839,36.1347,36.2399,4665030,0
2008-07-25,36.547,36.5733,35.9241,36.0469,2699934,0
2008-07-28,35.8188,35.968,35.4241,35.4504,2471854,0
2008-07-29,35.3539,35.7838,35.3276,35.5732,3130473,0
2008-07-30,35.8715,36.6698,35.6697,36.468,2411005,0
2008-07-31,36.9856,37.8585,36.8453,37.4681,4570953,0
2008-08-01,37.6523,37.8804,36.9593,37.6787,2781164,0
2008-08-04,37.7137,38.3015,37.5383,38.0998,2400752,0
2008-08-05,38.3278,38.8542,38.0383,38.8191,2406494,0
2008-08-06,38.5998,39.0033,38.2138,38.9946,2251073,0
2008-08-07,38.6437,38.8191,38.0296,38.3717,1850165,0
2008-08-08,38.3366,39.5034,38.284,39.4858,2858532,0
2008-08-11,39.2139,40.0297,39.1525,39.8192,2199224,0
2008-08-12,39.556,39.8894,39.442,39.6525,1365732,0
2008-08-13,39.4683,39.7315,39.0911,39.4771,1423631,0
2008-08-14,39.2577,39.9157,39.1262,39.7753,1529304,0
2008-08-15,39.8631,40.2052,39.5121,40.0999,1845664,0
2008-08-18,40.0911,40.2271,39.5736,39.749,1380843,0
2008-08-19,38.1699,39.1525,38.1612,38.7577,2720662,0
2008-08-20,38.9507,39.2402,38.5208,38.7752,1711457,0
2008-08-21,38.4945,39.3016,38.3111,39.2314,1703551,0
2008-08-22,39.4507,39.7578,39.2139,39.5911,1464541,0
2008-08-25,39.3981,39.3981,38.6086,38.6875,1336918,0
2008-08-26,38.7051,38.9595,38.4068,38.8016,1341582,0
2008-08-27,38.9068,39.4068,38.7226,39.2928,1621301,0
2008-08-28,39.2928,39.4771,39.1612,39.4156,1882298,0
2008-08-29,39.1788,39.3718,38.863,38.9331,1788984,0
2008-09-02,39.4069,39.9859,39.3981,39.5911,2608139,0
2008-09-03,39.6701,40.2359,39.4507,40.135,4017194,0
2008-09-04,40.0385,40.3017,38.9858,39.0384,3020781,0
2008-09-05,38.784,38.8454,38.205,38.7401,2915111,0
2008-09-08,39.3104,40.214,39.2753,40.214,3525146,0
2008-09-09,40.1964,40.328,39.3104,39.363,3397375,0
2008-09-10,39.6788,39.6788,38.7489,39.1174,2178745,0
2008-09-11,38.67,39.6437,38.2927,39.5911,2586526,0
2008-09-12,39.2577,39.7929,39.1525,39.7139,2129219,0
2008-09-15,39.0472,39.9069,38.784,38.8542,2880785,0
2008-09-16,38.4682,39.2577,37.6699,38.977,4508947,0
2008-09-17,38.5033,38.6524,37.1611,37.1962,3716213,0
2008-09-18,37.8015,38.9068,36.547,38.205,5414203,0
2008-09-19,39.2402,40.135,38.5296,39.1437,4953744,0
2008-09-22,38.9858,39.056,37.4944,37.7576,2666693,0
2008-09-23,37.7839,38.2577,37.1786,37.1962,2042735,0
2008-09-24,37.2663,37.5822,36.8716,37.319,2201136,0
2008-09-25,37.5822,38.1787,37.2927,37.8278,2218401,0
2008-09-26,37.4243,38.4507,37.3453,38.3629,1990964,0
2008-09-29,37.8629,38.1173,36.0294,36.5382,3826545,0
2008-09-30,36.933,37.5558,36.4943,37.5032,3744171,0
2008-10-01,37.1698,37.6611,36.74,36.9593,3512416,0
2008-10-02,36.6698,36.8365,35.968,35.968,3680058,0
2008-10-03,36.3891,37.4593,36.1522,36.2136,3902436,0
2008-10-06,35.5644,35.968,33.2134,33.7748,6934710,0
2008-10-07,34.1433,34.4591,32.8888,33.0116,5723748,0
2008-10-08,32.3273,33.5994,32.0641,32.9151,6227349,0
2008-10-09,33.3362,33.7748,30.5289,30.5289,6698756,0
2008-10-10,30.2921,31.0114,28.2393,29.3972,11796991,0
2008-10-13,30.1429,30.9763,29.406,30.5289,5355225,0
2008-10-14,31.8185,31.8361,30.3447,31.0992,5582337,0
2008-10-15,30.7395,30.7658,28.7042,28.9323,5386454,0
2008-10-16,28.9498,29.5376,27.0462,29.2657,5574731,0
2008-10-17,28.9323,30.256999999999998,28.2743,29.6253,6447841,0
2008-10-20,29.9412,31.0816,29.5376,31.0377,4944530,0
2008-10-21,31.0026,31.0377,29.7394,29.9061,2902644,0
2008-10-22,29.6692,29.7657,28.6165,28.9323,4420156,0
2008-10-23,28.52,29.9236,28.2919,29.8447,4239343,0
2008-10-24,28.1252,29.4937,28.0726,28.6253,2907349,0
2008-10-27,28.1515,28.5902,27.1865,27.2216,4238590,0
2008-10-28,27.7743,30.7044,27.2392,30.4412,4161425,0
2008-10-29,30.8711,30.9237,29.0025,29.1955,3373040,0
2008-10-30,30.064,30.5289,28.7744,28.8884,3163186,0
2008-10-31,29.0727,31.029,28.5112,30.6605,3500792,0
2008-11-03,30.9237,30.9237,29.1165,29.1867,3331985,0
2008-11-04,29.5727,31.9676,29.3972,31.7834,5418195,0
2008-11-05,31.4501,31.6255,30.2745,30.4061,3536052,0
2008-11-06,30.064,30.7965,29.8271,30.1078,4098252,0
2008-11-07,30.2658,31.3974,29.8359,31.0816,2872031,0
2008-11-10,31.5115,32.1519,31.0026,31.1869,3254220,0
2008-11-11,31.0465,31.1255,30.0026,30.6956,3709535,0
2008-11-12,29.7043,30.6868,29.5727,29.7394,4422498,0
2008-11-13,29.8096,32.0992,28.9762,32.0905,3824200,0
2008-11-14,31.3536,32.5642,30.6166,30.8097,3352448,0
2008-11-17,30.3447,31.3272,30.0727,30.5552,2580496,0
2008-11-18,30.6693,31.3536,29.8271,30.8974,3345874,0
2008-11-19,30.8974,32.1343,29.8534,29.9236,3724135,0
2008-11-20,29.6253,30.4236,28.0726,28.1866,4693113,0
2008-11-21,28.055,30.95,27.7831,30.9237,6473148,0
2008-11-24,31.4939,33.073,30.6781,32.8712,5774390,0
2008-11-25,32.9239,33.4853,32.0641,32.9326,4337684,0
2008-11-26,33.4502,35.3013,31.9764,35.2486,6134309,0
2008-11-28,35.003,36.2049,34.8714,36.0206,2264642,0
2008-12-01,35.9329,35.9417,33.0379,33.0818,4855108,0
2008-12-02,33.0555,34.4064,33.0207,33.6871,4934580,0
2008-12-03,33.6608,33.9766,32.5203,33.8274,7032957,0
2008-12-04,33.5555,34.0819,31.6781,32.0378,4573829,0
2008-12-05,31.7132,33.5292,30.8974,32.9765,5447494,0
2008-12-08,33.1958,33.959,32.9765,33.8713,5900288,0
2008-12-09,33.8011,34.6609,33.3362,34.3187,5287848,0
2008-12-10,33.1607,34.0906,32.8098,33.7748,5947813,0
2008-12-11,33.6081,34.2398,32.6782,32.7396,3957292,0
2008-12-12,32.5466,33.6256,32.2922,33.5731,3523855,0
2008-12-15,33.9415,33.9415,32.6256,32.8712,3996731,0
2008-12-16,32.6519,33.3274,32.0027,33.266,7394306,0
2008-12-17,32.8361,33.2835,32.4501,32.6782,5956485,0
2008-12-18,32.6607,33.2046,31.5816,32.1431,5970002,0
2008-12-19,32.0641,33.0993,32.0641,32.9853,17091403,0
2008-12-22,32.38,33.459,32.38,33.1432,4685193,0
2008-12-23,33.6081,34.5468,32.9063,33.152,3587446,0
2008-12-24,33.8187,34.2135,33.0379,33.4853,1035546,0
2008-12-26,33.4415,34.0117,33.2485,33.459,1075779,0
2008-12-29,33.6169,33.6169,32.9765,33.4064,2115370,0
2008-12-30,33.959,34.4328,33.5467,34.3275,2859300,0
2008-12-31,34.0819,34.6082,33.5818,34.5117,2843428,0
2009-01-02,34.7574,35.5206,34.1784,35.4504,3530953,0
2009-01-05,35.0644,35.6609,34.7398,35.0907,4280079,0
2009-01-06,35.3013,35.9592,34.7577,35.8013,5972647,0
2009-01-07,35.2749,35.5644,34.9504,35.1872,5463724,0
2009-01-08,35.1784,35.6258,34.696,35.6258,4906130,0
2009-01-09,35.6346,35.7574,33.7748,33.8713,4982214,0
2009-01-12,34.1345,34.2047,33.5467,33.8274,4745552,0
2009-01-13,33.8362,34.3275,33.7573,34.1433,4349431,0
2009-01-14,33.6257,33.9152,33.1256,33.2835,4597967,0
2009-01-15,33.1256,34.5293,33.1081,34.3714,6809451,0
2009-01-16,34.8363,34.8363,33.8538,34.5819,5523895,0
2009-01-20,34.6345,35.0644,32.9765,33.0204,7962092,0
2009-01-21,33.0379,33.5204,32.2396,32.88,9015136,0
2009-01-22,32.1957,32.8712,31.9764,32.2221,7752817,0
2009-01-23,31.9764,32.7747,31.5816,32.5379,6666132,0
2009-01-26,32.3273,33.4064,32.2835,33.0204,4822098,0
2009-01-27,32.0378,32.9941,31.6781,32.5905,8510335,0
2009-01-28,32.9853,33.7748,32.5466,32.8625,6778931,0
2009-01-29,32.5379,33.2748,32.1606,32.1782,5323488,0
2009-01-30,32.2747,32.8537,31.801,31.8712,5447892,0
2009-02-02,31.6255,32.4896,31.3799,32.1431,6060292,0
2009-02-03,34.1257,35.0644,33.7748,34.2485,11541008,0
2009-02-04,34.1696,34.2836,33.1958,33.3011,6129611,0
2009-02-05,33.073,34.0468,32.8098,34.0029,6364730,0
2009-02-06,33.7836,34.81,33.3713,34.7135,6248392,0
2009-02-09,34.3889,34.7749,34.2398,34.4328,3793021,0
2009-02-10,34.2573,34.4328,32.9502,32.9677,5918507,0
2009-02-11,33.0993,33.4502,32.8186,33.3011,3707789,0
2009-02-12,32.8976,33.5116,32.3273,33.2134,5966240,0
2009-02-13,33.2134,33.3274,32.608000000000004,32.608000000000004,4514993,0
2009-02-17,32.6695,32.6695,31.7571,32.0027,6541227,0
2009-02-18,31.8712,32.4765,31.6255,32.3186,4478392,0
2009-02-19,32.4151,32.6782,31.2834,31.2921,5937949,0
2009-02-20,31.5641,31.6167,30.7395,31.4676,6017650,0
2009-02-23,31.2483,31.7132,30.0026,30.0464,6068708,0
2009-02-24,29.8929,31.143,29.8798,30.9676,5776547,0
2009-02-25,30.6868,31.1255,30.1517,30.6254,4840263,0
2009-02-26,30.2833,30.8009,29.8271,29.985,5102488,0
2009-02-27,30.0201,30.4412,29.3622,29.9587,7082692,0
2009-03-02,29.4323,29.985,28.9498,28.9762,6524521,0
2009-03-03,29.3534,29.678,28.6691,29.0025,6026376,0
2009-03-04,29.6955,30.2219,28.7656,29.8271,6511385,0
2009-03-05,29.7832,29.7832,28.5902,28.7744,5671280,0
2009-03-06,28.0988,29.3709,28.0988,29.1955,7559114,0
2009-03-09,28.9849,29.6078,28.7744,29.1253,5642543,0
2009-03-10,29.3885,30.3886,28.8586,30.3622,5832889,0
2009-03-11,30.7044,31.0781,29.8447,30.0552,4699791,0
2009-03-12,29.3358,30.9237,29.3358,30.8097,4449121,0
2009-03-13,31.5466,31.5466,30.1956,31.0202,3271623,0
2009-03-16,31.5641,31.5641,30.5991,31.0202,3625848,0
2009-03-17,31.5641,32.2396,30.7044,32.1343,4894729,0
2009-03-18,31.7396,32.7309,31.5816,32.5554,5248502,0
2009-03-19,32.7221,32.7396,31.9413,32.2133,3849582,0
2009-03-20,32.6519,32.766,31.4676,31.8448,5562214,0
2009-03-23,32.2747,32.8888,32.0203,32.7133,6740511,0
2009-03-24,32.4501,32.4589,31.8448,31.9589,4789671,0
2009-03-25,31.4062,31.8448,30.6956,31.2483,8322637,0
2009-03-26,31.9501,32.2747,31.1781,32.0203,6379468,0
2009-03-27,31.2483,31.801,31.0202,31.143,3394424,0
2009-03-30,30.8711,30.9939,30.5026,30.9149,4039736,0
2009-03-31,31.0465,31.1869,30.6956,30.8447,4791353,0
2009-04-01,30.1868,31.1167,30.0552,30.7921,4137621,0
2009-04-02,31.3097,32.2089,31.0641,31.7747,5083561,0
2009-04-03,32.0115,32.1957,31.5816,32.1694,3158259,0
2009-04-06,31.9326,32.0641,31.3711,31.7747,3382192,0
2009-04-07,31.1869,31.5641,30.9062,30.9237,3509847,0
2009-04-08,31.3097,31.3623,30.5465,30.9325,2644636,0
2009-04-09,30.4938,31.801,30.4236,31.7571,4091853,0
2009-04-13,31.4588,31.7922,31.3623,31.6255,2896291,0
2009-04-14,31.529,31.5729,31.0377,31.2571,3029415,0
2009-04-15,31.143,31.2307,30.8623,31.1693,3668901,0
2009-04-16,31.3623,32.1606,31.3272,32.0378,3211126,0
2009-04-17,32.2922,32.2922,31.5115,31.6781,3664131,0
2009-04-20,31.7045,31.8624,31.0465,31.143,3438695,0
2009-04-21,31.2658,31.915,31.0641,31.6167,4151035,0
2009-04-22,31.7308,31.8448,31.0728,31.1781,3523042,0
2009-04-23,31.0992,31.1781,30.3631,30.6868,3383731,0
2009-04-24,31.608,31.608,30.5991,31.0114,5404185,0
2009-04-27,30.2658,30.8009,30.1342,30.2307,4326043,0
2009-04-28,30.2658,30.7307,29.8973,30.4061,3486471,0
2009-04-29,30.5728,31.3536,30.4763,31.0728,3147554,0
2009-04-30,30.5202,31.3097,30.5114,30.8798,5381858,0
2009-05-01,30.8009,31.2307,30.3008,31.1606,3669170,0
2009-05-04,31.4237,31.4237,30.3271,30.5816,6806428,0
2009-05-05,30.3535,32.1606,30.2745,31.3009,7010234,0
2009-05-06,31.608,32.5028,31.3886,32.301,5118074,0
2009-05-07,32.2133,32.6519,31.6957,31.9238,4915547,0
2009-05-08,32.1957,32.5466,31.6957,32.3186,4192214,0
2009-05-11,31.6781,32.5115,31.3886,32.301,3297024,0
2009-05-12,32.3186,32.573,31.9501,32.4677,3444341,0
2009-05-13,32.1957,32.3712,31.6869,31.8448,3111348,0
2009-05-14,32.0905,32.2484,31.5904,31.7308,4101303,0
2009-05-15,31.7659,31.9764,31.3447,31.3974,3879550,0
2009-05-18,31.5816,31.9326,31.2746,31.8975,2783140,0
2009-05-19,31.8448,31.9413,31.2658,31.336,3832600,0
2009-05-20,31.3185,31.4501,30.9676,30.9939,4745692,0
2009-05-21,30.4324,31.1869,30.2745,31.1869,5174938,0
2009-05-22,31.1518,31.8185,30.9149,31.5553,3335168,0
2009-05-26,31.1255,32.494,31.0377,32.4414,4965412,0
2009-05-27,32.5379,32.88,32.2133,32.5291,4359149,0
2009-05-28,32.7133,33.402,32.4414,33.3362,5190083,0
2009-05-29,33.2309,33.4853,32.8976,33.345,3557769,0
2009-06-01,33.4064,34.2836,33.3888,34.0555,3042321,0
2009-06-02,33.8713,34.0555,33.652,33.845,2885698,0
2009-06-03,33.7748,33.7748,32.9326,33.3274,3083738,0
2009-06-04,33.4151,33.6345,33.0379,33.4502,2253802,0
2009-06-05,33.6169,34.1608,33.6081,33.8187,3018770,0
2009-06-08,33.652,33.8187,33.1607,33.5818,1826601,0
2009-06-09,33.8274,33.8538,33.4239,33.5994,1766238,0
2009-06-10,33.5555,33.5643,32.5028,32.801,4032671,0
2009-06-11,32.8449,33.3099,32.7572,32.8186,2973970,0
2009-06-12,32.6958,32.88,32.108000000000004,32.7133,2370223,0
2009-06-15,32.3712,32.608000000000004,31.7659,32.0203,3720810,0
2009-06-16,32.187,32.2392,31.7834,31.7834,3844177,0
2009-06-17,31.6606,32.0203,31.6167,31.7483,4260863,0
2009-06-18,31.0992,31.6957,30.8886,31.0465,6095433,0
2009-06-19,30.8711,31.4325,30.5114,31.3009,6984543,0
2009-06-22,31.029,31.1693,30.7219,30.8623,3307505,0
2009-06-23,30.8886,31.0114,30.5728,30.7658,2616062,0
2009-06-24,30.95,31.1781,30.7482,31.0816,3081222,0
2009-06-25,30.5903,30.6166,30.1166,30.3622,5515950,0
2009-06-26,30.2833,30.5026,30.1517,30.4324,4111779,0
2009-06-29,30.4851,31.0114,30.3798,30.9588,2467373,0
2009-06-30,30.9588,31.2132,30.756999999999998,31.0904,3945907,0
2009-07-01,31.0904,31.1957,30.7658,31.0114,3375528,0
2009-07-02,30.7307,30.9149,29.9148,29.985,3999368,0
2009-07-06,29.8885,30.0903,29.6911,30.064,3691940,0
2009-07-07,29.985,30.0903,29.2218,29.2393,4027300,0
2009-07-08,29.871,29.9148,29.1779,29.7832,4835915,0
2009-07-09,29.8798,29.8798,29.4674,29.5376,3529513,0
2009-07-10,29.5288,29.7218,29.3885,29.5903,2504551,0
2009-07-13,29.4587,30.0201,29.2306,29.9236,3152241,0
2009-07-14,29.599,30.2131,29.5025,30.2131,2736338,0
2009-07-15,30.3359,31.0834,30.1693,30.8009,3558812,0
2009-07-16,30.7833,31.2044,30.5465,31.1255,2855837,0
2009-07-17,31.2307,31.2351,30.6956,30.9763,3344953,0
2009-07-20,30.7921,31.2483,30.7921,31.2132,3051870,0
2009-07-21,31.3799,31.3886,31.0026,31.336,3634684,0
2009-07-22,31.2132,31.3097,30.9237,31.0553,3301284,0
2009-07-23,30.5816,31.7834,30.5816,31.5816,3618002,0
2009-07-24,31.5816,32.4414,31.4676,32.3975,3725716,0
2009-07-27,32.4501,32.4721,32.1343,32.4238,2967905,0
2009-07-28,32.3712,32.7309,32.2659,32.6695,2908843,0
2009-07-29,32.4589,33.2572,32.3449,33.1783,4626981,0
2009-07-30,32.6958,32.8997,31.9326,32.187,7226252,0
2009-07-31,32.3273,33.0116,32.2396,32.6782,5207852,0
2009-08-03,32.6168,33.3888,32.5554,33.3888,4958945,0
2009-08-04,33.0993,33.5204,32.9765,33.2748,4024358,0
2009-08-05,33.266,33.3011,32.687,33.0906,3409823,0
2009-08-06,33.0467,33.0906,32.5466,32.6519,3540897,0
2009-08-07,33.1344,33.8538,33.0642,33.6608,5317665,0
2009-08-10,33.4064,33.6608,33.1256,33.3888,2123658,0
2009-08-11,33.1256,33.3055,32.9414,33.2046,2698955,0
2009-08-12,33.1695,33.7836,32.4765,33.5116,4011326,0
2009-08-13,33.766,34.038000000000004,33.3362,33.9854,3911532,0
2009-08-14,33.8976,33.9854,33.3713,33.7573,4572744,0
2009-08-17,33.4941,33.5643,32.9853,33.0028,3578561,0
2009-08-18,33.0467,33.266,32.8274,32.9853,4471368,0
2009-08-19,32.7835,33.1958,32.6431,33.0467,3815287,0
2009-08-20,32.9765,33.345,32.7835,33.3274,4003392,0
2009-08-21,33.7924,34.31,33.1607,34.2749,4198193,0
2009-08-24,34.2485,34.4328,34.0994,34.4064,3159373,0
2009-08-25,34.2222,34.6521,34.1433,34.2047,3232447,0
2009-08-26,34.6433,34.6433,33.7397,33.8801,3670937,0
2009-08-27,33.7748,33.9766,33.4678,33.8713,2838203,0
2009-08-28,33.9327,34.1082,33.4766,33.8274,2004469,0
2009-08-31,33.7397,33.8976,33.455,33.6432,2615554,0
2009-09-01,33.6345,34.0292,32.9765,33.1432,5038926,0
2009-09-02,33.073,33.1695,32.7835,33.0467,3953810,0
2009-09-03,32.7835,33.2134,32.6975,33.1695,2548784,0
2009-09-04,33.2309,34.0643,33.0204,33.8362,3571790,0
2009-09-08,33.7397,34.0906,33.5643,33.9941,3320411,0
2009-09-09,33.6432,33.8011,33.4941,33.7222,3236976,0
2009-09-10,33.652,33.8274,33.3274,33.6081,3256212,0
2009-09-11,33.5643,33.7485,33.3537,33.6871,2821116,0
2009-09-14,33.5029,33.7397,33.4415,33.6783,2632115,0
2009-09-15,33.5643,34.0468,33.459,33.9239,3043870,0
2009-09-16,34.2047,34.5644,33.6432,34.5117,4250150,0
2009-09-17,34.345,34.6521,34.3187,34.4591,2446106,0
2009-09-18,34.7398,34.7398,34.2573,34.5556,4105850,0
2009-09-21,34.3889,34.5994,34.0819,34.3801,2043400,0
2009-09-22,34.4591,35.0469,34.2222,34.9328,2921079,0
2009-09-23,34.8275,35.4767,34.7047,34.9591,3783450,0
2009-09-24,34.9504,34.9767,33.8362,34.3714,5564843,0
2009-09-25,34.5029,34.6784,34.1345,34.1345,3344408,0
2009-09-28,34.1433,35.0732,34.0643,34.9855,2669413,0
2009-09-29,34.8714,35.0205,34.3889,34.538000000000004,2253556,0
2009-09-30,34.617,34.6696,33.9941,34.4766,3379195,0
2009-10-01,34.3626,34.5644,33.9766,34.1696,3938778,0
2009-10-02,34.117,34.5205,33.8187,34.0292,4463863,0
2009-10-05,33.8011,34.1257,33.7836,34.0204,2737722,0
2009-10-06,33.9415,34.2529,33.7836,34.0292,3710602,0
2009-10-07,34.1433,34.3056,33.9678,34.231,1866799,0
2009-10-08,34.6082,35.0425,34.5029,34.8451,3156585,0
2009-10-09,34.8188,35.2749,34.6609,35.2399,2716385,0
2009-10-12,35.1346,35.3627,34.7398,35.1258,1952038,0
2009-10-13,35.0995,35.0995,34.7486,35.003,2149612,0
2009-10-14,35.0381,35.8627,35.0381,35.7925,4030349,0
2009-10-15,35.503,35.8539,35.3013,35.8364,3985787,0
2009-10-16,35.5644,35.8276,35.1521,35.6346,3764225,0
2009-10-19,35.7838,36.0733,35.5469,35.8013,3350663,0
2009-10-20,35.6785,35.7399,35.0732,35.2574,2865348,0
2009-10-21,35.2925,35.889,35.2486,35.3539,2894382,0
2009-10-22,35.3539,36.0908,35.1784,35.968,2917554,0
2009-10-23,35.8276,36.0645,35.2574,35.4153,2505670,0
2009-10-26,35.3188,36.1698,35.2135,35.4153,2770807,0
2009-10-27,35.4943,35.8803,35.2004,35.2925,2804234,0
2009-10-28,35.31,35.4153,35.0732,35.0995,3811057,0
2009-10-29,35.2574,35.4855,35.0732,35.31,3251146,0
2009-10-30,35.4241,35.6434,34.9126,34.9153,5388852,0
2009-11-02,35.0469,35.6697,34.8275,35.4767,4339402,0
2009-11-03,35.3802,35.6697,35.0907,35.6609,4647090,0
2009-11-04,35.968,36.2049,35.4329,35.7925,3393164,0
2009-11-05,36.0469,37.0558,35.9153,37.0558,3348341,0
2009-11-06,36.5821,37.126,36.4242,37.126,2853676,0
2009-11-09,37.1172,37.6787,37.047,37.6787,3239744,0
2009-11-10,37.3804,37.9331,37.3541,37.8366,2893459,0
2009-11-11,37.9243,38.284,37.7313,38.0647,2995616,0
2009-11-12,38.0647,38.4068,37.898,38.0033,3798106,0
2009-11-13,38.0383,38.205,37.8892,38.1699,3201125,0
2009-11-16,38.1962,38.5998,38.1524,38.5472,3565208,0
2009-11-17,38.6437,38.6437,38.3103,38.6086,2566321,0
2009-11-18,38.4594,38.6086,38.205,38.4331,3464079,0
2009-11-19,38.1787,38.3366,37.6523,38.1085,3686624,0
2009-11-20,37.819,38.284,37.819,38.1173,2389514,0
2009-11-23,38.3366,38.9244,38.3091,38.8103,3052105,0
2009-11-24,38.6963,38.8717,38.4156,38.591,2743016,0
2009-11-25,38.7138,38.806999999999995,38.4243,38.5998,2642686,0
2009-11-27,37.8366,38.4901,37.4769,38.1875,1862884,0
2009-11-30,38.3015,38.3185,37.7839,38.1173,3151115,0
2009-12-01,38.4156,38.7226,38.3015,38.4594,3970067,0
2009-12-02,38.4156,39.0384,38.3191,38.4243,4796866,0
2009-12-03,38.2489,38.5472,37.8717,37.8892,4034087,0
2009-12-04,38.3629,38.8103,38.0559,38.3278,6775695,0
2009-12-07,38.4156,38.6612,38.1962,38.4945,3033468,0
2009-12-08,38.2577,38.4858,37.7225,37.7401,3291244,0
2009-12-09,37.4506,37.8366,37.2225,37.7927,3492438,0
2009-12-10,37.8804,38.205,37.7488,37.898,2203964,0
2009-12-11,38.0208,38.1612,37.705,37.7576,2384008,0
2009-12-14,37.8278,38.1612,37.6962,37.8103,2505657,0
2009-12-15,37.7313,37.9418,37.5471,37.6348,2212512,0
2009-12-16,37.819,37.9243,37.6172,37.626,2674669,0
2009-12-17,37.1698,37.3628,36.933,37.0909,4107711,0
2009-12-18,37.2576,37.2576,36.8189,37.1611,4536770,0
2009-12-21,37.2663,37.6436,37.2049,37.5207,2060175,0
2009-12-22,37.5997,37.7752,37.3628,37.6436,1767274,0
2009-12-23,37.6523,37.7137,37.4067,37.5471,1351409,0
2009-12-24,37.4418,37.8103,37.3278,37.7313,614509,0
2009-12-28,37.6787,37.9155,37.6611,37.8717,1122314,0
2009-12-29,37.9243,38.1085,37.7225,37.9155,1374415,0
2009-12-30,37.8804,37.9769,37.6611,37.9506,1399570,0
2009-12-31,38.1875,38.1875,37.5558,37.5646,1707747,0
2010-01-04,38.1962,38.1962,37.455,37.5734,3450425,0
2010-01-05,37.4155,37.6436,37.1698,37.3716,2856017,0
2010-01-06,37.5471,37.626,36.8891,37.2839,2731632,0
2010-01-07,36.9593,37.2839,36.9242,37.2663,2206516,0
2010-01-08,37.2137,37.2488,36.8803,37.2137,2028462,0
2010-01-11,37.2137,37.3804,36.9593,37.3804,2147665,0
2010-01-12,37.1611,37.4067,36.8365,37.1172,2257478,0
2010-01-13,37.047,37.4857,36.8979,37.3892,2235228,0
2010-01-14,37.0997,37.5286,37.0646,37.2839,2109403,0
2010-01-15,37.4769,37.6523,36.7137,37.0821,2971783,0
2010-01-19,36.9944,37.6611,36.8453,37.6436,2573939,0
2010-01-20,37.2313,37.4593,36.5207,37.1435,3562022,0
2010-01-21,37.24,37.626,36.8628,36.9768,3824422,0
2010-01-22,36.9768,37.1523,36.0557,36.1171,3918718,0
2010-01-25,36.4329,36.4593,36.0206,36.2049,2107612,0
2010-01-26,36.0382,36.2049,35.9417,36.0206,2446779,0
2010-01-27,35.7574,36.161,35.7311,35.9855,3597076,0
2010-01-28,35.7574,36.1259,35.4329,35.6873,4365866,0
2010-01-29,35.6785,36.1259,35.661,35.7838,3664463,0
2010-02-01,35.9943,36.1084,35.7136,36.0294,3195128,0
2010-02-02,36.3364,36.3364,35.6873,36.1259,3637343,0
2010-02-03,35.8452,35.9855,35.5381,35.7925,2758203,0
2010-02-04,35.582,35.8715,35.4241,35.4241,3872488,0
2010-02-05,35.3715,35.5294,34.8451,35.3364,4166338,0
2010-02-08,35.31,35.5908,35.1083,35.4416,3038370,0
2010-02-09,35.8276,36.0469,35.4855,35.7048,2948202,0
2010-02-10,35.5995,35.7917,35.3539,35.6873,1836434,0
2010-02-11,35.582,36.0645,35.2662,35.8803,2309385,0
2010-02-12,35.3451,35.7223,35.3451,35.6083,3011294,0
2010-02-16,35.8715,36.275,35.6697,36.2312,2424947,0
2010-02-17,36.2707,36.4066,36.1874,36.3715,2129703,0
2010-02-18,36.5996,36.6259,36.0645,36.1347,3717161,0
2010-02-19,36.1961,36.6259,35.9504,36.4593,3769734,0
2010-02-22,36.468,36.7839,36.354,36.4943,2994665,0
2010-02-23,36.4943,36.6347,35.9855,36.1434,3317305,0
2010-02-24,36.1434,37.0558,36.1171,37.0558,4076474,0
2010-02-25,36.6874,36.7575,35.9768,36.5909,3643164,0
2010-02-26,36.6786,36.7839,36.2575,36.5031,3283720,0
2010-03-01,36.5645,36.8453,36.4768,36.8189,2911223,0
2010-03-02,36.7663,36.933,36.6523,36.7137,2862308,0
2010-03-03,36.8453,37.0997,36.7575,36.7663,3279708,0
2010-03-04,36.8628,37.0119,36.4505,36.5909,4492848,0
2010-03-05,36.8453,37.9418,36.7488,37.8804,4885649,0
2010-03-08,37.8717,37.9331,37.5997,37.8541,3466882,0
2010-03-09,37.8541,38.67,37.8103,38.3103,5204471,0
2010-03-10,38.0559,38.5296,37.9331,38.4945,4584236,0
2010-03-11,38.4419,38.5647,38.2138,38.5384,3797547,0
2010-03-12,38.4682,38.5472,38.3015,38.4331,2678865,0
2010-03-15,38.7577,38.9068,38.4858,38.8103,2935804,0
2010-03-16,38.9946,38.9946,38.5559,38.8191,2317615,0
2010-03-17,38.8279,39.3981,38.8191,39.2051,2720941,0
2010-03-18,39.1086,39.363,39.0296,39.2314,1721798,0
2010-03-19,39.5034,39.6701,38.6875,39.1262,4265357,0
2010-03-22,39.0735,39.3806,38.7226,39.3279,4215704,0
2010-03-23,39.4683,39.4771,39.0998,39.3981,2853603,0
2010-03-24,39.2051,39.3806,38.8542,38.8981,3958163,0
2010-03-25,39.0033,39.0033,38.5472,38.5823,4120589,0
2010-03-26,38.6173,38.9858,38.6173,38.8103,1912890,0
2010-03-29,38.9112,39.1788,38.7577,39.0735,3097663,0
2010-03-30,38.9419,39.2139,38.8366,39.1174,2070422,0
2010-03-31,39.0384,39.1437,38.8366,39.0121,2757842,0
2010-04-01,39.1788,39.1788,38.5121,38.7577,2693807,0
2010-04-05,38.9331,39.2051,38.7051,38.9419,3248715,0
2010-04-06,38.9156,38.977,38.6875,38.8542,3885846,0
2010-04-07,38.8191,38.863,38.4068,38.5384,2708532,0
2010-04-08,38.5647,38.6173,38.284,38.4945,2568464,0
2010-04-09,38.6086,38.8279,38.3629,38.8279,2146003,0
2010-04-12,38.863,38.863,38.6261,38.784,1948254,0
2010-04-13,38.7577,38.8542,38.4858,38.5559,2721934,0
2010-04-14,38.477,38.7665,38.3717,38.7577,3197306,0
2010-04-15,38.8191,39.2402,38.6875,39.1963,2546495,0
2010-04-16,39.0296,39.3718,38.784,38.8542,4511614,0
2010-04-19,38.863,39.2577,38.863,39.2314,2612168,0
2010-04-20,39.3806,39.5165,39.2577,39.5034,2522653,0
2010-04-21,39.4507,39.5385,39.2577,39.5297,2446170,0
2010-04-22,39.3455,39.5736,39.0647,39.5385,2281472,0
2010-04-23,39.5823,39.9332,39.2753,39.8982,2933944,0
2010-04-26,39.8718,40.1262,39.6964,39.7666,2427115,0
2010-04-27,39.4683,39.7052,38.8454,38.9682,4775109,0
2010-04-28,39.0998,39.1086,38.5647,38.7226,4455846,0
2010-04-29,38.7752,39.1612,38.4243,38.9419,4481999,0
2010-04-30,39.1174,39.1174,38.012,38.0471,4220044,0
2010-05-03,38.3629,38.3892,37.9506,38.3103,3140178,0
2010-05-04,38.205,38.205,37.1084,37.5997,4311747,0
2010-05-05,37.5997,38.1787,37.2137,37.4243,3594664,0
2010-05-06,37.1874,37.7752,23.2125,36.3277,6620170,0
2010-05-07,36.0119,36.9681,35.8101,36.4593,7496940,0
2010-05-10,36.8365,37.7927,36.8365,37.2663,5190639,0
2010-05-11,37.1698,37.6787,37.0733,37.2839,3561706,0
2010-05-12,37.3102,37.7576,37.2137,37.7401,3139596,0
2010-05-13,37.5822,37.626,37.1962,37.24,3920496,0
2010-05-14,37.0646,37.0909,36.4505,36.6698,3951487,0
2010-05-17,36.7926,37.126,36.4066,36.9505,4386681,0
2010-05-18,36.9505,37.2663,36.4768,36.6084,3411810,0
2010-05-19,36.3978,36.8628,36.354,36.4856,4513005,0
2010-05-20,36.0031,36.1698,35.31,35.3715,5497961,0
2010-05-21,34.7574,35.6873,34.6696,35.6346,4583967,0
2010-05-24,35.4767,35.7311,35.1083,35.3364,3079516,0
2010-05-25,34.8802,35.2135,34.4503,35.2135,4611080,0
2010-05-26,35.2837,35.7399,34.889,35.0118,3997337,0
2010-05-27,35.7838,36.1084,35.5118,36.1084,3205104,0
2010-05-28,36.0294,36.2224,35.6083,35.8627,3339857,0
2010-06-01,35.7487,36.2049,35.4067,35.5206,2804276,0
2010-06-02,35.5118,36.3978,35.2048,36.3803,3477704,0
2010-06-03,36.4505,36.8891,36.2575,36.8102,3672084,0
2010-06-04,36.2487,36.2487,35.3715,35.4899,4070670,0
2010-06-07,35.468,35.582,35.0556,35.0995,4037001,0
2010-06-08,35.0556,36.0557,35.003,36.0382,5986731,0
2010-06-09,35.7662,36.3277,35.5469,35.8452,5566481,0
2010-06-10,36.2224,37.0207,35.775,36.8628,4842623,0
2010-06-11,36.3891,36.74,36.275,36.6961,3701492,0
2010-06-14,36.6084,37.1962,36.6084,36.7488,2856179,0
2010-06-15,37.0909,37.4243,36.7751,37.3979,3250138,0
2010-06-16,37.2751,37.3892,37.0032,37.2049,3136692,0
2010-06-17,37.1523,37.3541,36.8716,37.2049,3651195,0
2010-06-18,37.2751,37.3979,36.8891,37.0909,3616747,0
2010-06-21,37.3365,37.5032,36.4505,36.5821,4968711,0
2010-06-22,36.6259,36.9856,36.0645,36.0908,3936137,0
2010-06-23,36.0206,36.3013,35.8276,36.0206,3749935,0
2010-06-24,35.7223,35.968,35.389,35.5995,5000514,0
2010-06-25,35.6346,36.0382,35.4504,35.8452,5789967,0
2010-06-28,36.0557,36.1084,35.8013,35.8978,4042812,0
2010-06-29,35.5206,35.8539,35.2048,35.4329,8315076,0
2010-06-30,35.2925,35.696,35.1784,35.3188,4777515,0
2010-07-01,35.2048,35.31,34.5819,34.8363,7226449,0
2010-07-02,35.0644,35.4241,34.3538,34.5907,3877868,0
2010-07-06,34.8188,34.9416,34.2836,34.5731,4112745,0
2010-07-07,34.5731,35.3451,34.4854,35.2749,4334810,0
2010-07-08,35.503,35.503,35.0907,35.4153,4275734,0
2010-07-09,35.4504,35.7574,35.3451,35.7223,2586338,0
2010-07-12,35.8364,36.161,35.4592,35.9504,2301272,0
2010-07-13,36.1434,36.547,36.1259,36.3978,3120895,0
2010-07-14,36.3803,36.693000000000005,36.3101,36.5821,2816689,0
2010-07-15,36.4154,36.7575,36.1434,36.5996,2656388,0
2010-07-16,36.5558,36.5558,35.5732,35.6434,3944375,0
2010-07-19,35.6873,36.082,35.6697,35.9855,2426666,0
2010-07-20,35.6171,36.3715,35.31,36.3452,3023054,0
2010-07-21,36.4417,36.4417,35.1083,35.31,5703294,0
2010-07-22,35.6083,36.5119,35.6083,36.3715,3487594,0
2010-07-23,36.1873,36.8365,36.1434,36.7488,3919208,0
2010-07-26,36.7137,36.8891,36.6084,36.8891,2932967,0
2010-07-27,36.9154,37.0997,36.7137,36.8803,3137293,0
2010-07-28,36.8891,37.2488,36.8453,36.933,2902001,0
2010-07-29,36.4768,36.8716,35.9855,36.2487,4252644,0
2010-07-30,35.9241,36.3891,35.9066,36.2049,2931035,0
2010-08-02,36.4417,36.8453,36.2838,36.8014,2603430,0
2010-08-03,36.74,36.933,36.354,36.854,3322119,0
2010-08-04,36.7926,37.0295,36.5207,36.9681,3123345,0
2010-08-05,36.74,36.8891,36.5382,36.7839,2343236,0
2010-08-06,36.4505,36.5514,35.8803,36.468,3572547,0
2010-08-09,36.5996,36.7663,36.468,36.6435,1691008,0
2010-08-10,36.275,36.468,35.9592,36.2838,2847378,0
2010-08-11,35.8803,35.9504,35.3451,35.4416,3030338,0
2010-08-12,35.1784,35.3627,34.9153,35.0907,2446594,0
2010-08-13,35.0381,35.2048,34.8451,34.9065,2191351,0
2010-08-16,34.731,35.2399,34.538000000000004,35.1521,2366738,0
2010-08-17,35.3276,35.8452,35.2135,35.3978,3190311,0
2010-08-18,35.2925,35.389,34.9416,35.2837,3095391,0
2010-08-19,35.2048,35.2135,34.4064,34.6082,3209905,0
2010-08-20,34.4854,34.7047,34.3012,34.5644,2745930,0
2010-08-23,34.6258,34.8626,34.2398,34.2573,2320641,0
2010-08-24,34.1257,34.3801,33.8099,34.0468,2894983,0
2010-08-25,33.8362,34.3056,33.6959,34.152,2508938,0
2010-08-26,34.2222,34.3714,33.9016,33.9941,2588093,0
2010-08-27,34.2836,34.5731,33.8274,34.5293,2833264,0
2010-08-30,34.4415,34.538000000000004,34.0643,34.0643,2752791,0
2010-08-31,34.0819,34.3275,33.7748,33.8713,3515058,0
2010-09-01,34.0468,34.8539,34.038000000000004,34.538000000000004,3345245,0
2010-09-02,34.5994,34.924,34.4064,34.8188,2568125,0
2010-09-03,35.2135,35.4943,34.9591,35.1609,3319782,0
2010-09-07,35.0556,35.0995,34.7837,34.81,2175714,0
2010-09-08,34.6082,34.9767,34.4503,34.7925,2282363,0
2010-09-09,35.196,35.2662,34.9153,35.0205,2195331,0
2010-09-10,35.0469,35.31,34.9416,35.1784,1576682,0
2010-09-13,35.5294,35.6258,35.3188,35.4504,2208603,0
2010-09-14,35.3802,35.7399,35.3539,35.5732,1867295,0
2010-09-15,35.696,36.1873,35.5294,36.1434,3015372,0
2010-09-16,35.968,36.1698,35.9592,36.082,1957490,0
2010-09-17,36.2926,36.3978,36.1084,36.2575,4944621,0
2010-09-20,36.4046,36.9593,36.2838,36.8716,2786710,0
2010-09-21,36.8891,36.9154,36.2838,36.6303,2492552,0
2010-09-22,36.6786,37.1347,36.6259,36.7663,2532483,0
2010-09-23,36.5909,36.7926,36.4066,36.5119,1934636,0
2010-09-24,36.468,37.4067,36.468,37.4067,2435602,0
2010-09-27,37.3014,37.3453,36.8935,36.933,2485212,0
2010-09-28,37.1611,37.4769,36.4505,37.2663,3187316,0
2010-09-29,37.2049,37.2313,36.8453,36.9505,2870594,0
2010-09-30,37.1962,37.4067,36.5733,36.8716,4568753,0
2010-10-01,37.0295,37.2839,36.6523,36.6874,3529391,0
2010-10-04,36.7488,36.9944,36.4154,36.6259,3342180,0
2010-10-05,36.933,37.1435,36.8453,36.9856,4299301,0
2010-10-06,36.9944,37.1172,36.8014,36.9418,2529695,0
2010-10-07,37.2137,37.2839,36.9681,37.0032,2397151,0
2010-10-08,37.0119,37.0997,36.6523,36.933,2156536,0
2010-10-11,36.9154,37.047,36.6523,36.8803,1244256,0
2010-10-12,36.8189,36.8979,36.4066,36.8453,1972133,0
2010-10-13,37.0997,37.4506,36.8803,37.2488,1796703,0
2010-10-14,37.24,37.433,37.0207,37.2576,1838202,0
2010-10-15,37.4857,37.7137,37.1786,37.6699,3056709,0
2010-10-18,37.4944,37.7225,37.3628,37.6874,2405914,0
2010-10-19,37.4857,37.6436,37.0295,37.3716,2629868,0
2010-10-20,37.4857,38.0647,37.3716,37.9769,3034594,0
2010-10-21,38.1436,38.2927,37.9155,38.2226,2657555,0
2010-10-22,38.3366,38.4945,38.1085,38.4243,2045114,0
2010-10-25,38.5559,38.7059,38.4366,38.591,2474231,0
2010-10-26,38.4156,38.8191,38.1173,38.7665,3645598,0
2010-10-27,38.977,39.249,38.4858,39.1963,3588587,0
2010-10-28,39.2577,39.2665,38.7226,38.9244,2737861,0
2010-10-29,38.8366,39.1963,38.7051,39.0296,2556524,0
2010-11-01,39.0823,39.4771,38.9507,39.2314,2342588,0
2010-11-02,39.4771,39.5911,39.2051,39.3192,2997420,0
2010-11-03,39.2928,39.7052,39.1703,39.5999,3866567,0
2010-11-04,39.8718,40.1438,39.7929,40.1438,2856800,0
2010-11-05,40.0648,40.2315,39.942,40.214,3031358,0
2010-11-08,39.9596,40.1789,39.6086,39.8894,2131521,0
2010-11-09,39.9069,40.0473,39.6086,39.749,2120707,0
2010-11-10,40.0561,40.0999,39.6262,40.0999,2621300,0
2010-11-11,39.9069,40.2052,39.5999,40.2052,2499206,0
2010-11-12,40.0736,40.0911,39.6437,39.8455,2827790,0
2010-11-15,40.021,40.3543,39.8104,39.8367,3252604,0
2010-11-16,39.4858,39.5736,38.8893,39.1525,3210123,0
2010-11-17,39.0384,39.1525,38.8717,39.0121,2511288,0
2010-11-18,39.3279,39.8631,39.1174,39.7139,2477458,0
2010-11-19,39.6963,39.8455,39.4771,39.8192,2294431,0
2010-11-22,39.6174,40.0297,39.442,39.9859,2018578,0
2010-11-23,39.6525,39.6525,39.0998,39.4771,2528896,0
2010-11-24,39.6262,40.3105,39.6262,40.1262,2288890,0
2010-11-26,39.8631,39.9859,39.556,39.8982,812581,0
2010-11-29,39.5736,39.6613,38.9595,39.5297,2882238,0
2010-11-30,39.2314,39.4683,38.9814,39.0998,5363920,0
2010-12-01,39.5823,40.521,39.5823,40.4508,5189818,0
2010-12-02,40.5122,41.1702,40.407,40.9596,4954471,0
2010-12-03,40.828,41.0123,40.7052,40.9969,1871457,0
2010-12-06,40.8368,41.0035,40.7052,40.8741,1964022,0
2010-12-07,41.2228,41.3807,40.793,40.8017,3559410,0
2010-12-08,40.6087,40.8017,40.5473,40.7579,3255826,0
2010-12-09,40.8456,41.0035,40.6263,40.8193,2097865,0
2010-12-10,40.9246,41.0123,40.6701,40.8193,2347204,0
2010-12-13,40.7754,40.8895,40.5122,40.771,4283978,0
2010-12-14,40.8456,41.1877,40.7842,41.0825,3251228,0
2010-12-15,41.0737,41.2053,40.8456,40.8807,2963245,0
2010-12-16,40.8895,41.2755,40.7666,41.1,3504546,0
2010-12-17,41.2404,41.2404,40.8456,41.1088,4240727,0
2010-12-20,41.178999999999995,41.2227,40.8807,41.0298,2635575,0
2010-12-21,41.1176,41.2316,40.9509,41.1,3041520,0
2010-12-22,41.1176,41.2404,41.043,41.1526,1837809,0
2010-12-23,41.2053,41.2227,40.6438,40.8105,1439637,0
2010-12-27,40.7666,40.9333,40.4421,40.8544,1320927,0
2010-12-28,41.0298,41.0737,40.6438,40.8193,1550884,0
2010-12-29,40.9333,40.9684,40.7491,40.7666,1902874,0
2010-12-30,40.6,40.8824,40.4859,40.7315,1648734,0
2010-12-31,40.6526,40.7228,40.3631,40.6,1475406,0
2011-01-03,41.0123,41.6176,40.9947,41.2755,3226124,0
2011-01-04,41.1965,41.3544,41.0386,41.1263,2861933,0
2011-01-05,41.1176,41.7843,41.0649,41.7843,3815275,0
2011-01-06,41.7053,42.1176,41.6264,42.1089,3301522,0
2011-01-07,41.8895,42.2799,41.7755,42.2054,3300784,0
2011-01-10,41.7843,42.3545,41.6615,42.2229,3022232,0
2011-01-11,42.2755,42.6966,42.1439,42.4159,2810821,0
2011-01-12,42.6879,42.9949,42.4071,42.9708,2295537,0
2011-01-13,42.8282,42.9423,42.2668,42.5563,2140866,0
2011-01-14,42.5738,42.9335,42.4773,42.7668,1752699,0
2011-01-18,42.5212,43.1002,42.5124,42.9532,2534877,0
2011-01-19,42.9598,42.9598,42.6352,42.7317,1919423,0
2011-01-20,42.758,43.1879,42.6791,43.0651,2646856,0
2011-01-21,43.1616,43.2054,42.8107,43.0212,2178428,0
2011-01-24,43.0037,43.6243,43.0037,43.4423,3677798,0
2011-01-25,43.2142,43.6002,43.0168,43.5915,2194142,0
2011-01-26,43.5476,43.6001,42.4861,42.5212,4479008,0
2011-01-27,41.8545,42.7844,41.8194,42.6879,3358933,0
2011-01-28,42.8019,43.0914,41.8984,42.0124,2864469,0
2011-01-31,42.1878,42.2317,41.6966,42.0211,2647171,0
2011-02-01,42.1703,43.0125,42.1703,42.9072,2102782,0
2011-02-02,42.6879,43.0475,42.5124,42.9072,2217039,0
2011-02-03,42.6966,43.0739,42.4335,43.0563,1701508,0
2011-02-04,43.0475,43.336999999999996,42.7449,43.2844,1977105,0
2011-02-07,43.2756,43.4862,43.0563,43.416000000000004,2354823,0
2011-02-08,43.3634,43.4862,43.0739,43.4423,1647958,0
2011-02-09,43.2054,43.3019,42.9774,43.144,1592600,0
2011-02-10,43.1616,43.5037,42.6703,43.495,2184028,0
2011-02-11,43.3107,43.6441,43.1002,43.6265,1838320,0
2011-02-14,43.5388,43.7318,43.2933,43.6529,1801805,0
2011-02-15,43.4599,43.5827,43.2493,43.4686,1571542,0
2011-02-16,43.5827,43.6353,43.1265,43.4248,1951962,0
2011-02-17,43.3546,43.7844,43.1826,43.723,1394145,0
2011-02-18,43.6792,43.8195,43.4423,43.8108,2773732,0
2011-02-22,43.223,43.6441,42.9335,43.0826,2363688,0
2011-02-23,43.0475,43.1616,42.6791,42.8545,2534843,0
2011-02-24,42.9949,43.1967,42.5387,42.9774,2023890,0
2011-02-25,43.144,43.6353,42.9774,43.5213,1670516,0
2011-02-28,43.6265,43.8853,43.3984,43.8634,2625334,0
2011-03-01,43.8809,43.9511,43.1616,43.3283,2999151,0
2011-03-02,43.2142,43.8634,43.1177,43.7143,2549413,0
2011-03-03,43.9774,44.4775,43.9073,44.3284,2740540,0
2011-03-04,44.1968,44.3459,43.8546,44.1529,2283016,0
2011-03-07,44.2845,44.4599,43.6704,43.9248,3346647,0
2011-03-08,44.0388,44.7407,43.7581,44.6354,3139797,0
2011-03-09,44.2143,44.7494,43.9248,44.6617,3096701,0
2011-03-10,44.1792,44.5213,43.9248,44.2055,3150205,0
2011-03-11,43.995,44.4512,43.7494,44.2231,2157490,0
2011-03-14,44.0038,44.0827,43.6967,43.9511,2415415,0
2011-03-15,43.0388,43.8546,42.9861,43.2756,2613013,0
2011-03-16,42.8984,43.1616,42.2185,42.4247,3764806,0
2011-03-17,43.1002,43.1002,42.6177,42.7844,2391736,0
2011-03-18,43.223,43.495,43.086999999999996,43.2581,4134086,0
2011-03-21,43.4511,44.1354,43.4423,43.7757,2766393,0
2011-03-22,43.7055,44.0915,43.6002,43.916000000000004,2343584,0
2011-03-23,43.9774,44.0213,43.3634,43.9511,2160129,0
2011-03-24,44.0739,44.2757,43.5213,44.1792,1942003,0
2011-03-25,44.302,44.6529,44.1704,44.188,1676231,0
2011-03-28,44.1704,44.4863,44.0476,44.1704,1665868,0
2011-03-29,44.0915,44.516999999999996,43.8634,44.4248,1531993,0
2011-03-30,44.4863,44.9161,44.3284,44.8723,2480685,0
2011-03-31,44.8635,45.1793,44.8196,45.0126,2487274,0
2011-04-01,45.0653,45.5653,45.0565,45.3372,2326796,0
2011-04-04,45.5214,45.6267,45.2495,45.6267,1958071,0
2011-04-05,45.5302,45.7934,45.3986,45.4337,1577001,0
2011-04-06,45.732,46.4689,45.4864,46.2934,3021821,0
2011-04-07,46.1794,46.4864,45.9601,46.4338,2406729,0
2011-04-08,46.4952,46.4952,45.7758,46.0127,1650633,0
2011-04-11,46.232,46.346000000000004,45.9425,45.9864,1931615,0
2011-04-12,45.8372,45.9109,45.5039,45.653,1674927,0
2011-04-13,45.6355,45.8109,45.2232,45.6706,2550574,0
2011-04-14,45.4951,45.8636,45.074,45.653,1934217,0
2011-04-15,45.6618,45.925,45.324,45.7232,2605278,0
2011-04-18,45.1091,45.5127,45.1091,45.3723,1774049,0
2011-04-19,45.5214,45.5741,45.266999999999996,45.5039,2355621,0
2011-04-20,45.8811,46.3812,45.8548,46.2847,2033756,0
2011-04-21,46.3461,46.4952,46.0917,46.4952,1530067,0
2011-04-25,46.3197,46.7496,46.2934,46.6443,1800598,0
2011-04-26,46.7145,47.3374,46.7145,47.2146,1865715,0
2011-04-27,47.0654,47.662,47.0216,47.6181,1745833,0
2011-04-28,47.5304,47.6093,47.2233,47.5567,1956082,0
2011-04-29,47.468999999999994,47.776,47.4427,47.6883,3684009,0
2011-05-02,47.855,48.1532,47.6532,47.9866,2741094,0
2011-05-03,47.8988,48.2146,47.3988,47.7321,2961554,0
2011-05-04,47.8023,48.1532,47.3374,47.6444,3539003,0
2011-05-05,47.4953,47.4953,46.696999999999996,46.9689,3367656,0
2011-05-06,47.5041,47.5742,46.81100000000001,47.0128,3804786,0
2011-05-09,46.8637,47.4777,46.8637,47.3023,3046148,0
2011-05-10,47.3198,47.7409,47.2848,47.5128,3018299,0
2011-05-11,47.5041,47.5479,46.8154,47.1882,3123370,0
2011-05-12,47.2146,47.9076,47.0917,47.8813,3137723,0
2011-05-13,47.7848,48.0129,47.2409,47.3812,2942363,0
2011-05-16,47.2935,47.4514,46.8637,47.004,2915834,0
2011-05-17,46.81100000000001,47.1795,46.6619,47.0917,2618611,0
2011-05-18,47.0567,47.6356,46.7584,47.583,2152018,0
2011-05-19,47.776,48.1269,47.5129,47.5918,2871961,0
2011-05-20,47.5655,47.7497,47.2321,47.5216,2453302,0
2011-05-23,46.8724,47.0391,46.696999999999996,46.8637,2829213,0
2011-05-24,46.9163,47.004,46.5829,46.7058,2735091,0
2011-05-25,46.6794,46.9075,46.5478,46.7847,3222842,0
2011-05-26,46.696999999999996,47.196999999999996,46.4513,47.0479,2466337,0
2011-05-27,47.0216,47.5128,47.0216,47.4865,1962064,0
2011-05-31,48.0392,48.355,47.7146,48.3462,4273547,0
2011-06-01,48.1445,48.3375,47.7409,47.7409,4457723,0
2011-06-02,47.7234,47.8725,47.3286,47.6093,2661731,0
2011-06-03,47.1005,47.1882,46.5478,46.7408,3221028,0
2011-06-06,46.7145,46.9251,46.425,46.6268,2551931,0
2011-06-07,46.7145,46.9658,46.3899,46.4864,3297254,0
2011-06-08,46.2233,46.3022,45.8548,46.0303,3038078,0
2011-06-09,46.1443,46.5478,45.8723,46.2496,2081841,0
2011-06-10,46.1092,46.1873,45.5653,45.5653,3498092,0
2011-06-13,45.6004,46.3548,45.4162,46.1882,3157157,0
2011-06-14,46.5391,46.6312,46.1618,46.2145,3288086,0
2011-06-15,45.7934,45.9864,45.1881,45.3197,3111666,0
2011-06-16,45.5829,45.5829,45.0477,45.4513,2777129,0
2011-06-17,46.0829,46.1794,45.2583,45.3284,4326168,0
2011-06-20,45.3021,46.2496,44.9863,45.9688,2476984,0
2011-06-21,46.0653,46.3461,45.6881,46.232,2130661,0
2011-06-22,46.1268,46.3812,45.9338,45.9425,2243181,0
2011-06-23,45.4776,45.5829,45.0477,45.5478,4240860,0
2011-06-24,45.6179,45.653,44.8635,44.9337,2823617,0
2011-06-27,44.881,45.4864,44.5828,45.2846,2180554,0
2011-06-28,45.3372,45.7671,45.0916,45.6969,2392039,0
2011-06-29,45.7057,46.232,45.5302,46.0829,3420909,0
2011-06-30,46.31100000000001,46.31100000000001,45.9776,46.2145,2392414,0
2011-07-01,46.1092,47.3637,46.038999999999994,47.276,2969703,0
2011-07-05,47.3725,47.3725,46.9426,47.083,2346763,0
2011-07-06,47.1005,47.6181,46.9952,47.3725,2089185,0
2011-07-07,47.6883,48.2673,47.662,48.2673,2805580,0
2011-07-08,47.7672,48.162,47.1707,47.8111,2748253,0
2011-07-11,47.39,47.5216,47.083,47.2584,2010845,0
2011-07-12,47.3111,47.5479,46.9338,47.2058,2292936,0
2011-07-13,47.3988,47.6269,46.9865,47.1005,1745207,0
2011-07-14,47.2233,47.4775,46.6442,46.7496,1868549,0
2011-07-15,46.8286,47.0128,46.2452,46.5917,2672854,0
2011-07-18,46.2671,46.4162,45.6092,45.9162,1958091,0
2011-07-19,46.2408,46.6531,45.9601,46.5215,2294884,0
2011-07-20,46.1969,46.4864,45.9206,46.0303,2009157,0
2011-07-21,46.1969,47.0567,46.118,46.6312,2372226,0
2011-07-22,46.7233,46.8724,46.4162,46.696999999999996,1657308,0
2011-07-25,46.4075,46.6268,46.0917,46.4601,2437612,0
2011-07-26,46.5215,46.8637,46.4338,46.6531,2912428,0
2011-07-27,46.5391,46.5391,45.8592,45.9513,3747270,0
2011-07-28,45.6881,45.9513,45.1442,45.4205,2527516,0
2011-07-29,45.3109,45.6179,44.8109,45.1705,2909431,0
2011-08-01,45.4074,45.5653,44.0388,44.4336,3429354,0
2011-08-02,44.0915,44.4512,43.4774,43.5125,4238847,0
2011-08-03,43.53,43.7318,43.1002,43.5739,3741852,0
2011-08-04,43.1002,43.2844,42.0036,42.0036,4652091,0
2011-08-05,42.3457,42.951,41.1965,42.4598,7131899,0
2011-08-08,41.565,42.2229,40.0385,40.0473,8582100,0
2011-08-09,40.9684,41.1965,39.5034,41.0561,10674333,0
2011-08-10,40.4157,40.6,39.2314,39.3104,8944058,0
2011-08-11,39.635,41.5211,39.5121,41.0561,6109962,0
2011-08-12,41.2755,41.8632,40.8456,41.4685,4312687,0
2011-08-15,41.5386,42.0124,41.2316,42.0036,3260183,0
2011-08-16,41.3983,42.2405,41.3281,42.0825,3930868,0
2011-08-17,42.1878,42.5036,41.6351,41.9685,3519702,0
2011-08-18,40.714,41.178999999999995,40.2052,40.7228,6389499,0
2011-08-19,40.2403,41.2842,40.1789,40.635,6198403,0
2011-08-22,41.5299,41.6615,40.8456,40.9684,3477727,0
2011-08-23,39.6262,42.3808,39.6262,42.3413,3428709,0
2011-08-24,42.178999999999995,42.8195,41.9597,42.7756,3437523,0
2011-08-25,42.9861,42.9861,41.9948,42.065,5727490,0
2011-08-26,42.2141,42.8282,41.3018,42.7054,4770329,0
2011-08-29,43.0826,43.3458,43.0212,43.336999999999996,7715074,0
2011-08-30,43.223,43.9511,43.0037,43.7318,2850123,0
2011-08-31,44.0213,44.4336,43.6178,43.8897,3806653,0
2011-09-01,44.0652,44.381,43.495,43.5651,2902625,0
2011-09-02,42.9861,43.0739,42.4335,42.5563,2882441,0
2011-09-06,41.5386,42.1966,41.3023,42.1176,3375215,0
2011-09-07,42.3194,43.0037,42.1001,43.0037,2476898,0
2011-09-08,42.916000000000004,43.1967,42.5826,42.7317,2763760,0
2011-09-09,42.2755,42.4422,41.3895,41.7755,4023704,0
2011-09-12,41.3983,42.4335,41.2316,42.3808,3548199,0
2011-09-13,42.5299,42.7317,42.065,42.6352,3043231,0
2011-09-14,42.9598,43.8195,42.3019,43.3327,3674057,0
2011-09-15,43.8108,44.3459,43.3107,44.3371,3003566,0
2011-09-16,44.6354,44.9161,44.0564,44.5301,5499732,0
2011-09-19,43.9423,44.6266,43.7757,44.4161,2613794,0
2011-09-20,44.6793,45.0916,44.338,44.495,2410910,0
2011-09-21,44.4774,44.495,43.0914,43.0914,3729988,0
2011-09-22,41.986000000000004,42.6177,41.0825,41.5737,7613824,0
2011-09-23,41.4334,41.6001,40.9246,41.1965,4802080,0
2011-09-26,41.5474,41.9246,40.9333,41.8895,4121187,0
2011-09-27,42.6791,42.9072,42.0387,42.1352,4540110,0
2011-09-28,42.2405,42.5115,41.7843,41.8194,3842367,0
2011-09-29,42.4247,42.7405,41.5299,42.2141,3513860,0
2011-09-30,41.7492,41.9597,41.3369,41.3632,3818541,0
2011-10-03,40.9596,42.0124,40.7579,40.7666,5655228,0
2011-10-04,40.3192,41.6001,40.2227,41.5211,4824280,0
2011-10-05,41.6351,42.3457,41.0123,42.2405,4287731,0
2011-10-06,42.2229,42.8107,41.7623,42.8019,2687596,0
2011-10-07,43.1528,43.416000000000004,42.6089,42.8633,3192669,0
2011-10-10,43.4862,43.8634,43.223,43.8371,2721187,0
2011-10-11,43.7318,44.3459,43.5564,44.108999999999995,2511805,0
2011-10-12,44.4599,45.1442,44.3371,44.9337,3058897,0
2011-10-13,44.6529,44.8021,44.3722,44.6442,3093493,0
2011-10-14,45.1793,45.4249,44.8723,45.3723,2163096,0
2011-10-17,45.0477,45.2495,44.6354,44.7407,2320721,0
2011-10-18,44.7407,45.5565,44.3898,45.3723,3594563,0
2011-10-19,45.2407,45.5872,44.8196,44.8723,3205437,0
2011-10-20,45.0653,45.3372,44.4248,44.881,3289038,0
2011-10-21,45.2496,45.8548,45.1354,45.8372,2890431,0
2011-10-24,45.8372,46.4426,45.8197,46.1969,2144458,0
2011-10-25,46.0303,46.31100000000001,45.5565,45.6793,4884725,0
2011-10-26,46.1618,46.1618,43.5565,44.5828,5291335,0
2011-10-27,45.5742,46.4075,45.4249,46.2934,4827014,0
2011-10-28,46.0917,46.3724,45.8372,46.1443,2657018,0
2011-10-31,45.7232,46.5917,45.5741,45.9074,4657520,0
2011-11-01,45.1881,45.2231,44.2669,44.4687,4207188,0
2011-11-02,44.4599,45.0302,44.2757,44.6968,2588908,0
2011-11-03,44.8898,45.9522,44.7582,45.7495,3083361,0
2011-11-04,45.4249,45.5214,44.7933,45.2933,2680930,0
2011-11-07,45.1618,45.5565,44.7933,45.4337,2325152,0
2011-11-08,45.8636,46.3987,45.2933,46.3636,2704559,0
2011-11-09,45.5916,45.5916,44.3722,44.5564,2910406,0
2011-11-10,45.1354,45.1881,44.5126,44.9074,2022070,0
2011-11-11,45.2933,45.8285,45.2495,45.7583,1507405,0
2011-11-14,45.5829,45.7057,45.1354,45.3021,1508255,0
2011-11-15,45.0828,46.1004,45.0653,46.0039,2004363,0
2011-11-16,45.5302,45.8811,44.6003,44.6793,2804296,0
2011-11-17,44.4599,44.5652,43.5739,43.8897,3565888,0
2011-11-18,43.9511,44.1529,43.6529,43.7669,2491096,0
2011-11-21,43.4862,43.4862,42.8238,43.2054,2610187,0
2011-11-22,43.03,43.0914,42.586999999999996,42.7844,1849781,0
2011-11-23,42.4773,42.5036,41.9027,41.986000000000004,2142685,0
2011-11-25,41.8018,42.3019,41.7536,42.0475,1565975,0
2011-11-28,42.5422,43.0475,42.5422,42.8896,2859998,0
2011-11-29,43.0125,43.0563,42.5826,42.7756,2243339,0
2011-11-30,43.8458,44.881,43.688,44.8196,3291010,0
2011-12-01,44.8459,45.2933,44.6968,45.1793,2100952,0
2011-12-02,45.6092,45.7144,44.8196,45.0038,1903077,0
2011-12-05,45.846000000000004,46.0478,45.4074,45.6969,2544959,0
2011-12-06,45.7407,46.0215,45.6881,45.7407,2031101,0
2011-12-07,45.3899,45.9916,44.7231,45.7671,3115848,0
2011-12-08,45.5653,45.8811,45.1881,45.2758,2625450,0
2011-12-09,45.538999999999994,46.2759,45.5214,46.038999999999994,1838873,0
2011-12-12,45.7407,45.8109,45.1354,45.4162,2195540,0
2011-12-13,45.6268,46.0303,44.8832,45.1267,2362571,0
2011-12-14,45.0125,45.4337,44.7231,44.8372,2532616,0
2011-12-15,45.1179,45.3109,44.7407,44.8898,1829893,0
2011-12-16,45.153,45.6793,44.9161,45.3811,4608515,0
2011-12-19,45.4074,45.9425,44.9951,45.1354,1757413,0
2011-12-20,45.8723,47.1707,45.8548,47.0479,2938184,0
2011-12-21,47.1619,47.2672,46.3285,47.0654,2671024,0
2011-12-22,47.0918,47.3462,46.9163,47.2233,1572758,0
2011-12-23,47.3725,47.6795,47.2058,47.662,1096672,0
2011-12-27,47.5655,47.8462,47.3812,47.7585,1211559,0
2011-12-28,47.7936,47.8111,47.0128,47.196999999999996,1255873,0
2011-12-29,47.4339,47.8111,47.3111,47.6795,1351280,0
2011-12-30,47.6356,47.9164,47.3549,47.3812,1675961,0
2012-01-03,48.1532,48.2454,47.7234,47.776,2544921,0
2012-01-04,47.7936,47.8901,47.4865,47.718999999999994,1880054,0
2012-01-05,47.7585,48.2146,47.6006,48.0743,2633010,0
2012-01-06,48.0831,48.2497,47.6707,48.1445,2183091,0
2012-01-09,48.0392,48.1532,47.6883,47.9602,1872541,0
2012-01-10,48.0655,48.2059,47.7321,47.9515,2707453,0
2012-01-11,47.8988,48.048,47.7234,47.9076,1969637,0
2012-01-12,47.968999999999994,48.2497,47.7936,48.2146,2058489,0
2012-01-13,47.8813,48.2234,47.6883,48.2059,1790169,0
2012-01-17,48.2497,48.9954,48.1595,48.8287,2356050,0
2012-01-18,48.934,49.5832,48.8222,49.5656,2694913,0
2012-01-19,49.706,49.978,49.434,49.9166,1887274,0
2012-01-20,49.9253,50.092,49.4691,49.8201,2567717,0
2012-01-23,49.9341,50.0657,49.3639,49.7236,2287992,0
2012-01-24,49.3112,49.9078,49.1796,49.7674,2404130,0
2012-01-25,49.3639,49.9955,49.1884,49.9341,3082063,0
2012-01-26,49.1796,49.4253,48.8112,48.9691,3861142,0
2012-01-27,48.9515,49.1861,48.5129,48.548,2931073,0
2012-01-30,48.24100000000001,48.3155,47.855,48.162,3634430,0
2012-01-31,48.3111,48.4866,47.7848,48.0567,3130865,0
2012-02-01,48.4778,48.6708,48.2059,48.2059,3224929,0
2012-02-02,48.3286,48.4786,48.0918,48.0918,2883327,0
2012-02-03,48.6007,48.8463,48.4603,48.6972,2904062,0
2012-02-06,48.3813,48.5392,48.1708,48.3594,2251252,0
2012-02-07,48.2059,48.2497,47.9339,48.1357,2977969,0
2012-02-08,48.0655,48.1839,47.8111,47.8901,2176720,0
2012-02-09,48.1444,48.162,47.7409,47.8725,2638423,0
2012-02-10,47.6795,47.776,47.3023,47.3812,3135401,0
2012-02-13,47.6532,47.9427,47.3549,47.5742,2053679,0
2012-02-14,47.5742,47.7672,47.276,47.5918,2087886,0
2012-02-15,47.4602,47.6707,47.0917,47.1882,2352962,0
2012-02-16,47.3374,47.5304,47.2321,47.2321,2529847,0
2012-02-17,47.3637,47.7848,47.3023,47.5918,2917587,0
2012-02-21,47.662,47.7146,47.0742,47.2497,2374740,0
2012-02-22,47.1619,47.5918,47.1619,47.2058,2196227,0
2012-02-23,47.1444,47.4514,47.1444,47.196999999999996,1855013,0
2012-02-24,47.3374,47.3374,47.0391,47.2146,1758384,0
2012-02-27,47.1093,47.6971,46.7672,47.468999999999994,2057600,0
2012-02-28,47.6795,47.8813,47.3725,47.8462,1987377,0
2012-02-29,47.8199,48.048,47.5874,47.6532,2266190,0
2012-03-01,47.8988,48.2936,47.7672,48.1357,2467090,0
2012-03-02,48.1357,48.1357,47.5918,47.7585,1797814,0
2012-03-05,47.7058,47.9076,47.5128,47.8023,2380542,0
2012-03-06,47.4251,47.8374,47.2146,47.2672,2250077,0
2012-03-07,47.2233,47.7848,47.0567,47.6093,2877945,0
2012-03-08,47.8199,47.9953,47.5962,47.8988,1658888,0
2012-03-09,47.6093,48.3199,47.6093,48.2059,2027040,0
2012-03-12,48.1708,48.3375,48.1006,48.1445,1375488,0
2012-03-13,48.3199,48.4603,47.8901,48.3111,2802438,0
2012-03-14,48.2059,48.6007,47.9866,48.4164,2111596,0
2012-03-15,48.4252,48.6007,48.1006,48.5831,1669609,0
2012-03-16,48.4691,48.6884,48.162,48.3375,3531065,0
2012-03-19,48.2585,48.7936,48.1094,48.5305,1734460,0
2012-03-20,48.162,48.5042,48.1445,48.3199,1798970,0
2012-03-21,48.2146,48.4778,48.1576,48.3199,1315853,0
2012-03-22,48.24100000000001,48.434,48.1006,48.2936,1754868,0
2012-03-23,48.3287,48.5042,48.0304,48.24100000000001,1687875,0
2012-03-26,48.626999999999995,48.9472,48.5743,48.8901,2057687,0
2012-03-27,48.7936,48.9866,48.6445,48.8989,1673203,0
2012-03-28,48.8638,48.9077,48.4515,48.6533,1711248,0
2012-03-29,48.434,48.5831,47.9822,48.2761,1900284,0
2012-03-30,48.4866,48.8463,48.3989,48.4164,2981597,0
2012-04-02,48.3375,49.2937,48.0655,49.0744,2897532,0
2012-04-03,49.2674,49.2674,48.6972,49.0831,3101156,0
2012-04-04,48.9165,48.9165,48.5305,48.6796,2017633,0
2012-04-05,48.6007,48.82,48.4603,48.7761,1306334,0
2012-04-09,48.0655,48.2234,47.8111,47.8725,1944171,0
2012-04-10,47.8199,47.8287,47.1795,47.3023,2665682,0
2012-04-11,47.5742,47.968999999999994,47.3418,47.9164,2482322,0
2012-04-12,47.9427,48.2541,47.8023,48.2322,1355092,0
2012-04-13,48.1708,48.1971,47.8023,47.8023,1595244,0
2012-04-16,47.9252,48.1796,47.7936,47.9866,1640648,0
2012-04-17,48.2497,48.8287,48.1532,48.7322,1841431,0
2012-04-18,48.3375,48.434,47.9076,47.9208,2240470,0
2012-04-19,47.855,48.4164,47.7015,47.9164,2134323,0
2012-04-20,48.2146,48.4164,47.9778,48.2673,2091029,0
2012-04-23,47.8725,48.0743,47.5041,47.8462,1679755,0
2012-04-24,47.9953,48.2585,47.8813,48.0129,1430238,0
2012-04-25,48.2497,48.5919,48.0699,48.5217,1863924,0
2012-04-26,48.4252,48.8638,48.1532,48.7586,1631964,0
2012-04-27,48.7165,49.1182,48.6972,48.9691,1419560,0
2012-04-30,48.7673,49.0305,48.626999999999995,48.7936,1836347,0
2012-05-01,48.5042,48.9954,47.8111,48.434,2616062,0
2012-05-02,48.0217,48.2146,47.8111,47.9866,2950308,0
2012-05-03,48.1445,48.1445,47.637,47.7848,2105037,0
2012-05-04,47.4076,47.4602,46.9163,46.9865,2262621,0
2012-05-07,46.89,47.1356,46.5566,46.9865,1869715,0
2012-05-08,46.7759,47.4602,46.6443,47.1005,2049648,0
2012-05-09,46.6443,47.0303,46.3724,46.7408,2229028,0
2012-05-10,47.1181,47.2848,46.8286,46.9689,1761609,0
2012-05-11,46.8987,47.4427,46.7672,47.1093,1573078,0
2012-05-14,46.7847,47.1532,46.504,46.8461,1777125,0
2012-05-15,46.8461,47.0654,46.4162,46.5917,2653689,0
2012-05-16,46.8812,46.9689,46.6356,46.7847,2461281,0
2012-05-17,46.7672,46.8461,46.0741,46.0741,2660572,0
2012-05-18,46.232,46.2496,45.4425,45.6083,3444493,0
2012-05-21,45.5653,46.31100000000001,45.346000000000004,46.232,1913523,0
2012-05-22,46.2496,46.6443,46.0829,46.4601,1763922,0
2012-05-23,46.232,46.4601,45.8987,46.3548,2222538,0
2012-05-24,46.504,46.81100000000001,46.232,46.6268,2792796,0
2012-05-25,46.4952,46.696999999999996,46.1048,46.2145,1605593,0
2012-05-29,46.6268,46.7145,46.0478,46.3987,1901990,0
2012-05-30,46.1618,46.3875,45.8899,46.0653,1711780,0
2012-05-31,45.9601,46.0653,45.5565,45.7495,2770828,0
2012-06-01,45.0828,45.4337,44.6442,44.6705,2995043,0
2012-06-04,44.8723,45.266999999999996,44.8021,45.2232,2389072,0
2012-06-05,45.0565,45.5302,44.9424,45.4513,2053072,0
2012-06-06,45.3899,46.6005,45.3899,46.5698,2338906,0
2012-06-07,47.1005,47.1005,46.5478,46.6268,2930384,0
2012-06-08,46.4952,47.1532,46.4601,47.0917,1890256,0
2012-06-11,47.3725,47.3725,46.6093,46.6619,2143486,0
2012-06-12,46.8549,47.1356,46.5391,47.1093,1934864,0
2012-06-13,47.0391,47.2672,46.6619,46.81100000000001,1810164,0
2012-06-14,47.0216,47.8374,46.89,47.7409,2768264,0
2012-06-15,47.8901,48.3375,47.7146,48.2848,2727758,0
2012-06-18,48.0567,48.4076,47.9252,48.3375,1589622,0
2012-06-19,48.5392,48.8901,48.3989,48.6621,2109432,0
2012-06-20,48.7147,48.74100000000001,48.1181,48.5217,2142199,0
2012-06-21,48.7235,48.7586,47.8023,47.8462,2270948,0
2012-06-22,48.1094,48.1367,47.8023,47.9866,2545428,0
2012-06-25,47.4865,47.7497,47.1795,47.3023,2439253,0
2012-06-26,47.2672,47.4602,46.9777,47.3111,1840070,0
2012-06-27,47.5742,48.0918,47.4953,47.7936,1842420,0
2012-06-28,47.6006,47.6269,46.9865,47.5304,2414006,0
2012-06-29,48.2848,48.8287,48.1181,48.8287,2777177,0
2012-07-02,48.5919,48.934,48.5217,48.9165,1918120,0
2012-07-03,49.0568,49.126999999999995,48.7147,49.126999999999995,1348611,0
2012-07-05,48.8287,49.7323,48.7322,49.5393,2481468,0
2012-07-06,49.1095,49.4165,48.355,48.626999999999995,1965899,0
2012-07-09,48.6972,48.74100000000001,48.3199,48.7059,1387521,0
2012-07-10,49.0217,49.1007,48.3989,48.6182,1979056,0
2012-07-11,48.6533,48.8375,48.3462,48.6445,1803436,0
2012-07-12,48.4691,48.7235,48.1883,48.5831,2115877,0
2012-07-13,48.5392,49.126999999999995,48.4866,48.9866,1913182,0
2012-07-16,48.7235,49.1358,48.6445,48.8463,1611330,0
2012-07-17,49.1709,49.3463,48.548,49.1621,1639648,0
2012-07-18,49.1182,49.978,49.0305,49.8727,1891198,0
2012-07-19,49.785,49.9516,49.3112,49.5656,2235048,0
2012-07-20,49.6095,49.6709,49.126999999999995,49.2103,3936669,0
2012-07-23,48.4778,48.8726,48.1357,48.7059,1654417,0
2012-07-24,48.8287,48.8463,48.1181,48.4691,1549488,0
2012-07-25,48.7673,48.9252,48.355,48.6094,1977203,0
2012-07-26,49.4428,49.9429,49.1182,49.5832,2379101,0
2012-07-27,49.9166,50.6358,49.7586,50.5306,2252939,0
2012-07-30,50.2587,50.8728,50.1008,50.3025,1972321,0
2012-07-31,50.2148,50.3289,49.592,49.6095,2405226,0
2012-08-01,49.7762,49.7762,48.8726,48.9954,2854684,0
2012-08-02,48.855,49.0831,48.4954,48.9077,2110705,0
2012-08-03,49.5832,50.0218,49.4867,49.9429,1785111,0
2012-08-06,50.0043,50.1534,49.7762,49.8201,1317419,0
2012-08-07,50.1095,50.2675,49.9166,50.1973,1414044,0
2012-08-08,50.1797,50.5043,50.1201,50.4166,1217623,0
2012-08-09,50.3552,50.4078,49.9911,50.1359,1042839,0
2012-08-10,50.0043,50.5657,49.9429,50.5394,1505446,0
2012-08-13,50.3815,50.5219,49.913000000000004,50.1534,1541895,0
2012-08-14,50.478,50.6885,50.1841,50.6885,1941309,0
2012-08-15,50.556999999999995,50.8728,50.4868,50.7412,1422683,0
2012-08-16,50.7412,51.4167,50.7324,51.2588,1550243,0
2012-08-17,51.4605,51.4605,51.0482,51.3289,1598972,0
2012-08-20,51.3553,51.4693,51.0921,51.1974,1196313,0
2012-08-21,51.1272,51.3728,50.8903,51.0307,1442485,0
2012-08-22,50.8903,51.2237,50.6666,50.9517,1400257,0
2012-08-23,50.8026,50.9868,50.5306,50.8552,1074575,0
2012-08-24,50.8377,51.3114,50.7061,51.25,1739698,0
2012-08-27,51.3202,51.5746,51.2051,51.3289,1055657,0
2012-08-28,51.1272,51.3991,50.9868,51.2237,1341744,0
2012-08-29,51.1623,51.3202,50.9254,51.2149,843257,0
2012-08-30,51.0131,51.1272,50.7763,50.8201,1383891,0
2012-08-31,51.2149,51.2763,50.7412,50.9517,1997205,0
2012-09-04,50.7587,51.0833,50.3771,50.9693,1778286,0
2012-09-05,50.9868,51.1787,50.785,51.0482,1167130,0
2012-09-06,51.364,52.1097,51.364,52.0746,1880609,0
2012-09-07,52.136,52.1975,51.7764,51.9781,2002666,0
2012-09-10,51.8641,52.1799,51.75,51.7939,1139812,0
2012-09-11,51.6623,51.8904,51.5313,51.6185,1856100,0
2012-09-12,50.8991,50.9868,50.3025,50.3464,2933262,0
2012-09-13,50.0394,50.9517,50.0394,50.6885,3212608,0
2012-09-14,50.7061,51.2939,50.6973,51.2763,2851387,0
2012-09-17,51.1623,51.3816,51.0482,51.2412,1579580,0
2012-09-18,51.1535,51.3377,51.0482,51.2895,2992280,0
2012-09-19,51.4167,51.5132,51.2588,51.2763,2024734,0
2012-09-20,51.1272,51.4693,51.0482,51.443000000000005,2136620,0
2012-09-21,51.6623,51.9166,51.4342,51.443000000000005,3014380,0
2012-09-24,51.4079,51.8027,51.2238,51.636,1308854,0
2012-09-25,50.7587,51.4167,50.7499,51.2237,2595040,0
2012-09-26,51.2763,51.4342,50.8552,50.9517,2550178,0
2012-09-27,51.0219,51.4781,50.9342,51.2588,1618183,0
2012-09-28,51.2149,51.6009,50.9079,51.4605,1876071,0
2012-10-01,51.3553,51.7062,51.1886,51.3289,2013651,0
2012-10-02,51.3465,51.5395,51.2061,51.3158,2230418,0
2012-10-03,51.5307,51.75,51.2412,51.6448,1348816,0
2012-10-04,51.7588,51.8378,51.5044,51.6711,2347537,0
2012-10-05,52.294,52.601000000000006,52.0834,52.2238,2573387,0
2012-10-08,52.0395,52.0483,51.7281,51.9518,1045197,0
2012-10-09,51.8378,52.0308,51.2325,51.3026,1519806,0
2012-10-10,51.4342,51.4386,51.0131,51.056999999999995,1480373,0
2012-10-11,51.4167,51.4781,51.1052,51.1974,1750242,0
2012-10-12,51.3465,51.556999999999995,51.1272,51.1625,2017890,0
2012-10-15,51.3114,51.7413,51.0658,51.6799,1949308,0
2012-10-16,51.7588,52.1448,51.6799,51.9606,1241282,0
2012-10-17,51.5044,52.1009,51.5044,52.0483,1646717,0
2012-10-18,52.0746,52.0834,51.7237,51.8581,2251078,0
2012-10-19,51.9255,52.0571,51.1447,51.25,2350321,0
2012-10-22,51.056999999999995,51.4869,50.7499,51.056999999999995,1620772,0
2012-10-23,50.6798,50.8201,50.2762,50.6096,1733409,0
2012-10-24,51.056999999999995,51.1447,50.5219,50.7587,1648238,0
2012-10-25,51.1535,51.1965,50.8026,51.0833,1413165,0
2012-10-26,51.0131,51.2061,50.7061,51.0482,1559747,0
2012-10-31,51.1798,51.3904,50.6184,50.6973,2064858,0
2012-11-01,51.5132,52.1536,50.7061,52.0746,3343651,0
2012-11-02,52.3729,52.4168,50.3201,50.3289,2905549,0
2012-11-05,50.1271,50.1359,48.9866,49.4779,3883541,0
2012-11-06,49.785,50.6096,49.5393,50.2762,2038241,0
2012-11-07,49.7674,49.9253,49.0217,49.4428,2574585,0
2012-11-08,49.2147,49.5481,48.5743,48.5831,1967169,0
2012-11-09,48.3901,48.9515,48.1445,48.5129,1987573,0
2012-11-12,48.4866,48.8901,48.4252,48.6182,1510527,0
2012-11-13,48.2848,49.1709,48.2761,48.7673,1612376,0
2012-11-14,48.8375,48.9077,47.9252,48.0436,2241693,0
2012-11-15,48.1006,48.4164,47.8023,47.9602,2599575,0
2012-11-16,47.8813,48.0655,47.39,48.0217,2759456,0
2012-11-19,48.5392,48.6445,47.9778,48.4427,2156813,0
2012-11-20,48.434,48.5217,47.9453,48.3024,1580086,0
2012-11-21,48.2585,48.6313,48.2234,48.6007,1250105,0
2012-11-23,48.7936,49.2498,48.6884,49.2323,760838,0
2012-11-26,49.0217,49.1182,48.626999999999995,48.8375,1249970,0
2012-11-27,48.74100000000001,48.9428,48.548,48.5831,1206410,0
2012-11-28,48.4164,49.0481,48.2936,49.0305,1450241,0
2012-11-29,49.2849,49.4516,49.0042,49.3726,1726754,0
2012-11-30,49.4779,49.8815,49.4254,49.7806,2595673,0
2012-12-03,50.0043,50.0832,49.3814,49.4867,1474536,0
2012-12-04,49.5656,49.8025,49.3639,49.7148,1421781,0
2012-12-05,49.7148,50.3727,49.6183,50.2148,1447744,0
2012-12-06,50.1973,50.6622,50.1885,50.478,1494638,0
2012-12-07,50.5043,50.7938,49.9429,50.2762,1537833,0
2012-12-10,50.1973,50.8026,50.1482,50.2938,1898668,0
2012-12-11,50.4956,51.2149,50.364,50.9079,2098637,0
2012-12-12,50.864,51.1009,50.2499,50.3552,1370445,0
2012-12-13,50.3991,50.785,50.2587,50.5131,1735319,0
2012-12-14,50.3464,50.5921,50.3025,50.3552,1360675,0
2012-12-17,50.285,50.9824,50.0569,50.8377,1988454,0
2012-12-18,50.9166,51.3026,50.364,51.1096,2401288,0
2012-12-19,51.2412,51.3772,50.8377,50.9868,2634785,0
2012-12-20,51.1009,51.2149,50.6447,51.2061,1734624,0
2012-12-21,50.4254,51.0737,50.206,50.5131,4359108,0
2012-12-24,50.3727,50.5833,50.1622,50.4254,825746,0
2012-12-26,50.4254,50.5921,49.8902,50.092,990318,0
2012-12-27,50.1008,50.1797,49.3551,49.9078,1757900,0
2012-12-28,49.513000000000005,50.013000000000005,49.3814,49.4165,1517491,0
2012-12-31,49.1182,50.013000000000005,49.1182,49.9429,2086772,0
2013-01-02,50.9342,51.364,50.6622,51.2237,2824866,0
2013-01-03,51.4167,51.6097,50.6622,51.4254,2251483,0
2013-01-04,51.6009,52.0132,51.3693,51.8795,1855365,0
2013-01-07,51.6009,51.8378,51.2588,51.6799,1503773,0
2013-01-08,51.5746,52.0395,51.4079,51.9781,1689444,0
2013-01-09,52.1097,52.1273,51.6448,51.8553,1940626,0
2013-01-10,52.1799,52.1887,51.7325,52.0395,1818680,0
2013-01-11,52.5747,52.6361,51.9211,52.1273,1335924,0
2013-01-14,52.1273,52.2413,51.9079,52.1185,1770466,0
2013-01-15,52.022,52.0308,51.6799,51.8816,1846864,0
2013-01-16,52.0044,52.0746,51.57899999999999,51.6097,1660860,0
2013-01-17,51.8992,52.0659,51.6799,51.9079,1215028,0
2013-01-18,51.9167,52.3992,51.82899999999999,52.3904,2515632,0
2013-01-22,52.32899999999999,52.6098,51.9957,52.601000000000006,2175473,0
2013-01-23,52.6098,52.6098,52.1185,52.2501,1772693,0
2013-01-24,52.4519,52.6098,52.1448,52.3817,1814225,0
2013-01-25,52.6185,52.6361,52.2281,52.5396,1451941,0
2013-01-28,52.6361,52.6361,52.3027,52.3203,1385632,0
2013-01-29,52.215,52.9344,52.0439,52.8729,2338151,0
2013-01-30,52.7764,52.8554,52.0571,52.1711,1911910,0
2013-01-31,52.0483,52.4343,51.9869,52.0132,2600253,0
2013-02-01,52.5308,53.2677,52.4431,53.2063,2512004,0
2013-02-04,53.0747,53.294,52.1799,52.2413,2815425,0
2013-02-05,52.4957,53.7327,52.2501,53.7151,3086141,0
2013-02-06,53.486999999999995,53.6888,52.8028,53.3116,1957186,0
2013-02-07,53.1888,53.2853,52.4869,53.0747,2097846,0
2013-02-08,53.2589,53.5134,53.0835,53.4475,1813162,0
2013-02-11,53.3291,53.4958,52.8817,52.9344,1366376,0
2013-02-12,52.8466,53.1361,52.6361,52.9519,1342315,0
2013-02-13,53.1273,53.3291,52.6799,53.0309,1806080,0
2013-02-14,52.8554,53.3203,52.6624,53.2853,1704835,0
2013-02-15,53.7414,53.7414,53.294,53.7064,2192741,0
2013-02-19,53.7064,53.9432,53.5923,53.9169,1661840,0
2013-02-20,53.8906,54.1801,53.6274,53.6976,2000710,0
2013-02-21,53.6537,53.6537,52.6975,52.8729,2305166,0
2013-02-22,53.2589,53.5309,52.9344,53.5221,1570009,0
2013-02-25,53.9344,54.1625,53.3028,53.3116,2578118,0
2013-02-26,53.6186,53.8379,53.2677,53.5835,1954782,0
2013-02-27,53.3905,54.2415,53.2151,54.0309,1659768,0
2013-02-28,54.1274,54.1406,53.8292,53.8292,1941943,0
2013-03-01,53.7678,54.1713,53.2414,54.0836,1703353,0
2013-03-04,53.7941,54.2941,53.6011,54.2459,1763774,0
2013-03-05,54.3906,55.0047,54.3204,54.9696,1809912,0
2013-03-06,54.8643,54.8819,54.4169,54.6538,1552234,0
2013-03-07,54.8117,55.7679,54.6538,55.5662,3539409,0
2013-03-08,55.496,55.8907,55.4083,55.5749,2093716,0
2013-03-11,55.6013,56.0487,55.5662,56.0311,1798946,0
2013-03-12,56.0574,56.1276,55.9258,56.1188,1956495,0
2013-03-13,56.1452,56.3294,56.0136,56.3031,1425390,0
2013-03-14,56.3206,57.0487,56.3206,57.04,2501726,0
2013-03-15,56.7329,57.0663,56.4697,56.5662,3560880,0
2013-03-18,56.0311,56.5566,55.9697,56.3381,1639710,0
2013-03-19,56.4171,56.5487,55.8469,56.4171,1573509,0
2013-03-20,56.7154,56.8645,56.2855,56.518,1643036,0
2013-03-21,56.1276,56.4873,55.6451,55.9083,2219952,0
2013-03-22,56.1452,56.3425,55.8381,56.2153,1597694,0
2013-03-25,56.5399,56.6268,55.7591,56.0837,1712092,0
2013-03-26,56.1802,56.847,56.1802,56.8382,1919106,0
2013-03-27,56.4961,56.7856,56.2285,56.7242,1511388,0
2013-03-28,56.5838,57.1277,56.4346,57.0487,2213530,0
2013-04-01,56.7242,57.1803,56.5838,56.7461,1498854,0
2013-04-02,57.153999999999996,57.619,56.8908,57.2681,1929151,0
2013-04-03,57.2505,57.4523,56.6364,56.8031,1600043,0
2013-04-04,56.8908,57.0751,56.4259,56.7768,1206859,0
2013-04-05,56.2329,56.2416,55.5311,55.9434,1689621,0
2013-04-08,55.8732,56.3732,55.7416,56.3732,1087044,0
2013-04-09,56.4522,56.7768,56.0048,56.5487,1504992,0
2013-04-10,56.5311,57.6365,56.3996,57.6014,1392708,0
2013-04-11,57.5839,58.0839,57.4347,57.9962,1196455,0
2013-04-12,58.0137,58.0137,57.4698,57.8207,1511889,0
2013-04-15,57.7242,57.812,56.5311,56.5487,1821943,0
2013-04-16,56.768,57.4347,56.6013,57.3821,1539315,0
2013-04-17,56.8645,57.3909,56.1276,57.3295,2980239,0
2013-04-18,57.7505,57.7856,56.4785,56.6978,1454589,0
2013-04-19,56.4697,57.3997,56.4697,57.2242,2144702,0
2013-04-22,57.2067,57.619,56.768,57.4611,1382805,0
2013-04-23,57.8471,58.2374,57.3821,58.2155,1268414,0
2013-04-24,58.5138,58.7331,58.2901,58.4875,1282094,0
2013-04-25,58.7156,58.7594,58.3295,58.5752,1526278,0
2013-04-26,58.5664,58.5756,58.0751,58.4173,862137,0
2013-04-29,58.3822,58.9963,58.2506,58.8998,949416,0
2013-04-30,58.7682,59.083999999999996,58.6629,59.0752,1641649,0
2013-05-01,59.1191,59.1191,58.5138,58.6191,1541116,0
2013-05-02,58.6278,59.4261,58.426,59.1191,1680510,0
2013-05-03,60.1104,60.7771,59.6718,60.7333,1879793,0
2013-05-06,60.6718,60.6718,60.1192,60.2552,1339080,0
2013-05-07,60.3736,60.6105,60.1192,60.2244,1956068,0
2013-05-08,60.2157,60.356,60.0139,60.1455,2447974,0
2013-05-09,60.435,61.6281,60.356,61.4088,3063607,0
2013-05-10,61.513999999999996,61.6456,61.0403,61.4351,1652934,0
2013-05-13,61.2158,61.5535,61.1807,61.4789,1357260,0
2013-05-14,61.5842,62.2071,61.5754,62.1193,1820895,0
2013-05-15,62.1544,62.943999999999996,62.0667,62.9352,2246241,0
2013-05-16,62.7422,63.0843,62.1808,62.2685,1924837,0
2013-05-17,62.6896,63.1633,62.286,63.1545,2554995,0
2013-05-20,63.1633,63.1633,62.1281,62.3299,2152846,0
2013-05-21,62.3124,62.6615,62.1193,62.3124,1959283,0
2013-05-22,62.365,62.4439,61.4263,61.6369,2787174,0
2013-05-23,61.3298,61.593,61.1631,61.3473,1938190,0
2013-05-24,61.1193,61.2772,60.7859,61.2772,1569804,0
2013-05-28,61.8474,62.3343,61.6018,61.8386,1838212,0
2013-05-29,61.4088,61.5842,60.9701,61.207,1488803,0
2013-05-30,61.4175,61.5842,61.2421,61.2421,1493156,0
2013-05-31,60.9087,61.5491,60.1718,60.2859,3119904,0
2013-06-03,60.2332,61.0666,60.2332,61.013999999999996,2161792,0
2013-06-04,60.9263,61.2947,60.1981,60.5052,1776311,0
2013-06-05,60.2069,60.4438,59.47,59.5314,1735060,0
2013-06-06,59.3735,59.6805,59.0226,59.6016,2233529,0
2013-06-07,60.1016,60.5754,59.8122,60.4525,2050579,0
2013-06-10,60.4964,60.6192,60.163000000000004,60.3385,1139241,0
2013-06-11,59.9437,60.2595,59.6367,59.7507,1594937,0
2013-06-12,59.8735,59.9525,59.005,59.0665,1445356,0
2013-06-13,59.0665,60.0841,58.9173,59.8999,1547276,0
2013-06-14,59.6981,60.1236,59.5226,59.663000000000004,1422699,0
2013-06-17,60.1455,60.6061,59.9964,60.2683,1695701,0
2013-06-18,60.242,61.128,60.1894,61.0579,1280157,0
2013-06-19,60.6017,61.3912,60.4613,60.5666,1904234,0
2013-06-20,60.0402,60.2323,59.7244,59.8297,2492858,0
2013-06-21,60.2508,60.513999999999996,59.6454,60.2508,3197281,0
2013-06-24,60.0227,60.4687,59.7507,59.9876,1812223,0
2013-06-25,60.6718,60.6718,59.7946,60.3911,1316695,0
2013-06-26,60.9701,61.1894,60.6631,60.8385,1709481,0
2013-06-27,61.128,61.3386,60.6982,60.8561,1379800,0
2013-06-28,60.4525,60.856,60.0929,60.4087,3113088,0
2013-07-01,60.3824,61.3386,60.3122,60.9263,1950173,0
2013-07-02,61.2245,61.8386,60.7069,61.4789,2355977,0
2013-07-03,61.1368,61.922,61.0228,61.6193,1057919,0
2013-07-05,61.9702,62.4352,61.4088,62.0667,1534636,0
2013-07-08,62.1808,62.5229,62.0843,62.2597,1357681,0
2013-07-09,62.286,62.5843,62.1895,62.3211,1486083,0
2013-07-10,62.1632,63.0493,62.1457,62.943999999999996,1688738,0
2013-07-11,63.3563,63.6809,62.943999999999996,63.0317,2252796,0
2013-07-12,63.1545,64.4266,63.1019,64.4002,2808998,0
2013-07-15,64.2599,64.3213,63.3563,63.4791,2081721,0
2013-07-16,63.637,63.716,63.2247,63.4265,1303799,0
2013-07-17,63.7511,63.909,63.3914,63.443999999999996,1890260,0
2013-07-18,63.7511,64.0844,63.6546,63.8827,1281095,0
2013-07-19,64.1634,64.1897,63.3914,63.9353,2265347,0
2013-07-22,64.7336,64.7687,63.8563,64.1809,1603254,0
2013-07-23,64.1897,64.3301,63.5844,63.5932,1540757,0
2013-07-24,63.9967,63.9967,63.2072,63.3563,1286077,0
2013-07-25,63.3212,63.5142,62.865,63.3124,1572601,0
2013-07-26,63.2072,63.6019,62.9089,63.5844,1426583,0
2013-07-29,63.3037,63.5919,63.0317,63.251000000000005,926092,0
2013-07-30,63.7686,63.7686,63.1721,63.2861,1252524,0
2013-07-31,63.7072,63.8476,63.1984,63.244,2185462,0
2013-08-01,61.8562,63.1808,61.5053,63.0317,2311956,0
2013-08-02,62.479,62.8299,62.1631,62.7948,2091594,0
2013-08-05,62.751000000000005,62.9089,62.4264,62.8124,2032055,0
2013-08-06,62.7071,63.4967,62.3738,63.3738,1692103,0
2013-08-07,63.2598,63.4089,62.8738,63.1545,1461908,0
2013-08-08,63.4791,63.7335,63.1194,63.4616,1375407,0
2013-08-09,63.2247,63.6884,63.1107,63.5668,1238833,0
2013-08-12,63.1721,63.8914,63.0756,63.8651,1275638,0
2013-08-13,64.0318,64.0669,63.7248,64.0318,2495228,0
2013-08-14,63.9002,64.1151,63.7248,63.7598,1391818,0
2013-08-15,63.3563,63.3738,62.5968,62.8212,1553649,0
2013-08-16,62.6983,63.2335,62.6194,63.0668,1792894,0
2013-08-19,62.8212,63.3738,62.8212,63.0756,1393107,0
2013-08-20,62.9791,63.6107,62.943999999999996,63.4616,1229977,0
2013-08-21,63.2949,63.4967,62.8212,63.0142,1564370,0
2013-08-22,63.1721,63.7248,63.0756,63.5493,809488,0
2013-08-23,63.5844,63.6502,63.1721,63.4089,1324695,0
2013-08-26,61.3123,63.5844,61.3123,63.1896,1099136,0
2013-08-27,62.479,62.7948,62.1983,62.2334,1631774,0
2013-08-28,62.3913,62.6334,62.1544,62.2334,1589228,0
2013-08-29,62.093,62.8475,61.7772,62.5492,1417651,0
2013-08-30,62.5404,62.558,62.0755,62.4264,1505990,0
2013-09-03,63.1457,63.5581,62.286,62.6457,1816191,0
2013-09-04,61.4877,63.2686,61.1982,63.2072,1672351,0
2013-09-05,63.0142,63.4967,62.9791,63.4616,1167603,0
2013-09-06,63.5581,64.2862,62.6106,64.1546,2315684,0
2013-09-09,64.1634,64.8647,64.1634,64.7336,1701303,0
2013-09-10,65.2512,65.2512,64.6897,64.6897,3155981,0
2013-09-11,64.3564,65.01,64.1985,64.9266,3066265,0
2013-09-12,64.8389,65.3652,64.6985,65.0757,1336110,0
2013-09-13,65.1196,65.2038,64.4441,64.9968,1882355,0
2013-09-16,65.6635,65.7337,64.9441,65.0056,1977515,0
2013-09-17,65.1284,65.2775,64.8301,65.0582,2295138,0
2013-09-18,65.067,65.6679,64.6985,65.567,1654128,0
2013-09-19,65.6986,65.7512,65.3389,65.5144,1657367,0
2013-09-20,65.5846,65.6898,65.2336,65.2951,2410343,0
2013-09-23,65.0933,65.4617,63.7862,64.1546,3039147,0
2013-09-24,63.5581,64.3037,63.4178,63.9967,1918665,0
2013-09-25,64.1195,64.2336,63.443999999999996,63.6195,1172515,0
2013-09-26,63.8914,64.21600000000001,63.6604,63.9704,1199344,0
2013-09-27,63.7818,63.8002,62.8212,63.6546,1396033,0
2013-09-30,63.4353,63.6107,63.0677,63.4967,1762344,0
2013-10-01,63.6721,63.6721,63.0668,63.3037,1485427,0
2013-10-02,63.1633,63.2554,62.865,63.1808,1729688,0
2013-10-03,62.9089,63.1633,62.1895,62.3738,1362596,0
2013-10-04,62.5141,62.8212,62.2334,62.7422,1240975,0
2013-10-07,62.1895,62.5931,61.8649,62.3036,880558,0
2013-10-08,62.4089,62.4966,61.5579,61.6193,1503077,0
2013-10-09,61.6281,61.9351,61.3298,61.6544,1415390,0
2013-10-10,62.1457,63.1019,61.9439,62.9966,1402502,0
2013-10-11,62.5141,63.6283,62.4799,63.6107,1076046,0
2013-10-14,63.4791,63.9441,63.2839,63.9177,987343,0
2013-10-15,63.637,63.7818,63.3212,63.443999999999996,1791176,0
2013-10-16,63.9967,64.7336,63.7949,64.6722,1814173,0
2013-10-17,64.4002,65.0494,64.2599,64.988,1412504,0
2013-10-18,65.0494,65.3565,64.8038,65.0845,1722746,0
2013-10-21,64.9091,65.5758,64.8213,65.5319,1238597,0
2013-10-22,65.7249,66.4531,65.4793,66.1899,1366720,0
2013-10-23,66.0056,66.067,65.6416,65.8916,1111598,0
2013-10-24,66.0583,66.3565,65.9179,66.1548,1389852,0
2013-10-25,66.067,66.418,65.76,66.2425,1167827,0
2013-10-28,66.0758,66.7425,65.9267,66.3829,1649357,0
2013-10-29,66.7075,67.2514,66.2951,66.9794,1683396,0
2013-10-30,66.5934,66.5934,64.7161,65.181,2169549,0
2013-10-31,65.1459,66.0144,64.9266,65.817,2727019,0
2013-11-01,66.1021,66.2162,65.6986,66.067,1852344,0
2013-11-04,66.4267,66.5934,65.7512,66.2425,1581083,0
2013-11-05,66.0144,66.3829,65.567,66.2425,1166933,0
2013-11-06,66.0934,66.7162,66.0758,66.5232,1254660,0
2013-11-07,66.804,67.032,65.9793,66.0846,1532707,0
2013-11-08,66.1811,66.6987,65.9793,66.6811,1379200,0
2013-11-11,66.5232,66.7075,66.2337,66.4618,1166717,0
2013-11-12,66.4004,66.5846,66.1372,66.4267,1812594,0
2013-11-13,66.3653,67.111,66.0039,67.0671,2437549,0
2013-11-14,67.2338,67.9269,67.1199,67.5233,2190298,0
2013-11-15,67.4356,67.9005,67.1549,67.8391,2347742,0
2013-11-18,67.8654,68.1637,67.6725,67.8654,1761619,0
2013-11-19,69.1287,70.5674,68.6724,69.92699999999999,6780229,0
2013-11-20,70.1025,70.2955,69.1375,69.348,2875802,0
2013-11-21,69.5849,70.0674,69.4182,69.9884,1925045,0
2013-11-22,69.8744,70.2165,69.7955,70.1902,1550367,0
2013-11-25,70.1814,70.5323,70.1288,70.2867,1687196,0
2013-11-26,72.9711,73.5326,70.006,70.4534,2319489,0
2013-11-27,70.4446,70.6332,70.1463,70.4709,1063364,0
2013-11-29,70.3393,70.7517,70.1639,70.199,835024,0
2013-12-02,70.1376,70.2955,69.6902,69.8042,1367495,0
2013-12-03,70.4885,70.9008,69.9218,70.4797,2847256,0
2013-12-04,70.0849,70.3043,69.0761,69.5937,1861518,0
2013-12-05,69.2603,69.7691,68.7769,68.8919,2218868,0
2013-12-06,69.6989,69.9797,69.4182,69.8832,1870669,0
2013-12-09,69.9183,69.9797,68.9182,69.3129,2375416,0
2013-12-10,69.1813,69.348,68.7427,68.8743,2000376,0
2013-12-11,68.6901,68.9094,67.7382,67.9269,2905432,0
2013-12-12,67.7339,68.2076,67.6374,67.6812,2987246,0
2013-12-13,68.1286,68.2251,67.5321,67.5672,1654761,0
2013-12-16,68.0146,68.4006,67.7163,68.0014,1359199,0
2013-12-17,67.3742,68.0058,67.2163,67.76899999999999,1713556,0
2013-12-18,68.1813,69.4358,67.6549,69.3831,2858870,0
2013-12-19,69.6112,70.0499,69.1901,69.67699999999999,2483235,0
2013-12-20,69.6726,70.392,69.2866,70.1551,3547287,0
2013-12-23,70.4534,70.5323,69.9358,70.1288,1433640,0
2013-12-24,69.9884,70.4359,69.8305,70.3744,599584,0
2013-12-26,70.5762,70.9447,70.2955,70.8394,875281,0
2013-12-27,71.0236,71.1815,70.6727,70.8131,723026,0
2013-12-30,70.9008,71.1464,70.6288,71.1289,718685,0
2013-12-31,71.2692,71.5412,70.7517,70.8824,1104615,0
2014-01-02,70.3306,70.5762,69.6375,70.0586,1965869,0
2014-01-03,70.3657,71.3833,70.1814,70.8218,1948060,0
2014-01-06,70.7166,71.0324,69.6463,70.0148,1535046,0
2014-01-07,70.1639,71.0763,70.0849,70.8657,1376249,0
2014-01-08,70.4446,70.8306,70.1025,70.4885,1870092,0
2014-01-09,72.8132,72.8132,70.6464,70.7341,1444744,0
2014-01-10,71.1113,71.1552,70.1463,70.4885,1474254,0
2014-01-13,70.4271,70.4709,69.1638,69.348,2087483,0
2014-01-14,69.5761,70.2078,69.2515,70.1376,1607089,0
2014-01-15,70.1814,70.7429,69.92699999999999,70.2604,2025134,0
2014-01-16,70.2165,70.4095,69.9273,70.0148,1050168,0
2014-01-17,69.7604,70.4797,69.6902,70.1551,2741113,0
2014-01-21,70.5499,70.8815,70.0148,70.4622,1448118,0
2014-01-22,70.5411,70.8131,70.2165,70.5148,1304400,0
2014-01-23,71.8746,72.3746,69.1813,69.5761,1433790,0
2014-01-24,69.1375,69.1463,67.5145,67.5233,2143043,0
2014-01-27,66.9794,68.0146,66.9794,67.111,1735114,0
2014-01-28,67.0057,67.7251,66.8546,67.57600000000001,1559160,0
2014-01-29,67.0584,67.7601,66.8303,67.1373,1638378,0
2014-01-30,67.5058,68.1112,66.9794,67.8128,1398235,0
2014-01-31,66.6724,67.6724,66.6197,67.1987,1861612,0
2014-02-03,67.2075,67.3566,64.7336,64.988,3181252,0
2014-02-04,68.3567,68.3567,63.0843,65.7512,3906522,0
2014-02-05,66.9531,66.9531,63.7686,64.5055,2865055,0
2014-02-06,64.4353,65.2117,64.1283,65.0933,2357363,0
2014-02-07,65.2687,65.76,64.874,65.6986,1696106,0
2014-02-10,66.2162,66.3302,64.7687,65.3126,2007864,0
2014-02-11,65.0231,65.7074,64.9266,65.4968,2522108,0
2014-02-12,66.2951,66.5846,65.6197,66.3039,4027640,0
2014-02-13,66.0144,66.918,65.9706,66.8566,2027465,0
2014-02-14,66.4531,67.1021,66.0583,66.9092,1710591,0
2014-02-18,67.0671,67.1724,66.4618,67.1022,1792625,0
2014-02-19,66.7075,67.5145,66.5934,66.804,1605411,0
2014-02-20,66.8829,67.4531,66.5495,67.1198,1245236,0
2014-02-21,67.3566,67.5409,66.7776,66.8478,1955623,0
2014-02-24,66.9443,67.9707,66.8478,67.3742,1727192,0
2014-02-25,67.5321,67.7514,66.9181,67.5584,1560856,0
2014-02-26,67.9444,68.0058,67.383,67.9181,2294405,0
2014-02-27,67.6549,68.3392,67.6374,68.1813,2008915,0
2014-02-28,68.3216,68.8392,67.7251,68.2339,2351364,0
2014-03-03,67.5935,67.7207,66.9619,67.2601,1752666,0
2014-03-04,68.1637,68.8831,68.0409,68.8217,2584785,0
2014-03-05,68.4269,68.5883,67.9707,68.1813,1663632,0
2014-03-06,68.3216,68.6287,68.1111,68.4532,1342603,0
2014-03-07,68.8217,69.2392,68.5497,68.9182,1606991,0
2014-03-10,68.9445,69.0585,68.225,68.6111,1696567,0
2014-03-11,68.7252,68.8304,68.0848,68.3392,1365947,0
2014-03-12,67.7865,68.2236,67.5496,68.1549,1671425,0
2014-03-13,68.2339,68.3918,67.2777,67.5409,2768729,0
2014-03-14,68.0234,68.2602,67.383,68.0321,2310891,0
2014-03-17,68.3567,68.8655,68.1725,68.8568,2588926,0
2014-03-18,68.7515,69.3393,68.6725,69.2954,1759882,0
2014-03-19,69.3744,69.3744,68.2515,68.6813,1384832,0
2014-03-20,68.2953,68.8831,68.1286,68.7252,1180038,0
2014-03-21,69.5937,69.6463,67.9883,68.2076,4637467,0
2014-03-24,68.3041,68.4269,66.8127,67.0671,1960488,0
2014-03-25,67.2777,67.8483,66.9268,67.2689,1600653,0
2014-03-26,67.6374,67.76899999999999,66.8478,66.8478,1415252,0
2014-03-27,66.7162,67.304,66.2776,67.2601,2164668,0
2014-03-28,67.5584,68.1374,67.1724,67.5058,1322152,0
2014-03-31,67.6724,68.0935,67.3566,67.7777,1451642,0
2014-04-01,67.5935,68.0146,67.2338,67.9883,1767189,0
2014-04-02,67.9093,68.3304,67.7777,68.1374,1666949,0
2014-04-03,68.4094,68.4269,67.5672,67.8742,1186584,0
2014-04-04,68.2251,68.2339,66.4706,66.5145,2023253,0
2014-04-07,66.6461,66.8391,65.8127,66.032,1711915,0
2014-04-08,66.1986,66.6197,65.9337,66.2864,1664666,0
2014-04-09,66.2074,66.6373,65.8477,66.5671,1587637,0
2014-04-10,68.4971,68.5366,65.9881,65.9881,3725432,0
2014-04-11,65.5056,66.0492,64.6459,64.681,2730515,0
2014-04-14,65.2775,65.4179,64.3739,65.1284,1980559,0
2014-04-15,65.181,65.9091,64.7424,65.8653,2109087,0
2014-04-16,66.4092,66.4092,65.5232,66.1723,1927514,0
2014-04-17,66.0056,67.0671,65.9706,66.9443,2039426,0
2014-04-21,66.4706,67.0584,66.4706,66.725,926149,0
2014-04-22,66.7864,67.2075,66.4618,66.9619,1189729,0
2014-04-23,66.5495,67.1461,66.5495,66.9268,1389511,0
2014-04-24,67.4093,67.5672,66.9531,67.2163,1531964,0
2014-04-25,66.8829,67.2689,66.2337,66.3741,1437750,0
2014-04-28,66.7075,67.1373,65.7863,66.3916,2119091,0
2014-04-29,66.8127,67.6637,66.6899,67.5409,1889768,0
2014-04-30,66.7162,68.7339,66.7075,68.3918,2138172,0
2014-05-01,68.4006,68.6638,67.8742,68.0935,1289665,0
2014-05-02,68.1637,68.6024,67.8128,68.0234,1759994,0
2014-05-05,67.7953,68.383,67.3303,68.3129,1219932,0
2014-05-06,67.9356,68.07600000000001,67.5233,67.6023,1689270,0
2014-05-07,67.76899999999999,68.0058,67.0759,67.9532,2112680,0
2014-05-08,67.8304,68.57600000000001,67.6724,68.2953,1837554,0
2014-05-09,68.0935,68.655,67.997,68.4883,1352420,0
2014-05-12,68.4181,69.4094,68.4181,69.2077,1319353,0
2014-05-13,69.2164,69.4094,68.9489,69.234,1243182,0
2014-05-14,69.3217,69.3919,68.3778,68.5059,1004824,0
2014-05-15,68.2953,68.4269,67.0847,67.3303,2112931,0
2014-05-16,67.4707,68.2865,67.0671,68.2602,1829827,0
2014-05-19,68.0058,68.5322,67.8654,68.4708,1121570,0
2014-05-20,68.5585,68.5585,67.8764,68.0409,1650950,0
2014-05-21,68.4883,68.4883,67.9181,68.1813,1300842,0
2014-05-22,68.3304,68.6725,68.0058,68.4971,994018,0
2014-05-23,68.7076,69.1989,68.5497,69.1726,968451,0
2014-05-27,69.3129,69.5674,69.1813,69.5674,1172416,0
2014-05-28,69.9358,69.9972,69.1375,69.1901,1252142,0
2014-05-29,69.4621,69.8042,69.2164,69.7954,1062810,0
2014-05-30,69.9621,70.0762,69.6288,69.9007,2221524,0
2014-06-02,69.8744,70.1113,69.4358,69.6375,980440,0
2014-06-03,69.234,69.6375,68.9006,69.0498,2296590,0
2014-06-04,68.7164,69.1638,68.5015,69.155,2334556,0
2014-06-05,69.12,69.1638,68.4445,69.041,1515173,0
2014-06-06,69.4533,69.8928,69.1287,69.8393,1412444,0
2014-06-09,69.813,70.2911,69.7691,70.1814,1281913,0
2014-06-10,69.9358,70.506,69.6288,69.6551,1980233,0
2014-06-11,68.9533,69.2691,68.5146,68.9006,1604428,0
2014-06-12,68.4971,68.9796,68.383,68.6462,1169398,0
2014-06-13,68.9006,69.3612,68.6462,69.1375,1083133,0
2014-06-16,68.8392,69.4182,68.8217,68.9971,1027306,0
2014-06-17,68.848,69.1463,68.6111,68.6199,1954364,0
2014-06-18,68.6199,69.041,68.3567,68.962,2240077,0
2014-06-19,69.1989,69.234,68.7339,68.8304,1646681,0
2014-06-20,69.1813,69.8832,68.8655,69.6989,3498457,0
2014-06-23,69.62,69.8218,69.1813,69.4972,921176,0
2014-06-24,69.4358,69.8527,69.1726,69.3568,1044404,0
2014-06-25,69.0936,69.6902,68.962,69.5235,1038088,0
2014-06-26,69.5498,69.5498,68.9796,69.4007,878109,0
2014-06-27,69.3568,69.7903,69.1771,69.7253,1364310,0
2014-06-30,69.4182,69.734,69.1463,69.5498,1119752,0
2014-07-01,69.8481,70.6727,69.4796,70.506,1643478,0
2014-07-02,70.1902,70.4885,69.8393,70.3744,1396946,0
2014-07-03,70.1814,70.7166,70.1814,70.699,775450,0
2014-07-07,70.3393,70.6376,70.2692,70.5674,1102109,0
2014-07-08,70.4973,70.8833,70.2867,70.5938,1513432,0
2014-07-09,70.7692,70.8131,70.3481,70.5938,943479,0
2014-07-10,70.8833,70.8833,69.9797,70.3086,953225,0
2014-07-11,70.4183,70.4446,69.8481,70.2955,1069216,0
2014-07-14,70.5236,70.6201,70.3218,70.4797,801574,0
2014-07-15,70.4885,70.8043,70.0849,70.4797,930275,0
2014-07-16,70.7517,70.778,70.4622,70.6201,984821,0
2014-07-17,70.2165,70.6464,70.0586,70.1463,1066578,0
2014-07-18,70.5587,71.1947,70.199,71.085,1390601,0
2014-07-21,70.699,71.1201,70.5411,71.0412,1002535,0
2014-07-22,71.1991,71.7474,71.0806,71.6552,833304,0
2014-07-23,71.55,71.8307,71.3131,71.7868,1043717,0
2014-07-24,71.5851,72.3834,71.5763,72.3132,1267638,0
2014-07-25,72.3922,72.4799,71.9711,72.4711,1197562,0
2014-07-28,72.3483,72.4711,71.857,72.3658,882530,0
2014-07-29,72.4974,72.5413,71.8219,71.8219,1321632,0
2014-07-30,72.2255,72.3395,71.6833,72.0676,1667184,0
2014-07-31,72.1377,72.3746,70.9973,71.3307,1638190,0
2014-08-01,70.9447,71.7868,70.9447,71.5324,1687668,0
2014-08-04,71.3394,71.4973,70.699,71.2429,2117064,0
2014-08-05,71.2605,71.2605,70.3218,70.6025,1537227,0
2014-08-06,70.5499,70.7692,70.2999,70.4973,1039691,0
2014-08-07,70.778,71.0324,70.0148,70.2429,1320666,0
2014-08-08,70.3569,71.3043,70.3569,71.164,1285203,0
2014-08-11,71.2429,71.7079,71.1991,71.357,983637,0
2014-08-12,71.1552,71.6552,70.9973,71.2956,1023057,0
2014-08-13,71.7079,71.9974,71.2078,71.936,1059058,0
2014-08-14,73.4975,73.4975,71.664,72.2781,795070,0
2014-08-15,72.9361,72.9448,71.6465,72.1728,1655207,0
2014-08-18,72.4799,73.1027,72.37899999999999,73.0326,941475,0
2014-08-19,72.822,73.2957,72.7694,73.1905,841192,0
2014-08-20,73.1291,73.4098,72.62899999999999,73.3133,1078073,0
2014-08-21,73.3133,73.7519,73.0501,73.594,810956,0
2014-08-22,73.7344,73.866,73.0589,73.2431,914519,0
2014-08-25,73.3659,73.6379,73.0501,73.3572,845332,0
2014-08-26,73.3396,73.8923,73.1848,73.5326,1068826,0
2014-08-27,73.4712,73.6642,73.1905,73.40100000000001,863274,0
2014-08-28,72.8396,73.4449,72.8396,73.2519,832293,0
2014-08-29,73.6466,73.6466,72.7343,73.2343,1556882,0
2014-09-02,73.4098,73.6379,73.0501,73.4186,1207029,0
2014-09-03,73.7695,73.8309,73.3396,73.4975,1064745,0
2014-09-04,73.40100000000001,74.0765,73.3659,73.5238,883660,0
2014-09-05,73.4186,74.0151,73.3572,73.9888,1200956,0
2014-09-08,73.6116,74.1116,73.4624,73.7695,860554,0
2014-09-09,73.5589,73.7344,73.208,73.3484,1001746,0
2014-09-10,73.094,73.3835,72.7431,73.3484,1279510,0
2014-09-11,73.0764,73.1729,72.5413,72.9887,1346780,0
2014-09-12,73.0413,73.1466,72.2255,72.8308,1689940,0
2014-09-15,72.7606,73.3484,72.4185,73.2168,1240043,0
2014-09-16,72.4273,73.3001,72.4273,73.1729,1389454,0
2014-09-17,73.2256,73.2606,72.6466,73.1203,1426796,0
2014-09-18,73.2431,73.9625,73.0852,73.8572,1611840,0
2014-09-19,74.173,74.28699999999999,73.3045,73.5852,2367344,0
2014-09-22,73.1817,73.4887,72.6115,72.8922,1243157,0
2014-09-23,72.7606,72.8922,72.4536,72.4711,1247456,0
2014-09-24,72.3922,73.7431,72.2781,73.6291,1356148,0
2014-09-25,73.3484,73.3484,72.2167,72.2518,1731590,0
2014-09-26,72.1465,72.6028,71.7605,72.4536,1663719,0
2014-09-29,71.9886,72.7343,71.857,72.6466,1689400,0
2014-09-30,73.1115,73.208,72.5501,72.8834,2358037,0
2014-10-01,73.03,73.08,71.41,71.42,3540258,0
2014-10-02,71.71,72.63,71.51,72.5,3007958,0
2014-10-03,73.56,75.04,73.55,74.85,4475419,0
2014-10-06,74.96,75.04,74.29,74.52,2919471,0
2014-10-07,74.34,74.5,73.48,73.52,2233272,0
2014-10-08,73.5,74.98,73.26,74.78,2078845,0
2014-10-09,74.8,74.9499,73.16,73.19,1972846,0
2014-10-10,73.25,73.82,72.65,72.66,2395942,0
2014-10-13,72.82,73.12,71.93,71.95,2058736,0
2014-10-14,72.56,72.98,72.25,72.64,2088129,0
2014-10-15,72.0,72.34,70.498,71.78,2482932,0
2014-10-16,70.79,72.15,70.69,71.63,2179303,0
2014-10-17,72.51,72.98,71.51,72.68,1700389,0
2014-10-20,72.54,73.39,72.35,73.35,2125360,0
2014-10-21,73.63,74.89,73.25,74.805,1565250,0
2014-10-22,75.01,75.18,74.56,74.61,1416149,0
2014-10-23,75.75,76.2,75.22,75.44,1462300,0
2014-10-24,75.78,76.2499,75.47,76.2,1131834,0
2014-10-27,76.25,76.5999,75.95,76.47,1103391,0
2014-10-28,76.94,77.32,76.22,77.26,2314789,0
2014-10-29,77.09,78.1,76.93,77.92,1357079,0
2014-10-30,77.89,79.39,77.3,78.95,2113807,0
2014-10-31,80.61,81.99,79.86,81.78,3712308,0
2014-11-03,81.5,82.47,81.48,81.74,2707632,0
2014-11-04,82.35,83.36,82.0,83.15,2508301,0
2014-11-05,83.78,84.38,83.33,84.3,2325867,0
2014-11-06,84.66,85.1,84.15,84.745,2126487,0
2014-11-07,84.87,84.98,83.68,84.375,2441261,0
2014-11-10,84.31,85.2799,84.06,85.12,1611442,0
2014-11-11,85.09,85.32,84.64,84.95,1267082,0
2014-11-12,84.77,85.54,84.6301,85.205,1516225,0
2014-11-13,85.43,85.89,84.98,85.41,1451594,0
2014-11-14,85.41,85.52799999999999,84.46,84.75,1853091,0
2014-11-17,84.7,85.08,84.54,84.84,1531819,0
2014-11-18,84.85,85.12,84.45,84.75,1807257,0
2014-11-19,84.79,84.79,84.06,84.27,2362385,0
2014-11-20,84.28,84.42,83.6,84.115,2507416,0
2014-11-21,85.22,85.22,83.81,84.14,2692005,0
2014-11-24,84.51,84.9195,84.43,84.785,2295447,0
2014-11-25,84.69,85.066,84.49,84.52,1852610,0
2014-11-26,84.72,84.96,84.36,84.86,1997058,0
2014-11-28,85.26,86.26,84.81,85.64,1267266,0
2014-12-01,85.18,86.5,85.0,86.07,2054985,0
2014-12-02,86.45,86.54,85.62,85.8,1676123,0
2014-12-03,85.49,86.0,84.99,85.94,1878416,0
2014-12-04,86.06,86.42,85.73,86.055,1553066,0
2014-12-05,85.79,85.92,85.11,85.82,1792105,0
2014-12-08,85.36,86.01,85.05,85.59,1674151,0
2014-12-09,85.18,85.59,84.36,85.255,1943754,0
2014-12-10,84.56,85.54,83.98,84.13,2024896,0
2014-12-11,85.53,85.57,84.43,84.6,1976754,0
2014-12-12,83.47,84.65,82.5,82.5,2415621,0
2014-12-15,82.81,83.42,82.038,82.78,1848890,0
2014-12-16,82.77,84.07,82.43,82.91,1989960,0
2014-12-17,82.62,84.8599,82.62,84.685,1906227,0
2014-12-18,85.87,85.94,85.03,85.68,3535524,0
2014-12-19,85.45,86.15,84.66,84.71,4230483,0
2014-12-22,84.72,85.72,84.61,85.7,1672130,0
2014-12-23,86.31,86.47,85.14,85.17,2343955,0
2014-12-24,85.13,85.6075,85.03,85.24,1060288,0
2014-12-26,85.57,85.91,85.1301,85.2,1006527,0
2014-12-29,85.02,85.24,84.82,84.87,1242621,0
2014-12-30,84.74,84.91,84.01,84.11,1427678,0
2014-12-31,84.38,84.87,83.36,83.37,1805520,0
2015-01-02,82.98,84.18,82.52,83.29,1872279,0
2015-01-05,83.25,84.44,82.95,83.23,3273231,0
2015-01-06,83.3,83.74,81.96,82.535,2569709,0
2015-01-07,82.22,83.32,81.8,83.26,2078972,0
2015-01-08,83.96,85.18,83.63799999999999,85.17,3358749,0
2015-01-09,85.05,85.19,84.11,84.56,1751626,0
2015-01-12,84.72,85.04,83.81,84.145,1326100,0
2015-01-13,84.8,85.5,83.29,83.98,1924069,0
2015-01-14,83.08,83.99,82.97,83.735,1792204,0
2015-01-15,83.87,84.34,83.33,83.7,1434838,0
2015-01-16,83.56,84.64,83.16,84.57,2261450,0
2015-01-20,84.83,85.22,83.79,84.97,1572181,0
2015-01-21,84.56,85.15,84.1,84.56,1729877,0
2015-01-22,85.0,86.79,84.0,86.61,1980007,0
2015-01-23,86.65,87.18,86.389,86.85,2088011,0
2015-01-26,86.25,86.8926,85.49,86.57,1527596,0
2015-01-27,85.71,86.44,84.78,85.63,1697276,0
2015-01-28,85.86,86.3,84.46,84.53,2136996,0
2015-01-29,84.45,84.82,83.5,84.35,2968940,0
2015-01-30,83.96,84.24,82.47,82.53,4076699,0
2015-02-02,81.82,83.5,81.7116,83.44,2810151,0
2015-02-03,84.18,85.36,83.51,85.14,3448977,0
2015-02-04,87.14,87.1806,85.67,86.58,3659204,0
2015-02-05,86.43,87.19,85.89,87.17,2151327,0
2015-02-06,87.15,87.35,86.23,86.44,2391236,0
2015-02-09,86.01,86.49,85.74,86.01,1700893,0
2015-02-10,86.19,86.75,85.65,86.52,2552171,0
2015-02-11,86.71,87.23,86.3,86.82,1816225,0
2015-02-12,87.2,87.79,86.98,87.745,1872978,0
2015-02-13,87.95,88.75,87.78,88.75,1936987,0
2015-02-17,87.76,88.07,86.545,87.11,3990945,0
2015-02-18,86.6,87.73,86.6,87.59,1764197,0
2015-02-19,87.61,87.83,86.86,87.73,1568519,0
2015-02-20,87.81,88.75,87.04,88.685,2010949,0
2015-02-23,88.73,89.24,88.23,89.17,1801431,0
2015-02-24,89.17,89.38,88.51,89.26,1418717,0
2015-02-25,89.33,89.7,88.79,89.07,1617915,0
2015-02-26,89.19,89.25,88.61,88.84,1426287,0
2015-02-27,88.85,89.44,88.45,88.84,1815944,0
2015-03-02,88.88,90.23,88.58,90.18,1771365,0
2015-03-03,89.55,89.99,88.33,88.7,3012171,0
2015-03-04,88.25,88.3,86.52,86.575,3306010,0
2015-03-05,86.59,86.91,86.26,86.75,2728568,0
2015-03-06,86.33,86.97,85.84,85.995,2010986,0
2015-03-09,86.4,87.0,85.86,86.84,1481848,0
2015-03-10,86.06,86.31,85.15,85.15,1915348,0
2015-03-11,84.99,85.44,84.64,84.985,1721823,0
2015-03-12,85.41,86.49,85.12,86.39,1190710,0
2015-03-13,86.09,86.47,85.32,85.88,1650621,0
2015-03-16,86.52,87.53,86.2,87.35,1663763,0
2015-03-17,86.91,87.32,86.56,86.64,1986173,0
2015-03-18,86.63,87.76,85.56,87.35,1928036,0
2015-03-19,87.38,87.79,87.27,87.37,2143890,0
2015-03-20,87.8,88.005,87.48,87.77,4119092,0
2015-03-23,88.02,88.02,87.29,87.305,1593071,0
2015-03-24,87.15,87.6,86.96,86.965,1167837,0
2015-03-25,87.13,87.155,84.74,84.74,1707068,0
2015-03-26,84.26,84.77,83.911,84.41,1599903,0
2015-03-27,84.34,84.91,84.2,84.63,1424992,0
2015-03-30,84.96,86.17,84.9176,85.89,1139776,0
2015-03-31,85.35,86.3375,85.18,85.64,1682183,0
2015-04-01,85.73,85.73,84.33,85.26,1502882,0
2015-04-02,85.85,86.58,85.47,85.92,1699873,0
2015-04-06,85.66,86.66,85.4154,86.25,1449702,0
2015-04-07,86.23,86.63,85.82,85.855,1039589,0
2015-04-08,85.69,86.7,85.53,86.57,1328525,0
2015-04-09,86.45,86.74,85.67,86.6,1155351,0
2015-04-10,86.76,86.79,86.16,86.34,1857474,0
2015-04-13,86.12,86.7,85.76,85.92,1331739,0
2015-04-14,85.74,86.14,85.2,85.62,1366759,0
2015-04-15,85.9,86.08,85.605,85.76,1481227,0
2015-04-16,85.56,85.75,85.25,85.38,1463359,0
2015-04-17,84.64,85.01,83.3,83.53,1965598,0
2015-04-20,83.84,84.905,83.6,84.8,1412630,0
2015-04-21,85.16,86.12,84.8,85.1,1552471,0
2015-04-22,85.14,85.49,84.61,85.31,993563,0
2015-04-23,85.12,86.1,85.02,85.765,1000080,0
2015-04-24,85.65,85.65,84.32,84.995,1187070,0
2015-04-27,85.42,85.46,84.52,84.7,1466950,0
2015-04-28,84.8,85.645,84.37,85.61,1639374,0
2015-04-29,85.08,85.94,84.76,85.39,1914618,0
2015-04-30,85.22,86.0,84.32,84.54,2194397,0
2015-05-01,84.53,86.28,84.52,86.03,2086031,0
2015-05-04,86.46,86.99,86.12,86.5,1992482,0
2015-05-05,86.56,86.56,85.15,85.61,1534377,0
2015-05-06,85.72,86.17,84.79,85.41,1610354,0
2015-05-07,85.62,86.59,84.9801,86.295,1656908,0
2015-05-08,86.82,87.81,86.77,87.35,1465071,0
2015-05-11,87.28,87.72,87.06,87.21,1701327,0
2015-05-12,86.84,87.2,85.85,86.76,1549814,0
2015-05-13,86.65,87.26,86.2,86.31,1951042,0
2015-05-14,86.97,88.03,86.52,87.99,1892400,0
2015-05-15,88.25,88.4,87.51,87.77,1607075,0
2015-05-18,87.37,87.81,87.01,87.48,1593347,0
2015-05-19,87.8,88.12,87.42,87.9,1875725,0
2015-05-20,88.06,88.06,87.42,87.43,1767733,0
2015-05-21,87.36,87.62,87.08,87.27,1517448,0
2015-05-22,87.19,87.44,86.81,86.82,1499264,0
2015-05-26,86.55,86.82,85.22,85.42,1867570,0
2015-05-27,85.46,86.03,85.28,85.91,2017388,0
2015-05-28,85.87,86.29,85.615,85.97,1297452,0
2015-05-29,85.96,86.0,85.08,85.51,2188945,0
2015-06-01,85.7,85.98,84.51,85.3,1617500,0
2015-06-02,84.77,85.68,84.34,85.45,2033469,0
2015-06-03,85.77,85.88,85.12,85.465,1738389,0
2015-06-04,84.93,85.32,83.93,84.08,1689573,0
2015-06-05,84.1,84.57,83.23,84.26,1353920,0
2015-06-08,83.94,84.49,83.41,83.5,1531931,0
2015-06-09,83.37,83.5998,82.86,83.16,1569472,0
2015-06-10,82.96,84.64,82.84,84.175,1625429,0
2015-06-11,84.5,84.89,84.2,84.62,1438403,0
2015-06-12,84.15,84.4499,83.65,83.85,1144565,0
2015-06-15,83.25,83.445,82.43,82.92,1679680,0
2015-06-16,82.84,83.40899999999999,82.5232,83.275,1499857,0
2015-06-17,83.61,83.75,82.77,83.275,1134563,0
2015-06-18,83.62,84.8001,83.37,84.58,1556465,0
2015-06-19,84.45,84.68,83.93,84.41,2906357,0
2015-06-22,84.61,85.46,84.61,85.0,1401927,0
2015-06-23,85.29,85.29,84.53,84.77,958821,0
2015-06-24,84.64,84.76,83.6,83.63,1548316,0
2015-06-25,83.71,83.89399999999999,83.22,83.35,1200144,0
2015-06-26,83.78,83.84,83.03,83.31,2889750,0
2015-06-29,82.8,82.8,80.85,80.91,1774197,0
2015-06-30,81.39,81.66,79.8,80.23,2688846,0
2015-07-01,79.51,81.19,79.51,80.89,1821155,0
2015-07-02,81.23,81.26,80.35,80.83,1792027,0
2015-07-06,80.0,80.945,80.0,80.83,1503644,0
2015-07-07,80.97,81.24,79.85,81.07,1747574,0
2015-07-08,80.72,80.8,79.98,80.03,1615780,0
2015-07-09,81.15,81.41,80.65,80.69,1588076,0
2015-07-10,81.86,81.8682,81.08,81.52,1371085,0
2015-07-13,81.85,82.3,81.64,81.73,1337739,0
2015-07-14,81.72,82.01,81.48,81.89,1387056,0
2015-07-15,81.95,82.565,81.5,82.5,2390576,0
2015-07-16,82.89,83.035,82.32,82.9,1546127,0
2015-07-17,83.01,83.01,82.25,82.39,1846361,0
2015-07-20,82.26,82.39,81.92,82.17,1522473,0
2015-07-21,82.18,82.28,81.13,81.41,1964296,0
2015-07-22,81.63,82.11,81.46,81.69,1529111,0
2015-07-23,81.42,81.53,80.72,80.94,1368577,0
2015-07-24,81.03,81.05,79.665,79.78,1935584,0
2015-07-27,79.61,79.957,79.22,79.72,1649795,0
2015-07-28,79.76,80.695,79.41,80.58,1540063,0
2015-07-29,80.45,82.51,80.38,82.34,2744699,0
2015-07-30,80.0,81.975,78.36,80.13,4688136,0
2015-07-31,80.2,80.55,79.31,79.77,2983959,0
2015-08-03,78.59,80.13,78.51,80.11,2291267,0
2015-08-04,80.54,81.39,80.14,80.68,2749339,0
2015-08-05,81.78,82.07,81.0,81.84,1964135,0
2015-08-06,81.78,81.875,80.08,80.3,1505398,0
2015-08-07,80.18,80.46,79.71,80.29,1162306,0
2015-08-10,81.01,81.96,81.0,81.6,2032083,0
2015-08-11,81.26,81.9,80.75,81.33,1938365,0
2015-08-12,80.74,81.7,80.15,81.55,1871449,0
2015-08-13,81.52,82.99,81.32,82.45,2000830,0
2015-08-14,82.16,83.17,81.94,82.99,2018368,0
2015-08-17,82.82,84.77,82.58,84.7,3366649,0
2015-08-18,84.32,85.15,84.08,84.69,2615335,0
2015-08-19,84.39,85.206,84.05,84.47,1874898,0
2015-08-20,83.71,84.01,82.71,82.71,2275383,0
2015-08-21,81.84,82.3257,79.23,79.23,3103859,0
2015-08-24,75.21,77.78,64.29,76.28,6545621,0
2015-08-25,78.5,78.605,73.45,73.52,3565061,0
2015-08-26,75.62,77.885,74.96,77.8,4492909,0
2015-08-27,78.32,78.8743,76.475,78.03,3004632,0
2015-08-28,77.76,78.8,77.75,78.41,2596739,0
2015-08-31,77.86,78.4,77.11,77.32,2364536,0
2015-09-01,75.46,76.11,74.66,75.1,2658259,0
2015-09-02,76.45,77.11,75.45,77.09,2689466,0
2015-09-03,77.1,78.09,77.02,77.55,1952093,0
2015-09-04,76.24,76.9,75.73,76.15,1858821,0
2015-09-08,77.34,78.25,77.02,78.2,1764401,0
2015-09-09,78.49,78.97,77.329,77.51,3022701,0
2015-09-10,77.1,78.78,77.082,77.92,2214576,0
2015-09-11,77.28,78.37,77.21,78.31,1508926,0
2015-09-14,78.48,78.74,77.57,77.76,1411292,0
2015-09-15,77.92,79.29,77.7,78.89,1706312,0
2015-09-16,78.93,79.8,78.76,79.59,1739625,0
2015-09-17,79.68,80.67,79.21,79.43,2013052,0
2015-09-18,78.56,79.99,78.54,79.01,3876446,0
2015-09-21,79.38,80.38,79.06,79.9,1671406,0
2015-09-22,78.44,79.31,78.19,79.19,1753064,0
2015-09-23,79.36,79.78,78.87,79.37,1157639,0
2015-09-24,78.61,79.87,78.12,79.58,1793852,0
2015-09-25,80.44,81.47,79.37,80.3,2231761,0
2015-09-28,79.98,80.43,78.53,78.62,1835774,0
2015-09-29,78.56,79.28,78.3,79.09,2046194,0
2015-09-30,80.14,80.43,79.29,80.36,2674438,0
2015-10-01,80.91,81.18,80.0,80.89,2209067,0
2015-10-02,79.8,81.38,78.74,81.36,2738077,0
2015-10-05,82.2,83.03,81.89,82.7,1904594,0
2015-10-06,82.46,82.91,82.23,82.44,1887814,0
2015-10-07,82.59,83.86,82.59,83.65,1717687,0
2015-10-08,83.56,85.44,83.22,85.12,2131284,0
2015-10-09,85.36,85.99,84.98,85.24,2190100,0
2015-10-12,85.03,85.7732,85.03,85.68,1045736,0
2015-10-13,85.21,85.71,84.87,85.16,1402319,0
2015-10-14,85.3,85.9,84.94,85.14,1227649,0
2015-10-15,85.62,85.97,84.93,85.97,1233892,0
2015-10-16,86.3,86.98,85.92,86.69,1844495,0
2015-10-19,86.57,87.6,86.5,87.3,1439545,0
2015-10-20,87.06,87.62,86.95,87.42,1309225,0
2015-10-21,87.7,88.48,87.32,87.45,1609229,0
2015-10-22,87.93,89.8236,87.72,89.69,2104382,0
2015-10-23,90.0,90.6,89.68,90.53,1833003,0
2015-10-26,90.23,90.67,89.73,90.11,2297383,0
2015-10-27,90.11,90.38,89.09,90.33,2031642,0
2015-10-28,88.32,89.25,86.9,87.91,3400797,0
2015-10-29,87.91,88.53,86.57,88.36,2476242,0
2015-10-30,88.36,88.65,86.96,86.99,3040209,0
2015-11-02,86.99,87.46,86.44,86.99,1903722,0
2015-11-03,86.88,87.2,86.47,86.73,1706059,0
2015-11-04,87.16,87.39,86.83,86.96,1594059,0
2015-11-05,87.31,87.39,86.5,86.98,1312124,0
2015-11-06,86.71,87.88,86.25,87.63,1686008,0
2015-11-09,87.04,87.2,86.2,86.76,1369839,0
2015-11-10,86.47,87.3,86.31,86.95,1547193,0
2015-11-11,87.38,87.95,86.8,87.18,1214686,0
2015-11-12,87.0,87.36,86.21,86.22,1189118,0
2015-11-13,85.87,86.67,85.0,85.05,1289432,0
2015-11-16,85.16,86.54,85.06,86.52,1133598,0
2015-11-17,86.45,86.634,85.58,85.89,1419341,0
2015-11-18,86.28,86.55,85.45,86.5,1390799,0
2015-11-19,86.61,86.73,86.26,86.39,1059362,0
2015-11-20,86.94,87.65,86.49,87.29,1800140,0
2015-11-23,87.26,87.63,87.0,87.35,1174416,0
2015-11-24,86.99,87.25,85.88,86.71,1101445,0
2015-11-25,86.74,86.88,86.36,86.41,752258,0
2015-11-27,86.48,87.0369,86.23,86.69,488812,0
2015-11-30,86.97,87.08,86.18,86.26,2379412,0
2015-12-01,86.81,87.97,86.49,87.56,1391943,0
2015-12-02,87.33,87.9,86.8089,86.91,1586631,0
2015-12-03,86.96,87.14,84.94,85.26,1585311,0
2015-12-04,85.44,87.54,85.44,87.43,1531130,0
2015-12-07,87.05,87.37,86.22,86.6,1295511,0
2015-12-08,85.78,86.67,85.37,86.32,1659841,0
2015-12-09,85.65,86.61,84.48,84.95,1486533,0
2015-12-10,85.08,86.3,84.7,85.46,1748732,0
2015-12-11,84.29,84.91,83.14,83.33,1945425,0
2015-12-14,83.66,84.73,83.24,84.6,1536881,0
2015-12-15,85.31,86.07,84.91,85.47,1830748,0
2015-12-16,86.06,86.36,84.73,86.2,1535104,0
2015-12-17,86.29,86.73,84.76,84.81,1756248,0
2015-12-18,84.13,84.68,83.21,83.28,3879447,0
2015-12-21,83.81,84.19,83.28,84.14,1432790,0
2015-12-22,84.76,85.23,83.6559,84.86,1772474,0
2015-12-23,85.39,85.96,84.86,85.73,1056644,0
2015-12-24,85.92,86.32,85.66,85.94,640237,0
2015-12-28,85.45,85.92,85.02,85.75,968014,0
2015-12-29,86.5,87.25,86.44,86.84,975897,0
2015-12-30,86.74,87.1,86.33,86.38,744493,0
2015-12-31,85.78,86.34,84.55,84.72,1420087,0
2016-01-04,82.93,83.19,81.25,82.07,2246327,0
2016-01-05,82.66,83.21,81.815,82.27,2036731,0
2016-01-06,81.08,81.71,80.88,81.26,1511025,0
2016-01-07,79.64,80.35,78.4649,78.78,5031269,0
2016-01-08,78.93,79.25,77.8,78.13,2486959,0
2016-01-11,78.45,79.03,77.7101,78.51,2127341,0
2016-01-12,78.86,79.5,78.435,79.47,1975167,0
2016-01-13,79.34,79.8,77.12,77.34,1860019,0
2016-01-14,77.6,79.51,77.5,78.99,2864121,0
2016-01-15,76.84,78.4,76.65,77.92,2967815,0
2016-01-19,78.92,79.46,78.26,79.11,2522998,0
2016-01-20,78.09,79.04,76.9,78.22,3056544,0
2016-01-21,78.69,79.98,77.7701,79.25,2672433,0
2016-01-22,80.83,81.18,79.815,81.11,1940151,0
2016-01-25,80.37,81.01,79.99,80.09,1798479,0
2016-01-26,80.09,81.45,80.05,80.89,1665207,0
2016-01-27,80.98,81.83,79.89,80.48,1719699,0
2016-01-28,81.0,81.52,80.49,80.75,2015593,0
2016-01-29,81.52,83.12,81.17,83.09,2836363,0
2016-02-01,80.72,83.42,80.54,82.97,2837504,0
2016-02-02,82.73,82.95,81.7,82.17,3690293,0
2016-02-03,83.12,83.24,80.81,82.15,3048627,0
2016-02-04,82.03,82.9,81.55,82.8,1822780,0
2016-02-05,82.8,82.99,80.94,81.31,2248295,0
2016-02-08,80.4,81.5,78.98,81.25,2347026,0
2016-02-09,80.95,81.83,80.345,80.67,2247529,0
2016-02-10,81.82,82.57,80.59,80.83,1872768,0
2016-02-11,79.38,80.55,79.08,80.21,2842420,0
2016-02-12,81.27,81.8752,80.57,81.74,1518711,0
2016-02-16,83.05,84.02,82.59,83.78,2065408,0
2016-02-17,84.18,85.44,83.9,85.33,1907795,0
2016-02-18,85.48,85.7,84.76,84.91,1563108,0
2016-02-19,84.82,85.69,84.39,85.56,2065341,0
2016-02-22,85.99,86.76,85.945,86.4,1618578,0
2016-02-23,86.12,86.48,84.69,84.85,1863451,0
2016-02-24,83.92,85.47,83.09,85.26,1727228,0
2016-02-25,86.11,86.12,84.83,85.92,1426273,0
2016-02-26,86.54,86.57,85.22399999999999,85.66,1402965,0
2016-02-29,85.41,86.04,84.67,84.69,1925525,0
2016-03-01,85.62,86.77,85.26,86.77,1579881,0
2016-03-02,86.36,86.365,85.01,85.65,2059346,0
2016-03-03,84.85,85.72,84.85,85.65,1700511,0
2016-03-04,85.91,86.36,85.33,86.19,1582697,0
2016-03-07,85.48,86.46,85.48,86.09,1400721,0
2016-03-08,85.6,86.14,85.05,85.49,1758109,0
2016-03-09,85.33,85.7699,85.0301,85.72,1636663,0
2016-03-10,86.21,86.75,84.36,85.2,1528377,0
2016-03-11,86.31,87.49,85.67,87.27,1863537,0
2016-03-14,86.81,87.44,86.57,87.27,1311980,0
2016-03-15,86.55,87.34,86.41,87.32,1195064,0
2016-03-16,86.99,87.88,86.71,87.66,1087995,0
2016-03-17,87.76,89.0899,87.62,88.84,1482159,0
2016-03-18,89.24,89.24,88.02,88.64,3207912,0
2016-03-21,88.21,89.33,88.141,89.01,1575212,0
2016-03-22,88.79,89.01,88.4101,88.64,1215637,0
2016-03-23,88.56,88.79,88.21,88.53,1189072,0
2016-03-24,88.23,88.77,87.77,88.75,1035411,0
2016-03-28,88.8,88.96,88.23,88.3,1325131,0
2016-03-29,88.42,89.46,88.25,89.43,1711455,0
2016-03-30,89.71,89.78,89.06,89.15,1506775,0
2016-03-31,89.07,90.0,89.07,89.71,1482384,0
2016-04-01,88.74,90.37,88.74,90.26,1626486,0
2016-04-04,90.08,90.4,89.47,89.71,1179093,0
2016-04-05,90.69,90.69,89.395,89.75,1783667,0
2016-04-06,89.69,90.9429,89.34,90.84,1886283,0
2016-04-07,90.07,90.45,89.41,89.8,1655275,0
2016-04-08,90.32,90.68,89.94,90.33,1086721,0
2016-04-11,90.95,90.99,89.69,89.71,1561594,0
2016-04-12,89.93,90.16,89.41,90.11,1503853,0
2016-04-13,90.54,90.54,89.7,90.24,1663479,0
2016-04-14,90.53,90.645,89.96,90.26,1802528,0
2016-04-15,90.83,90.83,89.75,90.15,1750766,0
2016-04-18,89.96,90.76,89.71,90.7,1301015,0
2016-04-19,91.0,91.0,90.27,90.74,1910955,0
2016-04-20,90.68,90.79,90.1,90.12,1898883,0
2016-04-21,90.62,90.71,89.2303,89.35,1538920,0
2016-04-22,89.11,89.81,88.89,89.65,1413760,0
2016-04-25,89.54,89.6301,89.0,89.58,1143191,0
2016-04-26,89.82,90.33,89.32,89.79,1631851,0
2016-04-27,89.73,90.45,89.61,90.12,2406460,0
2016-04-28,87.84,90.89,87.4,89.1,2953665,0
2016-04-29,88.4,88.89,87.77,88.44,2293003,0
2016-05-02,88.24,89.6,88.21,89.43,2228290,0
2016-05-03,89.19,89.49,87.85,88.81,3258693,0
2016-05-04,88.32,88.74,87.87,88.39,1192758,0
2016-05-05,86.67,87.91,86.28,86.45,5092706,0
2016-05-06,86.14,87.12,86.09,86.85,4489637,0
2016-05-09,87.15,87.685,86.77,87.16,3340876,0
2016-05-10,87.43,88.53,87.16,88.5,4131779,0
2016-05-11,88.19,88.49,86.66,86.67,1954758,0
2016-05-12,87.31,87.31,86.1101,86.54,1692622,0
2016-05-13,86.42,86.87,85.74,85.76,1862020,0
2016-05-16,86.03,87.0,85.9,86.7,1732414,0
2016-05-17,86.33,86.85,85.09,85.35,1508553,0
2016-05-18,85.28,86.01,84.91,85.6,1272770,0
2016-05-19,84.76,85.26,84.36,85.14,1493913,0
2016-05-20,85.46,86.08,85.288,85.47,1381976,0
2016-05-23,85.49,85.7014,85.2,85.25,1076031,0
2016-05-24,85.99,87.49,85.86,87.46,2163954,0
2016-05-25,87.67,88.01,87.43,87.52,1405090,0
2016-05-26,87.39,87.93,87.09,87.7,1042476,0
2016-05-27,87.74,88.08,87.53,88.04,1078085,0
2016-05-31,88.37,88.37,87.3301,87.84,2035480,0
2016-06-01,87.6,88.18,87.4457,88.12,1685793,0
2016-06-02,88.04,88.1199,87.51,88.09,1092520,0
2016-06-03,87.65,87.65,86.72,87.33,1399914,0
2016-06-06,87.52,88.0016,87.36,87.69,1392932,0
2016-06-07,87.7,87.97,86.79,86.87,2480957,0
2016-06-08,86.6,87.23,86.31,87.22,1797346,0
2016-06-09,87.03,87.66,86.88,87.63,1517709,0
2016-06-10,86.55,87.31,86.52,87.09,1635720,0
2016-06-13,87.02,87.67,86.91,87.16,3191446,0
2016-06-14,86.97,87.58,86.97,87.49,2348466,0
2016-06-15,87.53,88.01,87.23,87.61,2080455,0
2016-06-16,87.21,88.185,86.915,88.03,1469419,0
2016-06-17,88.09,88.15,86.93,87.61,2708741,0
2016-06-20,88.67,89.46,88.56,89.04,2061740,0
2016-06-21,89.3,89.52,88.92,89.34,1725600,0
2016-06-22,89.66,89.76,88.74,88.82,1504403,0
2016-06-23,89.74,89.94,89.12,89.94,1364084,0
2016-06-24,86.23,88.48,86.04,86.72,4044490,0
2016-06-27,85.94,86.4,85.23,85.66,2609431,0
2016-06-28,86.31,87.94,85.95,87.92,2531140,0
2016-06-29,88.47,89.34,88.275,89.13,2274421,0
2016-06-30,89.37,91.87,88.73,91.87,2944786,0
2016-07-01,92.0,92.97,91.79,92.75,2456786,0
2016-07-05,92.53,93.65,92.33,93.31,2940489,0
2016-07-06,93.43,93.625,92.68,93.42,2299435,0
2016-07-07,93.17,93.68,92.87,93.5,1734868,0
2016-07-08,94.12,94.59,93.6401,94.47,2148166,0
2016-07-11,95.0,95.64,94.84,95.14,1822542,0
2016-07-12,95.58,95.73,94.75,94.81,2265507,0
2016-07-13,95.29,95.39,94.67,95.14,1365475,0
2016-07-14,95.75,95.78,95.01,95.21,1330874,0
2016-07-15,95.7,95.77,94.93,95.06,1356035,0
2016-07-18,95.29,95.38,94.81200000000001,94.93,879741,0
2016-07-19,94.85,95.05,94.66,95.02,925542,0
2016-07-20,95.56,95.64,95.0372,95.39,1090135,0
2016-07-21,95.1,95.42,94.385,94.88,1262395,0
2016-07-22,95.51,95.69,94.75,95.44,1221373,0
2016-07-25,95.16,95.36,94.8704,95.29,1247870,0
2016-07-26,95.56,96.0,95.0803,95.72,1412448,0
2016-07-27,95.66,95.73,94.75,94.93,2050448,0
2016-07-28,93.0,93.0,91.37,91.73,3609572,0
2016-07-29,91.38,91.38,88.925,88.95,3899670,0
2016-08-01,88.06,89.71,87.85,88.67,3353733,0
2016-08-02,88.7,88.94,87.86,87.97,2384471,0
2016-08-03,88.24,88.3,87.55,88.19,2249647,0
2016-08-04,88.11,88.66,88.025,88.41,1484048,0
2016-08-05,89.0,89.72,88.54,89.67,1959276,0
2016-08-08,89.59,89.88,89.185,89.44,1831005,0
2016-08-09,89.44,90.34,89.44,89.97,1332599,0
2016-08-10,89.93,90.1166,89.51,90.04,1102025,0
2016-08-11,90.09,90.65,90.01,90.4,1375864,0
2016-08-12,90.03,90.4,90.01,90.13,929675,0
2016-08-15,90.48,90.66,90.1601,90.35,919296,0
2016-08-16,90.04,90.25,89.55,89.56,939936,0
2016-08-17,89.8,89.86,88.79,89.33,1773478,0
2016-08-18,89.57,89.9,89.39,89.83,1025356,0
2016-08-19,89.52,89.97,89.1,89.85,1436610,0
2016-08-22,89.82,90.02,89.54,89.91,1110448,0
2016-08-23,90.08,90.19,89.78,89.98,1181866,0
2016-08-24,89.81,89.91,89.54,89.68,1121715,0
2016-08-25,89.72,89.98,89.3,89.77,1049001,0
2016-08-26,89.96,90.5999,89.32,89.79,1365827,0
2016-08-29,89.84,90.3,89.49,89.59,1108761,0
2016-08-30,89.81,90.06,89.5,89.79,1322414,0
2016-08-31,89.68,90.025,89.41,89.81,1300693,0
2016-09-01,90.02,90.63,89.66,90.63,1775623,0
2016-09-02,90.88,90.99,90.06,90.39,1737076,0
2016-09-06,89.72,90.14,89.44,89.86,1728777,0
2016-09-07,89.2,89.99,89.15,89.96,1228772,0
2016-09-08,89.71,90.07,89.33,89.47,1241788,0
2016-09-09,88.57,88.99,86.55,86.57,2013806,0
2016-09-12,86.46,88.24,86.33,88.14,1893661,0
2016-09-13,87.32,87.79,86.36,86.69,1939880,0
2016-09-14,86.86,87.24,86.45,86.69,1173229,0
2016-09-15,86.48,87.79,86.23,87.48,1452086,0
2016-09-16,87.15,87.18,86.21,86.75,2632442,0
2016-09-19,87.09,87.4,86.45,86.56,1690886,0
2016-09-20,87.12,88.09,86.93,87.79,1738728,0
2016-09-21,87.82,88.97,87.7092,88.88,1796977,0
2016-09-22,89.53,89.81,89.17,89.46,1622524,0
2016-09-23,88.65,89.24,88.4472,88.47,1431964,0
2016-09-26,87.91,88.45,87.86,88.19,1102582,0
2016-09-27,88.28,89.07,88.1,88.95,1269438,0
2016-09-28,89.09,89.09,87.11,87.45,2095348,0
2016-09-29,87.41,88.17,87.1972,87.21,1629029,0
2016-09-30,87.39,88.49,87.17,88.2,2689838,0
2016-10-03,88.16,88.16,87.55,87.63,1364044,0
2016-10-04,87.82,87.99,86.9499,87.17,1529772,0
2016-10-05,87.64,87.78,87.08,87.58,1315461,0
2016-10-06,87.25,87.7,86.78,87.56,1341061,0
2016-10-07,87.79,87.79,86.86,87.37,1580128,0
2016-10-10,87.74,88.23,87.63,87.77,1021300,0
2016-10-11,87.67,87.67,85.72,86.09,1963464,0
2016-10-12,86.28,87.1332,86.07,86.87,1138975,0
2016-10-13,86.43,87.19,85.95,86.89,1367227,0
2016-10-14,87.32,88.05,86.91,87.56,1381436,0
2016-10-17,87.58,87.7,86.98,87.24,1235269,0
2016-10-18,88.12,88.37,87.32,87.38,1109553,0
2016-10-19,87.58,87.73,87.34,87.43,906356,0
2016-10-20,87.2,87.555,86.49,86.84,1420374,0
2016-10-21,86.49,86.82,85.48,86.72,1277715,0
2016-10-24,87.34,87.81,87.19,87.67,1025500,0
2016-10-25,87.55,87.75,87.2,87.5,1299210,0
2016-10-26,87.26,87.74,87.02,87.19,1331494,0
2016-10-27,87.36,87.43,86.6265,86.66,1773701,0
2016-10-28,86.74,87.65,86.6,87.16,2129318,0
2016-10-31,87.57,87.71,86.98,87.06,2488570,0
2016-11-01,87.3,87.5,86.53,86.92,3065622,0
2016-11-02,88.1,90.89,88.1,89.98,5357148,0
2016-11-03,89.97,90.0,88.91,89.33,2514517,0
2016-11-04,88.03,89.75,88.03,89.08,2093152,0
2016-11-07,90.35,90.8648,89.94,90.6,2244789,0
2016-11-08,90.75,91.6,90.5501,91.15,1668288,0
2016-11-09,87.89,91.2,87.58,90.9,2861443,0
2016-11-10,91.44,91.89,90.13,91.39,2555420,0
2016-11-11,90.94,91.945,90.45,91.08,2098022,0
2016-11-14,91.4,92.36,90.9,91.89,2961381,0
2016-11-15,92.13,92.62,91.88,92.34,2034154,0
2016-11-16,92.34,93.35,91.6025,93.27,1962015,0
2016-11-17,93.15,94.43,93.09,94.38,2031794,0
2016-11-18,94.31,94.6,93.95,94.39,1636557,0
2016-11-21,94.47,95.62,94.38,95.59,2251978,0
2016-11-22,95.65,96.59,95.34,96.39,2433464,0
2016-11-23,96.59,97.43,96.47,96.65,2968015,0
2016-11-25,96.68,97.15,96.5,96.92,724798,0
2016-11-28,96.63,96.94,96.0,96.57,1968349,0
2016-11-29,96.71,97.37,96.43,97.04,1590936,0
2016-11-30,97.14,97.54,96.01,96.02,2812477,0
2016-12-01,95.99,96.195,95.2,95.77,2056944,0
2016-12-02,95.46,96.1,94.99,95.24,1711203,0
2016-12-05,95.86,96.2224,95.45,96.05,2485664,0
2016-12-06,96.15,96.45,95.15,96.0,1817753,0
2016-12-07,95.33,97.72,95.33,97.57,2245264,0
2016-12-08,97.53,98.359,97.36,98.19,2075682,0
2016-12-09,98.07,98.3047,97.57,98.22,3350650,0
2016-12-12,98.13,98.55,97.84200000000001,98.06,1769933,0
2016-12-13,98.64,99.25,98.04,98.4,2093816,0
2016-12-14,98.4,98.85,97.52,97.69,1896926,0
2016-12-15,97.82,99.13,97.51,98.76,1717955,0
2016-12-16,100.32,101.58,99.34,100.85,5682594,0
2016-12-19,100.72,101.6,100.58,101.09,1993229,0
2016-12-20,101.74,102.66,101.4,102.33,2396875,0
2016-12-21,102.26,102.82,101.69,102.47,2042866,0
2016-12-22,102.64,102.80799999999999,101.89,102.6,1568211,0
2016-12-23,102.52,102.96,102.51,102.93,777989,0
2016-12-27,102.86,103.78,102.78,103.31,929959,0
2016-12-28,103.53,103.88,103.02,103.05,1559082,0
2016-12-29,103.27,103.85,103.0,103.45,1264492,0
2016-12-30,103.38,103.44,102.0,102.78,2008839,0
2017-01-03,102.38,103.58,102.31,103.5,2227449,0
2017-01-04,103.41,103.98,103.25,103.66,2498459,0
2017-01-05,103.46,103.89,102.4,103.04,2215362,0
2017-01-06,103.23,103.27,102.27,103.11,2016595,0
2017-01-09,102.95,103.24,102.47,102.47,1379273,0
2017-01-10,102.25,103.04,102.04,102.2,1639355,0
2017-01-11,102.27,103.58,102.27,103.2,1783842,0
2017-01-12,102.98,103.92,102.24,103.8,1546666,0
2017-01-13,103.77,104.09,103.17,103.77,1628270,0
2017-01-17,103.32,103.536,102.89,103.07,1276993,0
2017-01-18,103.49,103.49,102.73,102.91,1485900,0
2017-01-19,102.79,103.265,102.7,102.97,1530993,0
2017-01-20,103.0,103.74,102.8,103.24,1653207,0
2017-01-23,102.81,103.1,101.86,102.2,1486737,0
2017-01-24,102.25,103.35,102.14,103.24,1687913,0
2017-01-25,103.46,103.65,102.38,102.7,1979432,0
2017-01-26,102.41,102.66,102.0,102.04,2119697,0
2017-01-27,101.44,102.15,101.18,101.71,1804455,0
2017-01-30,101.56,102.01,100.9,101.97,1648288,0
2017-01-31,101.79,102.1325,100.77,100.99,2610235,0
2017-02-01,96.03,97.32,94.11,95.25,8013843,0
2017-02-02,95.23,97.19,95.03,96.32,3975500,0
2017-02-03,97.21,97.4,96.51,96.87,2936592,0
2017-02-06,96.68,97.07,96.07,96.47,1770640,0
2017-02-07,96.5,96.86,95.91,96.29,1521355,0
2017-02-08,96.19,97.06,96.05,96.58,1297972,0
2017-02-09,96.77,97.99,96.31,97.65,3380808,0
2017-02-10,97.7,98.3,97.46,97.82,1214696,0
2017-02-13,98.06,98.6,98.06,98.58,1500759,0
2017-02-14,98.42,99.6,98.32,99.44,1615005,0
2017-02-15,98.89,99.655,98.54,99.65,1579762,0
2017-02-16,99.59,99.88,99.19,99.88,1314754,0
2017-02-17,99.6,99.7,98.82,99.68,1577550,0
2017-02-21,99.39,99.59,98.75,99.22,2099415,0
2017-02-22,99.09,100.68,99.09,100.42,1677855,0
2017-02-23,100.79,101.78,100.49,101.64,1459263,0
2017-02-24,101.63,103.01,101.3,103.0,1774494,0
2017-02-27,102.93,103.14,102.47,102.7,1188346,0
2017-02-28,102.68,102.81,102.24,102.62,2060663,0
2017-03-01,103.66,104.71,103.23,104.53,1828233,0
2017-03-02,104.14,104.3729,103.86,104.07,1697190,0
2017-03-03,103.95,104.61,103.63,104.5,1216370,0
2017-03-06,103.88,105.0,103.88,104.95,1678307,0
2017-03-07,104.54,104.85,103.9,104.27,1881528,0
2017-03-08,103.62,104.13,103.34,103.71,1577185,0
2017-03-09,103.57,104.08,102.92,103.4,1393832,0
2017-03-10,103.87,104.63,103.54,104.55,1556780,0
2017-03-13,104.49,104.9,104.14,104.84,1802650,0
2017-03-14,104.66,104.76,103.69,103.97,1848326,0
2017-03-15,104.27,104.79,103.655,104.67,1500187,0
2017-03-16,104.65,104.89,103.9,104.25,1231091,0
2017-03-17,104.31,105.2,104.03,105.11,2890349,0
2017-03-20,105.17,105.18,104.22,104.45,1323403,0
2017-03-21,104.9,104.96,102.9899,103.12,1612663,0
2017-03-22,103.35,103.74,102.89,103.68,2011038,0
2017-03-23,103.49,104.24799999999999,103.1,103.52,1010177,0
2017-03-24,103.75,104.17,103.06,103.38,1359886,0
2017-03-27,102.73,103.26,102.37,102.91,1504466,0
2017-03-28,102.53,103.62,102.21,103.28,1485979,0
2017-03-29,102.91,103.03,101.88,102.13,2245094,0
2017-03-30,102.07,102.445,101.77,102.17,1225705,0
2017-03-31,102.14,102.62,101.98,102.39,1374619,0
2017-04-03,102.23,102.57,101.02,101.27,1637602,0
2017-04-04,101.33,101.53,100.86,101.45,1143284,0
2017-04-05,101.81,103.01,101.2417,101.93,1693915,0
2017-04-06,101.89,101.91,101.45,101.75,1087075,0
2017-04-07,101.87,102.4167,101.46,102.19,1601267,0
2017-04-10,102.16,102.68,101.79,102.14,979983,0
2017-04-11,101.88,102.43,101.33,102.09,908733,0
2017-04-12,101.73,102.1,101.49,101.95,1812265,0
2017-04-13,102.26,102.26,101.24,101.26,1218656,0
2017-04-17,101.95,102.0,101.36,101.86,1215383,0
2017-04-18,101.57,102.47,100.08,101.93,1570970,0
2017-04-19,102.1,102.56,101.78,102.07,1113025,0
2017-04-20,102.34,103.32,102.23,103.04,1218209,0
2017-04-21,103.04,103.48,102.49,102.69,1528866,0
2017-04-24,104.0,104.19,103.1,104.14,1887063,0
2017-04-25,104.14,105.22,104.0901,105.01,1306521,0
2017-04-26,104.51,105.15,104.31,104.86,1431106,0
2017-04-27,105.26,105.675,104.65,105.16,1505235,0
2017-04-28,105.03,105.28,104.29,104.49,1610922,0
2017-05-01,104.29,104.41,103.59,103.97,1406147,0
2017-05-02,104.19,104.43,103.6,104.01,2254321,0
2017-05-03,98.95,99.62,95.5,97.51,6336007,0
2017-05-04,98.31,99.13,97.59,99.1,3377997,0
2017-05-05,99.35,99.53,98.64,99.29,1858701,0
2017-05-08,99.5,99.65,96.42,96.7,4799832,0
2017-05-09,96.63,97.43,96.17,97.08,2625166,0
2017-05-10,96.97,97.5,95.85,96.63,2919989,0
2017-05-11,96.53,96.6,95.87,96.46,3029071,0
2017-05-12,96.57,97.3,96.25,97.17,1957341,0
2017-05-15,97.01,98.54,96.7601,98.45,3364035,0
2017-05-16,98.39,98.76,98.15,98.32,2213286,0
2017-05-17,97.7,98.08,97.23,97.3,2802578,0
2017-05-18,97.15,98.65,96.8,98.35,2197346,0
2017-05-19,98.34,98.92,97.89,98.62,2790653,0
2017-05-22,98.48,99.56,98.44,99.45,2015167,0
2017-05-23,99.37,99.54,99.06,99.53,1398899,0
2017-05-24,99.49,100.06,99.4325,99.98,1942989,0
2017-05-25,100.27,101.43,100.03,101.16,1832479,0
2017-05-26,101.23,101.53,100.91,101.35,1919119,0
2017-05-30,101.21,101.66,100.535,101.53,1728899,0
2017-05-31,101.7,102.5,101.51,102.37,3173099,0
2017-06-01,103.0,103.4,102.01,103.35,2432234,0
2017-06-02,100.12,101.075,98.5,100.98,8135692,0
2017-06-05,101.1,101.625,100.885,101.1,3138573,0
2017-06-06,101.0,101.715,100.65,101.2,1992199,0
2017-06-07,101.01,101.5,100.69,100.94,2359529,0
2017-06-08,101.11,101.265,100.44,100.77,2613062,0
2017-06-09,100.86,101.26,99.85,100.11,4273958,0
2017-06-12,100.37,101.56,100.02,101.54,2030061,0
2017-06-13,101.61,102.08,101.15,101.87,2358256,0
2017-06-14,102.19,102.31,100.83,101.25,2679894,0
2017-06-15,100.88,102.3,100.6,102.17,1618889,0
2017-06-16,101.65,103.72,101.65,103.49,3572702,0
2017-06-19,103.73,104.16,103.255,104.11,2019721,0
2017-06-20,102.52,103.39,102.44,102.48,3590273,0
2017-06-21,103.74,103.74,102.05,102.5,3087771,0
2017-06-22,102.69,102.69,101.37,101.91,2326444,0
2017-06-23,101.81,102.03,101.28,101.41,2835440,0
2017-06-26,101.66,102.275,101.44,102.21,2412580,0
2017-06-27,101.84,102.6099,101.49,101.5,2882168,0
2017-06-28,101.8,102.84,100.56,102.68,2934774,0
2017-06-29,102.4,102.54,101.07,101.46,3799772,0
2017-06-30,102.19,102.81,101.76,102.46,2958583,0
2017-07-03,101.98,103.14,101.91,102.42,1591065,0
2017-07-05,102.81,104.12,101.88,104.07,2836689,0
2017-07-06,103.76,103.76,102.8,103.44,2724710,0
2017-07-07,103.75,105.41,103.42,105.14,2774122,0
2017-07-10,105.0,105.37,103.64,103.66,5423027,0
2017-07-11,103.23,103.605,101.15,101.84,5087742,0
2017-07-12,102.8,103.46,102.3299,102.5,3086237,0
2017-07-13,102.49,102.68,101.42,101.63,4710200,0
2017-07-14,101.61,101.9,101.24,101.35,2837393,0
2017-07-17,101.38,101.81,101.22,101.7,3149451,0
2017-07-18,100.94,101.38,100.51,101.305,2377671,0
2017-07-19,101.5,103.07,101.2,102.75,3678461,0
2017-07-20,102.93,103.47,102.83,103.34,3110934,0
2017-07-21,102.68,104.94,102.68,104.58,3722249,0
2017-07-24,104.34,104.44,102.46,103.54,5402195,0
2017-07-25,103.69,104.05,102.705,103.18,3231286,0
2017-07-26,103.56,106.06,103.023,105.98,5618274,0
2017-07-27,103.5,120.0,103.5,115.63,29837591,0
2017-07-28,115.25,117.66,114.995,117.38,7880377,0
2017-07-31,118.0,121.77,117.87,118.91,8185980,0
2017-08-01,118.79,119.38,116.33,116.78,5612306,0
2017-08-02,115.65,116.44,114.12,115.25,9973140,0
2017-08-03,113.69,113.85,111.0,111.77,9003417,0
2017-08-04,113.5,113.92,110.1,111.39,8109438,0
2017-08-07,111.5,114.0,111.05,112.17,4012798,0
2017-08-08,112.2,112.56,108.07,108.51,9711206,0
2017-08-09,108.84,110.11,108.06,109.66,8389744,0
2017-08-10,108.8,109.84,107.9,108.9,4881486,0
2017-08-11,108.77,109.68,108.22,108.81,4639179,0
2017-08-14,109.34,109.93,108.9,109.69,10771814,0
2017-08-15,110.02,111.775,109.43,111.58,5796206,0
2017-08-16,111.82,111.8899,110.54,111.1,2519049,0
2017-08-17,110.69,110.95,104.62,104.68,12980900,0
2017-08-18,104.2,104.96,103.43,104.41,5300922,0
2017-08-21,104.52,104.84,102.84,102.89,4317182,0
2017-08-22,104.87,105.1,103.36,103.72,2974974,0
2017-08-23,103.43,103.92,102.811,103.46,13192860,0
2017-08-24,103.6,105.21,103.36,104.59,3041388,0
2017-08-25,104.87,105.43,104.46,104.59,3448701,0
2017-08-28,104.88,105.24,104.53,104.76,1656338,0
2017-08-29,103.99,105.34,103.76,105.12,2553929,0
2017-08-30,105.28,106.305,104.66,105.93,8830992,0
2017-08-31,106.49,106.81,105.96,106.47,2100323,0
2017-09-01,106.53,107.58,106.36,107.35,2195270,0
2017-09-05,106.64,107.56,105.94,106.43,5484974,0
2017-09-06,107.05,109.125,106.62,108.05,5174112,0
2017-09-07,108.41,109.49,108.12,108.92,3920520,0
2017-09-08,108.77,109.44,107.91,108.41,3124962,0
2017-09-11,108.83,109.0,106.85,107.5,5674572,0
2017-09-12,107.05,108.69,106.36,107.92,3076302,0
2017-09-13,107.88,107.97,107.16,107.2,1905546,0
2017-09-14,106.64,107.23,106.33,106.79,1924494,0
2017-09-15,106.89,107.79,106.25,106.78,3116724,0
2017-09-18,106.83,106.96,106.25,106.55,3541715,0
2017-09-19,106.95,107.71,106.7,107.48,1799594,0
2017-09-20,107.63,107.94,106.32,106.83,2471870,0
2017-09-21,107.08,107.37,106.71,106.79,1510089,0
2017-09-22,106.43,108.55,106.29,108.16,1804401,0
2017-09-25,107.91,108.9,107.42,108.82,5069498,0
2017-09-26,109.15,109.52,108.23,108.27,1540187,0
2017-09-27,108.53,109.94,108.12799999999999,109.64,3848773,0
2017-09-28,109.13,109.51,108.04700000000001,109.02,1939728,0
2017-09-29,109.11,109.74,109.0,109.32,1226259,0
2017-10-02,109.22,109.5,108.53,109.32,3536242,0
2017-10-03,109.66,110.98,109.35,110.71,1843482,0
2017-10-04,110.65,111.44,109.7,111.4,1906342,0
2017-10-05,111.92,113.63,111.48,113.57,1908955,0
2017-10-06,113.51,113.73,112.59,113.48,1674522,0
2017-10-09,113.45,114.06,113.16,113.57,1884442,0
2017-10-10,113.62,114.14,113.19,114.11,1010887,0
2017-10-11,114.26,114.39,112.41,113.09,1655750,0
2017-10-12,112.99,113.64,112.91,113.59,1132738,0
2017-10-13,114.18,114.4,112.24,113.86,1239310,0
2017-10-16,113.91,114.72,113.66,114.58,1060995,0
2017-10-17,114.1,114.13,113.24,113.72,1369551,0
2017-10-18,113.69,114.47,113.55,113.93,1406215,0
2017-10-19,113.95,114.65,113.29,114.62,1128547,0
2017-10-20,114.99,116.08,114.56,115.93,1705113,0
2017-10-23,116.26,117.8,115.46,117.01,2090491,0
2017-10-24,116.69,117.3,116.06,116.46,2148478,0
2017-10-25,116.28,116.72,115.14,116.34,1807886,0
2017-10-26,117.26,117.85,116.71,117.3,1606304,0
2017-10-27,116.9,118.47,116.28,118.25,1590605,0
2017-10-30,118.09,118.17,116.55,116.98,1382424,0
2017-10-31,116.88,117.14,116.01,116.26,1822715,0
2017-11-01,116.4,116.77,114.69,115.4,2751746,0
2017-11-02,115.0,115.49,112.12,114.34,3603898,0
2017-11-03,114.57,114.7,111.84,112.24,2906579,0
2017-11-06,111.72,112.1899,110.265,111.33,2915549,0
2017-11-07,110.33,112.9,109.44,112.75,4406486,0
2017-11-08,112.93,113.42,112.52,112.59,1462814,0
2017-11-09,112.04,113.15,110.77,111.97,1514982,0
2017-11-10,111.71,112.13,110.95,111.09,2107868,0
2017-11-13,110.98,112.055,110.55,111.53,3716817,0
2017-11-14,111.31,112.23,110.94,112.08,1992004,0
2017-11-15,112.2,112.23,110.38,110.66,1555166,0
2017-11-16,111.0,111.48,110.47,111.03,1870377,0
2017-11-17,110.98,111.22,110.2683,111.06,1969482,0
2017-11-20,111.18,111.375,110.4,110.53,1402799,0
2017-11-21,111.14,111.35,110.31,110.56,1725238,0
2017-11-22,110.41,110.73,109.79,110.21,2107626,0
2017-11-24,110.09,110.435,109.51,110.02,868554,0
2017-11-27,110.41,110.64,109.835,110.14,1466782,0
2017-11-28,110.2,111.44,110.14,111.22,2224980,0
2017-11-29,111.14,114.4826,110.82,113.33,3920895,0
2017-11-30,112.98,114.77,112.85,114.46,7299060,0
2017-12-01,113.95,115.36,112.26,113.75,2623295,0
2017-12-04,115.38,116.74,114.37,114.81,2913891,0
2017-12-05,117.29,117.29,115.28,115.68,2295506,0
2017-12-06,115.87,116.93,115.53,115.92,2092944,0
2017-12-07,115.81,116.25,115.34,115.88,2534044,0
2017-12-08,116.39,116.4,115.48,116.02,1013456,0
2017-12-11,118.0,118.61,116.22,117.82,1982502,0
2017-12-12,117.92,117.92,116.9,117.05,1325336,0
2017-12-13,117.29,117.63,116.7,117.02,1205694,0
2017-12-14,117.02,117.84,116.29,116.46,1662168,0
2017-12-15,117.75,118.69,116.34,118.19,3286913,0
2017-12-18,118.57,119.39,117.95,118.64,2434720,0
2017-12-19,119.26,119.26,118.09,118.34,1905061,0
2017-12-20,118.46,118.91,117.7,117.86,900566,0
2017-12-21,117.93,118.29,116.91,117.4,1245629,0
2017-12-22,117.32,117.955,116.61,116.88,1129601,0
2017-12-26,117.15,117.73,116.88,117.57,1617124,0
2017-12-27,117.78,117.8,116.91,117.26,826042,0
2017-12-28,117.59,117.59,116.63,117.31,711036,0
2017-12-29,116.64,117.63,116.64,117.19,1016206,0
2018-01-02,116.03,116.45,115.25,115.99,2453008,0
2018-01-03,116.18,117.7,115.6,117.25,1521462,0
2018-01-04,117.63,118.9,117.47,118.37,1236941,0
2018-01-05,118.55,118.77,117.26100000000001,118.3,1451131,0
2018-01-08,118.37,118.58,117.39,117.94,2683635,0
2018-01-09,117.74,119.03,117.5,118.76,2317376,0
2018-01-10,118.28,118.4,117.05,117.65,2037041,0
2018-01-11,117.76,117.78,116.28,117.18,1157571,0
2018-01-12,117.81,118.93,117.3401,118.47,1644451,0
2018-01-16,118.52,119.79,118.16,119.39,2099240,0
2018-01-17,120.0,122.18,119.58,122.05,2093804,0
2018-01-18,121.58,122.9,120.55,120.9,1482741,0
2018-01-19,121.19,121.9799,120.35,121.44,1963193,0
2018-01-22,121.65,122.845,121.55,122.77,1673460,0
2018-01-23,121.84,122.78,121.41,122.1,2588592,0
2018-01-24,122.7,122.7,120.68,120.86,1413685,0
2018-01-25,120.91,121.46,120.1,120.63,1319565,0
2018-01-26,121.32,122.64,120.7,122.33,1164941,0
2018-01-29,122.02,122.11,120.73,120.76,1339879,0
2018-01-30,121.11,121.73,119.61,120.81,1721365,0
2018-01-31,120.27,125.24,120.27,123.63,3415867,0
2018-02-01,122.59,122.59,119.2,120.42,2555727,0
2018-02-02,119.8,120.97,118.49,118.57,2903751,0
2018-02-05,118.98,119.64,113.61,114.07,2903833,0
2018-02-06,112.41,113.58,110.3,112.95,3379949,0
2018-02-07,112.09,115.68,111.69,113.56,2625896,0
2018-02-08,113.37,113.37,108.15,108.25,2857958,0
2018-02-09,109.37,112.39,107.61,111.43,3516051,0
2018-02-12,111.97,113.26,111.035,111.65,2040647,0
2018-02-13,110.98,112.13,110.33,111.82,1291450,0
2018-02-14,111.27,112.87,109.85,112.71,1619837,0
2018-02-15,113.49,115.63,112.75,115.51,1788974,0
2018-02-16,115.5,116.71,115.08,116.18,1451124,0
2018-02-20,115.69,116.64,114.83,115.41,1129921,0
2018-02-21,115.44,118.19,115.44,116.1,1817402,0
2018-02-22,116.41,117.27,115.07,115.43,1209109,0
2018-02-23,116.27,117.81,115.58,117.65,1558371,0
2018-02-26,117.87,118.9,117.605,117.9,1319449,0
2018-02-27,117.95,119.18,116.46,116.47,1175944,0
2018-02-28,117.04,117.3482,115.3,115.32,1580112,0
2018-03-01,115.33,115.94,112.78,113.79,1746501,0
2018-03-02,113.15,113.92,112.19,113.6,1712607,0
2018-03-05,112.75,116.1,112.71,115.66,1968925,0
2018-03-06,115.61,116.0,114.23,115.41,1322553,0
2018-03-07,114.82,115.4,113.71,115.18,1403130,0
2018-03-08,115.02,117.01,114.7,116.96,1597144,0
2018-03-09,117.7,118.87,117.22,118.83,1824043,0
2018-03-12,118.8,119.17,117.42,117.53,1926265,0
2018-03-13,118.34,118.71,117.03,117.39,1575010,0
2018-03-14,117.61,117.97,115.48,116.1,1885059,0
2018-03-15,114.71,118.08,114.71,116.48,2425201,0
2018-03-16,117.05,117.84,116.67,117.16,2787203,0
2018-03-19,116.1,116.91,113.55,114.48,2133122,0
2018-03-20,114.99,116.04,114.68,115.56,1959935,0
2018-03-21,115.55,117.22,115.20200000000001,116.36,4032814,0
2018-03-22,115.11,115.68,113.07,113.14,2175421,0
2018-03-23,113.46,114.43,109.14,109.2,3457253,0
2018-03-26,110.95,114.36,110.95,114.06,8494395,0
2018-03-27,114.41,115.24,111.6596,112.26,7447542,0
2018-03-28,112.64,113.2,111.29,111.76,2573798,0
2018-03-29,111.88,114.64,111.23,113.48,1914578,0
2018-04-02,115.25,115.72,111.78,113.3,3450705,0
2018-04-03,113.98,114.5113,112.68,114.04,2544584,0
2018-04-04,112.96,117.04,112.58,116.72,8453429,0
2018-04-05,117.65,118.7,116.92,117.51,2809059,0
2018-04-06,116.41,116.88,113.35,113.7,2334083,0
2018-04-09,114.49,116.26,113.97,114.44,2016370,0
2018-04-10,115.97,116.79,115.24,115.91,2732232,0
2018-04-11,114.64,115.94,114.355,115.58,1356193,0
2018-04-12,116.04,116.71,115.18,115.26,1694343,0
2018-04-13,115.95,116.2,114.48,115.27,1565595,0
2018-04-16,116.44,117.51,115.8,116.91,2425330,0
2018-04-17,118.35,119.0,117.33,117.89,3523587,0
2018-04-18,118.02,119.59,117.6,118.61,2008129,0
2018-04-19,118.38,119.03,117.15,117.75,1955392,0
2018-04-20,117.5,118.11,115.97,116.84,2213909,0
2018-04-23,117.26,117.76,116.95,117.1,1725056,0
2018-04-24,118.05,118.7,115.44,116.32,1417604,0
2018-04-25,116.36,116.82,115.3,116.7,1656098,0
2018-04-26,116.98,118.71,116.5,118.69,1598222,0
2018-04-27,118.44,120.09,118.25,119.88,2079672,0
2018-04-30,120.0,120.14,118.06,118.08,2827977,0
2018-05-01,112.65,119.14,112.58,118.8,2527396,0
2018-05-02,123.01,123.99,120.28,122.06,5422012,0
2018-05-03,121.67,123.59,120.58,123.1,4370421,0
2018-05-04,122.5,125.93,121.9702,125.36,2999507,0
2018-05-07,125.35,125.86,124.88,125.57,2677150,0
2018-05-08,125.6,126.03,124.85,125.77,2766682,0
2018-05-09,126.09,127.92,125.87,127.04,3047187,0
2018-05-10,127.49,127.7,126.78,127.39,2386375,0
2018-05-11,127.58,127.91,126.61,127.34,1578080,0
2018-05-14,127.56,127.7201,126.22,126.68,1884040,0
2018-05-15,125.96,129.51,125.28,127.07,2413837,0
2018-05-16,127.19,128.57,126.95,128.02,1607763,0
2018-05-17,127.9,129.06,127.0,127.99,1610319,0
2018-05-18,128.26,129.25,127.675,128.91,1859175,0
2018-05-21,129.21,129.7,128.59,128.84,1412615,0
2018-05-22,129.0,129.48,127.96,128.38,1713381,0
2018-05-23,127.4,129.41,127.14,129.36,1635311,0
2018-05-24,129.28,130.44,128.44,130.27,1265757,0
2018-05-25,130.27,131.02,129.715,130.65,1322876,0
2018-05-29,129.7,130.35,128.68,129.93,1685524,0
2018-05-30,130.57,132.05,130.26,130.63,1905995,0
2018-05-31,130.92,131.41,129.75,130.02,3318695,0
2018-06-01,130.62,132.79,130.62,132.73,2186845,0
2018-06-04,133.21,134.9,133.05,134.25,2919992,0
2018-06-05,134.25,135.17,133.9,134.07,2399657,0
2018-06-06,134.43,136.32,134.09,136.1,3151469,0
2018-06-07,135.32,135.68,133.67,134.58,2418053,0
2018-06-08,134.27,135.44,134.03,135.35,1235209,0
2018-06-11,134.9,135.055,133.98,134.08,1616805,0
2018-06-12,137.29,139.45,133.51,139.3,4683579,0
2018-06-13,139.39,140.91,138.58,140.34,2943285,0
2018-06-14,140.95,141.52,139.64,139.82,1819081,0
2018-06-15,139.53,139.98,137.96,139.57,3497030,0
2018-06-18,138.54,139.42,137.8,138.99,2031876,0
2018-06-19,137.44,138.85,137.44,138.6,2052246,0
2018-06-20,138.63,139.24,137.7,137.79,1919059,0
2018-06-21,137.79,138.5,136.54,138.21,2427618,0
2018-06-22,138.55,139.95,138.22,139.09,1735628,0
2018-06-25,138.64,139.32,135.405,136.63,2170140,0
2018-06-26,136.58,137.11,134.84,135.09,2495302,0
2018-06-27,135.67,136.395,132.93,133.07,1967468,0
2018-06-28,133.43,135.26,133.43,134.25,2904945,0
2018-06-29,134.12,135.28,134.02,134.14,2353754,0
2018-07-02,132.66,134.92,132.65,134.86,2228756,0
2018-07-03,135.34,135.67,132.59,133.66,2794171,0
2018-07-05,134.59,134.59,133.14,133.71,2593425,0
2018-07-06,134.03,134.52,133.75,134.22,3895904,0
2018-07-09,134.32,134.6,133.21,134.52,2750328,0
2018-07-10,134.88,136.34,134.64,135.97,2635512,0
2018-07-11,134.77,136.0,134.28,135.37,2193582,0
2018-07-12,136.12,137.61,136.02,137.5,1361852,0
2018-07-13,137.31,138.005,136.85,137.34,1171214,0
2018-07-16,137.52,137.8,136.93,137.12,1021319,0
2018-07-17,136.72,137.61,136.45,137.36,1681862,0
2018-07-18,137.35,137.865,136.87,137.5,2239327,0
2018-07-19,134.86,137.58,134.86,137.06,1516562,0
2018-07-20,134.89,138.23,134.74,137.33,1749592,0
2018-07-23,136.99,137.75,136.82,137.7,1492140,0
2018-07-24,138.18,138.48,136.42,137.11,1687586,0
2018-07-25,137.49,139.33,137.12,139.15,1487862,0
2018-07-26,139.8,140.39,138.991,139.24,1392341,0
2018-07-27,139.44,139.65,136.84,137.41,1444629,0
2018-07-30,136.75,137.34,133.4,134.29,2295592,0
2018-07-31,135.15,135.46,133.74,134.99,2643814,0
2018-08-01,130.21,133.07,129.2057,132.61,4005481,0
2018-08-02,131.49,133.51,130.43,133.15,2427202,0
2018-08-03,133.75,134.4,133.0,134.25,2270510,0
2018-08-06,134.28,135.63,133.98,135.56,1592314,0
2018-08-07,135.5,138.23,135.06,137.91,1942045,0
2018-08-08,138.25,138.43,137.01,137.82,1352715,0
2018-08-09,138.29,139.135,138.0,138.37,2729793,0
2018-08-10,137.77,139.98,137.77,139.29,2118425,0
2018-08-13,139.82,141.3,139.42,139.67,1721288,0
2018-08-14,139.88,141.44,139.415,141.15,3567324,0
2018-08-15,140.06,141.72,139.44,141.24,2079325,0
2018-08-16,141.85,141.85,139.1405,141.24,1758091,0
2018-08-17,141.17,142.95,140.99,142.55,1891391,0
2018-08-20,142.82,142.87,142.1,142.16,1524328,0
2018-08-21,142.85,143.49,142.63,143.04,2288005,0
2018-08-22,142.73,143.62,142.32,143.3,1355228,0
2018-08-23,143.13,143.925,142.82,143.35,1388305,0
2018-08-24,143.86,144.04,142.86,143.59,1087519,0
2018-08-27,144.33,144.33,143.2,143.6,1398644,0
2018-08-28,143.76,144.275,143.28,143.83,3101002,0
2018-08-29,144.45,146.68,143.87,146.35,2282841,0
2018-08-30,146.0,146.79,144.93,145.49,1503233,0
2018-08-31,145.17,146.96,145.01,146.75,1432747,0
2018-09-04,144.35,146.14,144.19,145.81,3445948,0
2018-09-05,145.52,146.3,144.435,146.14,1966857,0
2018-09-06,145.78,147.335,145.01,147.28,1647660,0
2018-09-07,146.44,147.73,146.24,146.73,1837263,0
2018-09-10,147.43,147.57,146.43,147.02,1066741,0
2018-09-11,147.18,147.45,146.44,147.0,946017,0
2018-09-12,146.99,147.43,146.48,147.13,1484599,0
2018-09-13,146.99,147.42,146.5,146.92,1058191,0
2018-09-14,147.0,147.94,146.62,147.46,1061751,0
2018-09-17,147.68,148.3,146.86,147.04,1173315,0
2018-09-18,147.27,148.11,147.045,147.56,1127641,0
2018-09-19,147.7,147.96,146.56,146.97,1206022,0
2018-09-20,147.6,149.09,147.37,148.88,1068162,0
2018-09-21,149.68,151.01,148.79,150.68,4234330,0
2018-09-24,149.59,150.11,148.71,149.07,1320745,0
2018-09-25,149.66,150.59,146.5,148.89,2763665,0
2018-09-26,149.05,150.982,148.88,149.62,1723554,0
2018-09-27,149.78,150.26,149.37,149.91,957149,0
2018-09-28,149.82,151.32,149.71,150.66,1686440,0
2018-10-01,151.38,152.47,150.31,150.74,1252597,0
2018-10-02,151.11,152.28,150.12,151.77,1279091,0
2018-10-03,151.9,153.51,151.34,151.59,1425497,0
2018-10-04,151.36,151.59,148.93,150.22,1364771,0
2018-10-05,150.42,151.55,149.84,150.99,1306480,0
2018-10-08,150.12,151.31,148.05,149.3,1626914,0
2018-10-09,149.5,152.36,149.22,150.14,1398622,0
2018-10-10,150.26,150.46,141.57,141.78,2834919,0
2018-10-11,141.71,143.02,137.05,138.18,3402038,0
2018-10-12,140.32,141.3,138.55,140.72,2477082,0
2018-10-15,140.02,141.54,139.04,140.25,1387459,0
2018-10-16,140.6,143.93,140.28,143.28,1965968,0
2018-10-17,143.43,144.13,142.04,143.66,1069369,0
2018-10-18,143.76,144.6,141.06,142.92,1863873,0
2018-10-19,143.78,145.145,142.71,143.41,1793230,0
2018-10-22,143.85,144.91,142.998,143.99,1147112,0
2018-10-23,141.64,143.44,140.3,142.44,1818959,0
2018-10-24,142.01,143.02,137.27,137.65,2291535,0
2018-10-25,139.65,141.4,137.445,140.49,2192928,0
2018-10-26,137.24,138.66,135.5164,136.35,2968919,0
2018-10-29,138.8,139.76,133.13,135.3,3272026,0
2018-10-30,135.87,137.26,134.47,137.26,2884501,0
2018-10-31,141.37,145.62,139.98,144.08,3522795,0
2018-11-01,143.75,144.0,139.96,140.91,2559318,0
2018-11-02,141.12,142.55,139.02,140.72,1921062,0
2018-11-05,141.32,141.8,139.72,141.41,1787840,0
2018-11-06,141.52,144.03,141.51,143.92,2094411,0
2018-11-07,145.56,148.45,144.97,148.3,2616301,0
2018-11-08,147.63,148.67,147.17,147.89,2082149,0
2018-11-09,147.08,147.66,146.0,147.19,2371360,0
2018-11-12,146.68,147.095,143.95,144.17,1665262,0
2018-11-13,144.96,145.86,143.04,144.72,2087268,0
2018-11-14,145.83,146.41,142.5,142.72,2248666,0
2018-11-15,141.36,147.29,140.8,147.25,2564017,0
2018-11-16,147.22,147.82,145.425,146.55,5416741,0
2018-11-19,146.41,147.01,141.22,143.44,2264933,0
2018-11-20,142.83,147.38,140.13,140.52,2995285,0
2018-11-21,141.48,142.63,139.45,141.08,1500689,0
2018-11-23,139.54,141.91,139.54,140.89,676649,0
2018-11-26,142.83,144.74,142.02,144.65,1643523,0
2018-11-27,143.93,145.33,142.8425,145.32,1442258,0
2018-11-28,145.89,148.66,145.49,148.61,3159330,0
2018-11-29,147.7,148.135,145.71,145.85,1750220,0
2018-11-30,146.21,147.56,145.8,147.42,4150774,0
2018-12-03,149.19,149.67,145.38,147.41,4110661,0
2018-12-04,147.04,147.7,143.18,143.61,4018809,0
2018-12-06,141.89,143.23,138.293,143.18,3299671,0
2018-12-07,142.2,143.51,138.7,139.33,2830401,0
2018-12-10,139.63,140.291,136.685,139.73,1660291,0
2018-12-11,141.71,142.35,138.71,139.99,2190021,0
2018-12-12,142.49,142.63,139.45,139.57,2566203,0
2018-12-13,139.57,139.57,136.75,138.2,1871656,0
2018-12-14,136.71,137.4,134.595,134.82,1967098,0
2018-12-17,134.67,135.92,131.63,132.47,3749163,0
2018-12-18,133.76,134.49,129.4,130.0,6609511,0
2018-12-19,129.92,134.14,128.85,130.33,3496753,0
2018-12-20,129.73,131.13,128.2579,130.29,3757355,0
2018-12-21,129.75,131.96,125.17,125.37,4349871,0
2018-12-24,125.02,126.25,121.83,121.95,1345658,0
2018-12-26,123.28,127.78,121.4,127.7,2321035,0
2018-12-27,125.57,129.76,124.4706,129.73,2152623,0
2018-12-28,130.09,131.26,127.76,129.23,1665845,0
2018-12-31,130.08,131.18,129.35,131.12,2509069,0
2019-01-02,129.16,130.78,128.61,130.14,2190104,0
2019-01-03,128.51,129.3,126.06,126.21,3854018,0
2019-01-04,128.39,131.39,127.5368,131.24,2161258,0
2019-01-07,130.99,132.1539,129.5,130.53,3455834,0
2019-01-08,131.48,132.4275,129.06,131.3,2275635,0
2019-01-09,131.86,131.86,129.47,131.42,1844526,0
2019-01-10,130.52,132.58,130.5085,132.46,2051891,0
2019-01-11,131.8,132.0,130.67,131.65,1185704,0
2019-01-14,130.16,131.65,130.0,130.9,1787819,0
2019-01-15,130.95,133.22,130.95,132.33,3286146,0
2019-01-16,132.66,133.55,131.84,132.76,2080991,0
2019-01-17,132.13,133.75,132.0495,132.94,2194832,0
2019-01-18,134.25,135.38,133.04,135.18,2281016,0
2019-01-22,133.99,134.52,132.04,133.17,2908933,0
2019-01-23,133.62,134.6299,132.65,134.42,1923032,0
2019-01-24,134.66,135.715,133.87,134.75,1903188,0
2019-01-25,136.02,136.74,135.26,136.41,1710183,0
2019-01-28,134.96,135.73,134.29,135.5,1930622,0
2019-01-29,135.37,135.88,133.76,134.0,1726504,0
2019-01-30,137.0,140.79,135.01,139.41,3734452,0
2019-01-31,138.83,141.15,138.125,139.84,5836557,0
2019-02-01,139.71,141.69,139.71,141.62,2940936,0
2019-02-04,141.73,143.69,141.39,143.63,2848005,0
2019-02-05,145.02,145.49,144.12,145.29,2802391,0
2019-02-06,145.0,146.09,144.6,145.54,2039649,0
2019-02-07,144.02,145.89,143.93,145.68,2638193,0
2019-02-08,144.32,146.85,144.04,146.81,1711997,0
2019-02-11,147.19,147.74,146.79,147.51,1949594,0
2019-02-12,148.71,149.9268,148.27,149.5,2181755,0
2019-02-13,150.0,151.35,149.89,150.46,2136727,0
2019-02-14,149.625,150.0,148.07,148.15,2656935,0
2019-02-15,149.55,150.32,148.44,149.67,2862880,0
2019-02-19,149.02,150.55,149.02,150.31,1354821,0
2019-02-20,150.66,150.71,149.47299999999998,150.56,1621981,0
2019-02-21,150.14,151.5,149.61,150.98,1309158,0
2019-02-22,151.62,153.21,151.22,153.18,1608761,0
2019-02-25,154.06,154.55,152.23,152.49,1560872,0
2019-02-26,152.54,153.415,152.25,152.88,1400592,0
2019-02-27,152.08,153.4,151.66,152.98,1479023,0
2019-02-28,152.68,153.56,152.3,153.03,2241544,0
2019-03-01,154.25,154.4114,153.1503,153.9,1773260,0
2019-03-04,153.89,154.32,151.41,153.26,3966832,0
2019-03-05,153.45,153.6,152.35,152.66,2914038,0
2019-03-06,152.47,153.32,152.17,152.53,1643040,0
2019-03-07,151.35,151.98,150.12,150.42,2915273,0
2019-03-08,149.01,149.58,148.15,149.24,1928067,0
2019-03-11,149.88,151.19,149.03,151.09,1817145,0
2019-03-12,151.75,152.81,151.1,151.99,1796620,0
2019-03-13,152.71,153.98,152.21,152.84,1539349,0
2019-03-14,153.34,153.67,152.27,153.51,1840866,0
2019-03-15,153.01,155.36,152.6614,155.31,5612259,0
2019-03-18,155.31,155.8,154.04,154.69,1716586,0
2019-03-19,155.0,155.18,153.82,154.63,1439817,0
2019-03-20,154.43,154.99,153.4974,154.02,1974925,0
2019-03-21,153.44,156.04,153.44,155.34,1848253,0
2019-03-22,154.93,155.3,153.65,153.81,1659713,0
2019-03-25,153.48,154.21,152.76,153.75,1235203,0
2019-03-26,155.11,156.27,154.24,156.2,1473928,0
2019-03-27,156.42,157.26,154.99,156.79,1481359,0
2019-03-28,157.03,158.53,156.88,158.37,1412351,0
2019-03-29,159.49,159.91,158.61,159.74,2333920,0
2019-04-01,161.2,162.32,159.98,162.07,2489476,0
2019-04-02,162.54,162.71,160.83,161.44,987838,0
2019-04-03,162.45,162.45,160.49,161.1,1374701,0
2019-04-04,161.37,161.37,158.18,159.34,1682375,0
2019-04-05,160.07,160.42,159.15,160.34,1497777,0
2019-04-08,159.95,160.6,158.885,160.46,952102,0
2019-04-09,159.83,160.66,159.1301,159.68,1238609,0
2019-04-10,160.13,160.82,159.67,160.42,998916,0
2019-04-11,161.03,161.76,160.42,161.67,1525973,0
2019-04-12,162.16,163.38,160.94,163.31,1014253,0
2019-04-15,163.03,163.86,162.61,163.68,987124,0
2019-04-16,164.41,164.41,161.53,162.14,1080839,0
2019-04-17,162.53,162.97,161.55200000000002,162.85,1145442,0
2019-04-18,163.73,163.73,162.08,162.44,1423818,0
2019-04-22,161.65,162.405,161.34,161.91,813873,0
2019-04-23,162.01,165.13,161.81,165.04,1467296,0
2019-04-24,165.24,165.5,163.48,163.5,1771017,0
2019-04-25,162.68,164.17,161.49,163.86,1406373,0
2019-04-26,164.43,164.43,162.69,163.7,911945,0
2019-04-29,163.86,164.25,162.58,162.99,1270288,0
2019-04-30,163.28,164.56,161.01,164.39,2007150,0
2019-05-01,161.0,161.1999,154.71,157.48,3333956,0
2019-05-02,157.46,159.18,155.8,158.42,2178135,0
2019-05-03,159.69,160.63,158.505,160.19,1431501,0
2019-05-06,157.38,160.69,157.38,160.25,1328166,0
2019-05-07,158.16,160.95,157.3361,158.35,2132267,0
2019-05-08,158.0,159.98,157.57,159.19,1410248,0
2019-05-09,158.0,161.02,157.78,160.57,1604764,0
2019-05-10,159.87,161.4,157.91,161.03,1661470,0
2019-05-13,158.41,159.73,157.0,157.26,1898953,0
2019-05-14,157.56,159.81,157.35,158.51,1905006,0
2019-05-15,157.67,159.77,157.1,159.37,2042157,0
2019-05-16,159.25,162.45,158.73,161.53,2243751,0
2019-05-17,160.39,162.08,159.85,161.72,2101107,0
2019-05-20,160.1,162.75,160.1,161.34,1593457,0
2019-05-21,162.44,163.54,161.5,163.0,1171760,0
2019-05-22,162.68,164.03,162.23,163.37,1098334,0
2019-05-23,161.74,162.3,160.12,161.13,1453811,0
2019-05-24,162.12,163.04,161.1601,161.85,911864,0
2019-05-28,161.97,163.7443,161.57,161.73,1425253,0
2019-05-29,161.09,161.19,158.94,159.87,1046128,0
2019-05-30,160.47,161.41,159.74,160.91,743903,0
2019-05-31,159.32,161.08,159.32,160.12,1091948,0
2019-06-03,160.55,161.42,155.2583,156.0,2066933,0
2019-06-04,157.56,159.66,156.06,159.45,1550830,0
2019-06-05,160.11,162.78,160.1,162.65,1451726,0
2019-06-06,162.67,164.35,161.65,164.3,1280762,0
2019-06-07,165.01,167.87,164.94,166.92,1419280,0
2019-06-10,167.31,168.43,166.63,167.69,1283152,0
2019-06-11,168.53,168.87,164.36,165.11,1361566,0
2019-06-12,165.31,166.17,164.57,165.22,1076065,0
2019-06-13,165.21,165.62,163.33,164.45,1205166,0
2019-06-14,164.47,166.36,164.06,165.54,1458630,0
2019-06-17,166.09,166.49,165.29,165.94,1213153,0
2019-06-18,167.57,169.2,166.79,168.22,1716507,0
2019-06-19,168.28,168.87,166.69,168.25,1153127,0
2019-06-20,169.97,170.1,168.14,169.61,1192058,0
2019-06-21,169.4,170.45,168.02,168.16,2436980,0
2019-06-24,168.76,169.25,167.7,167.76,1514807,0
2019-06-25,168.06,168.06,165.1,165.52,1555836,0
2019-06-26,165.74,166.21,162.71,162.82,1271563,0
2019-06-27,163.69,164.22,162.1,164.01,1417872,0
2019-06-28,164.33,165.71,163.55,165.33,1947039,0
2019-07-01,167.62,167.82,165.52,166.39,1625876,0
2019-07-02,159.68,162.04,158.92,161.96,17112083,0
2019-07-03,163.0,164.18,161.53,164.09,1938842,0
2019-07-05,162.99,165.1,162.36,164.84,2001714,0
2019-07-08,164.58,164.7,163.69,164.07,1108771,0
2019-07-09,163.16,163.74,162.5,163.54,1703015,0
2019-07-10,164.28,164.7,162.66,164.54,1729982,0
2019-07-11,164.88,165.59,164.11,165.21,1958493,0
2019-07-12,164.95,165.45,163.98,165.13,2239518,0
2019-07-15,165.48,166.16,164.69,165.01,2064450,0
2019-07-16,165.05,165.85,164.03,164.2,1898719,0
2019-07-17,164.46,166.15,164.34,165.39,1885096,0
2019-07-18,165.33,167.92,164.71,167.77,1500655,0
2019-07-19,168.67,168.965,166.37,166.46,1434588,0
2019-07-22,166.98,168.37,166.264,167.14,1423056,0
2019-07-23,168.28,169.0,166.71,167.91,934624,0
2019-07-24,167.47,167.47,166.0692,167.21,2063310,0
2019-07-25,166.95,167.97,166.62,167.06,1305094,0
2019-07-26,167.61,169.58,167.31,169.27,1035464,0
2019-07-29,169.13,169.13,167.665,167.91,1065977,0
2019-07-30,167.33,167.84,164.9,165.0,1937934,0
2019-07-31,172.0,172.0,164.95,166.52,4170902,0
2019-08-01,165.25,166.63,163.7,164.3,4099215,0
2019-08-02,163.99,165.61,161.79,164.27,2873735,0
2019-08-05,162.71,163.43,158.73,159.75,4644804,0
2019-08-06,160.03,163.9,159.81,163.39,2113928,0
2019-08-07,161.89,165.47,160.52,164.47,2139052,0
2019-08-08,166.01,170.39,165.54,170.32,2306694,0
2019-08-09,169.95,169.95,166.42,167.73,2105815,0
2019-08-12,167.41,167.6,165.12,165.87,1633212,0
2019-08-13,165.33,169.18,165.252,168.71,1386789,0
2019-08-14,166.46,167.61,163.74,163.84,2249316,0
2019-08-15,164.18,166.36,162.51,165.07,1675687,0
2019-08-16,166.82,168.06,166.42,167.02,1459567,0
2019-08-19,169.03,169.38,167.55,168.96,1124955,0
2019-08-20,168.59,169.79,167.64,167.88,1143408,0
2019-08-21,168.89,169.69,168.43,169.69,1235084,0
2019-08-22,169.55,170.705,167.29,169.53,1174367,0
2019-08-23,169.06,170.17,164.195,164.8,1685091,0
2019-08-26,166.65,166.9768,164.985,166.81,1197450,0
2019-08-27,168.14,168.14,166.08,166.85,1595204,0
2019-08-28,165.95,167.49,164.72,167.22,1532148,0
2019-08-29,169.31,170.8122,168.76,169.44,1186790,0
2019-08-30,170.71,170.92,169.03,169.84,1586245,0
2019-09-03,167.75,169.5,166.6,167.21,1528185,0
2019-09-04,168.53,170.09,168.5,169.71,1359862,0
2019-09-05,171.15,173.54,170.8,173.27,1742662,0
2019-09-06,173.74,174.5,173.02,173.25,4866009,0
2019-09-09,173.56,173.69,167.13,168.05,1670167,0
2019-09-10,166.94,168.03,161.61,164.33,2010177,0
2019-09-11,163.14,164.9171,160.4,161.14,2659359,0
2019-09-12,161.16,162.79,160.15,160.41,2209223,0
2019-09-13,161.04,161.5973,158.95,159.74,1906949,0
2019-09-16,158.9,159.74,157.75,158.17,2427945,0
2019-09-17,158.4,159.24,157.6,158.83,2629221,0
2019-09-18,158.33,158.8567,156.04,157.77,1722531,0
2019-09-19,159.27,159.975,158.51,159.35,1856879,0
2019-09-20,159.22,160.81,158.75,159.3,2674919,0
2019-09-23,158.77,160.6384,158.5,159.7,1824880,0
2019-09-24,160.12,162.44,158.77,160.03,2829328,0
2019-09-25,160.08,161.95,158.82,161.68,2371221,0
2019-09-26,162.24,163.95,161.7,163.27,2111586,0
2019-09-27,163.79,163.97,158.94,160.43,2067422,0
2019-09-30,160.83,162.1,160.75,161.42,1511432,0
2019-10-01,162.31,162.94,160.08,160.43,1811805,0
2019-10-02,158.97,159.24,155.48,156.62,2755079,0
2019-10-03,156.36,157.6,153.72,157.54,1667880,0
2019-10-04,158.13,159.42,157.895,159.17,1363367,0
2019-10-07,158.95,159.81,157.98,158.89,1036318,0
2019-10-08,157.55,158.35,155.84,156.32,1531767,0
2019-10-09,157.64,158.94,156.6,158.46,1658697,0
2019-10-10,157.93,160.97,157.86,160.72,1597573,0
2019-10-11,162.41,163.84,161.0,162.52,1994228,0
2019-10-14,162.65,163.81,162.12,162.46,1288020,0
2019-10-15,162.54,164.45,162.49,164.12,1355762,0
2019-10-16,163.74,164.45,162.06,164.16,1665162,0
2019-10-17,164.54,165.2,163.61,163.83,1091688,0
2019-10-18,164.33,164.445,162.92,163.54,1661796,0
2019-10-21,164.08,164.49,161.3,162.03,1726695,0
2019-10-22,162.35,163.29,159.46,159.49,1336003,0
2019-10-23,159.27,160.76,159.09,160.04,1726606,0
2019-10-24,160.95,162.64,160.1,162.54,1100972,0
2019-10-25,162.01,163.36,161.575,161.96,2199993,0
2019-10-28,162.58,162.92,160.93,162.48,1378516,0
2019-10-29,162.63,164.355,162.46,162.83,1557212,0
2019-10-30,158.8,164.33,158.26,164.15,2878301,0
2019-10-31,163.42,164.41,160.68,162.23,6511280,0
2019-11-01,163.4,163.75,162.13,162.98,1375890,0
2019-11-04,164.21,164.61,161.71,161.88,2542856,0
2019-11-05,161.35,161.74,156.89,157.01,3924599,0
2019-11-06,157.87,160.18,157.345,159.66,2142857,0
2019-11-07,160.54,163.58,159.88,162.1,2166846,0
2019-11-08,161.73,163.08,161.175,162.73,1787538,0
2019-11-11,162.0,163.92,161.64,163.42,1417883,0
2019-11-12,164.15,166.49,163.76,166.36,1921680,0
2019-11-13,166.98,169.5225,166.47,168.98,2346840,0
2019-11-14,168.77,170.48,167.79,170.14,2367904,0
2019-11-15,171.19,171.19,169.07,171.17,1611220,0
2019-11-18,170.64,171.33,170.0,170.73,1444542,0
2019-11-19,171.5,172.73,170.91,171.09,1284047,0
2019-11-20,170.54,171.58,169.0,170.58,1286941,0
2019-11-21,170.23,170.74,169.15,169.86,1184828,0
2019-11-22,171.12,171.5,169.07,169.65,1279067,0
2019-11-25,170.27,170.9406,169.78,170.2,1259539,0
2019-11-26,170.21,171.92,170.15,171.62,2021047,0
2019-11-27,171.8,171.9,170.96,171.48,1093436,0
2019-11-29,170.82,171.5,170.24,170.78,706162,0
2019-12-02,170.53,170.87,168.15,168.59,1342031,0
2019-12-03,166.77,167.44,166.22,167.13,2953108,0
2019-12-04,167.12,168.87,166.84,168.57,1863695,0
2019-12-05,168.89,169.01,167.5194,168.36,1748817,0
2019-12-06,169.61,170.59,169.505,169.98,1300116,0
2019-12-09,169.68,170.11,168.8096,169.07,1508186,0
2019-12-10,169.07,169.225,168.16,168.43,1523413,0
2019-12-11,168.06,168.31,166.51,167.24,1245785,0
2019-12-12,166.26,167.55,165.23,167.16,1931103,0
2019-12-13,166.69,168.39,166.01,168.26,1308380,0
2019-12-16,169.16,169.66,168.48,168.59,2404032,0
2019-12-17,168.81,169.44,168.04,168.32,1838805,0
2019-12-18,168.38,169.74,167.25,167.56,2069897,0
2019-12-19,167.26,169.39,166.74,168.74,1984839,0
2019-12-20,170.28,171.32,168.23,171.09,3947248,0
2019-12-23,171.27,171.36,169.74,170.02,1139895,0
2019-12-24,169.95,170.31,169.35,169.91,350248,0
2019-12-26,170.35,170.82,169.58,170.35,1714090,0
2019-12-27,170.77,170.95,169.75400000000002,170.77,821431,0
2019-12-30,170.51,170.85,169.03,169.59,867072,0
2019-12-31,169.22,170.66,169.22,170.5,903032,0
2020-01-02,171.96,172.0,169.2,170.32,1364626,0
2020-01-03,168.06,170.45,168.06,169.96,1000060,0
2020-01-06,169.08,170.34,168.825,170.19,1205933,0
2020-01-07,169.29,169.455,167.95,168.13,1879115,0
2020-01-08,168.79,170.51,168.17,169.71,1675559,0
2020-01-09,170.38,171.34,170.12,171.21,1189646,0
2020-01-10,172.0,172.0,170.635,171.09,968720,0
2020-01-13,171.52,172.47,171.1,172.36,926674,0
2020-01-14,172.12,172.35,170.5,171.23,1688109,0
2020-01-15,172.07,174.49,171.81,172.81,2114613,0
2020-01-16,173.86,174.94,172.935,174.88,2281180,0
2020-01-17,176.03,176.91,175.1,176.87,2818213,0
2020-01-21,174.95,177.6,174.95,176.2,2016385,0
2020-01-22,178.32,179.89,177.19,178.33,2060125,0
2020-01-23,177.77,178.4581,177.01,177.83,1520335,0
2020-01-24,178.83,178.93,176.18,177.21,1676654,0
2020-01-27,175.19,176.63,174.49,175.74,1622489,0
2020-01-28,176.03,178.955,175.9,178.3,1641967,0
2020-01-29,171.85,174.28,170.935,171.04,3842815,0
2020-01-30,168.96,175.08,168.3402,175.005,2731668,0
2020-01-31,174.5,175.44,170.84,171.39,3316666,0
2020-02-03,173.88,175.17,172.995,173.94,2162833,0
2020-02-04,176.67,178.07,174.8,175.92,3423514,0
2020-02-05,178.37,179.01,176.81,178.62,2675204,0
2020-02-06,179.75,180.47,178.8,180.26,1600799,0
2020-02-07,179.78,179.9,178.485,179.1,2311532,0
2020-02-10,178.66,179.815,178.31,179.36,2153756,0
2020-02-11,180.25,180.25,177.79,177.97,1584176,0
2020-02-12,178.69,180.8505,176.9,178.03,2622477,0
2020-02-13,177.47,180.99,177.07,180.11,1913906,0
2020-02-14,180.16,181.28,179.395,181.25,1566513,0
2020-02-18,181.36,182.32,179.74,179.93,1512243,0
2020-02-19,180.5,181.74,180.19,181.25,1651517,0
2020-02-20,180.67,181.75,178.5,180.77,1501665,0
2020-02-21,179.8,180.43,177.35,178.58,3538453,0
2020-02-24,175.78,177.18,173.9,174.54,2084064,0
2020-02-25,174.65,175.49,166.895,167.18,2606831,0
2020-02-26,169.0,170.8,166.23,166.33,2319739,0
2020-02-27,164.06,165.97,157.46,157.53,2843642,0
2020-02-28,153.41,159.45,150.53,154.74,4585812,0
2020-03-02,155.55,163.09,154.24,163.0,3194691,0
2020-03-03,161.63,164.44,154.0,155.24,3095168,0
2020-03-04,158.42,164.62,156.81,164.39,2847640,0
2020-03-05,159.44,163.15,158.93,160.67,3359661,0
2020-03-06,153.42,160.11,153.005,159.15,3137434,0
2020-03-09,149.1,155.22,146.28,150.92,4551601,0
2020-03-10,156.95,157.12,147.21,154.42,4152369,0
2020-03-11,149.65,151.9211,145.69,148.01,2750984,0
2020-03-12,137.55,137.8741,125.86,130.28,5497208,0
2020-03-13,136.99,144.53,129.27,144.5,3604922,0
2020-03-16,128.06,131.72,122.05,122.46,4415890,0
2020-03-17,124.45,130.53,118.43,129.39,4274804,0
2020-03-18,120.86,122.59,103.1101,117.6,5108621,0
2020-03-19,117.8,123.17,110.0,117.37,4022176,0
2020-03-20,118.92,119.47,107.1,112.06,6257644,0
2020-03-23,108.53,112.06,104.89,109.07,4794469,0
2020-03-24,114.66,122.04,114.3,120.96,4884199,0
2020-03-25,120.76,130.0,116.49,122.59,3941861,0
2020-03-26,123.06,138.14,122.6,137.06,4041046,0
2020-03-27,130.36,136.0,128.92,131.38,2997814,0
2020-03-30,132.4,138.535,131.77,137.82,2522320,0
2020-03-31,134.98,139.4,134.22,136.68,3513047,0
2020-04-01,129.98,133.405,128.09,129.72,2905449,0
2020-04-02,127.72,132.61,127.43,131.55,3808191,0
2020-04-03,130.7,132.53,126.6924,128.57,1567490,0
2020-04-06,135.0,140.45,134.35,139.65,3664182,0
2020-04-07,145.54,147.17,136.75,136.96,2870654,0
2020-04-08,138.0,139.6,136.35,138.53,2726592,0
2020-04-09,140.23,143.81,139.91,142.52,2683410,0
2020-04-13,140.23,140.9206,136.02,139.53,1728671,0
2020-04-14,140.72,143.99,140.47,143.87,2404395,0
2020-04-15,140.14,140.6611,137.18,137.64,2146362,0
2020-04-16,138.52,138.9538,134.42,136.92,1949127,0
2020-04-17,141.51,142.12,138.7,141.08,3179534,0
2020-04-20,138.53,141.65,138.0,139.82,2521427,0
2020-04-21,137.21,137.64,133.2,133.61,2178067,0
2020-04-22,136.75,139.75,135.04,138.7,1558418,0
2020-04-23,138.85,141.15,135.45,135.92,2345156,0
2020-04-24,136.53,139.73,135.3775,139.23,2000267,0
2020-04-27,139.81,142.32,139.47,142.22,1779469,0
2020-04-28,143.23,146.185,142.6,143.01,2129797,0
2020-04-29,146.76,146.76,141.6,145.84,2644286,0
2020-04-30,144.49,147.32,143.57,146.69,2592296,0
2020-05-01,143.17,144.7,139.46,140.42,2616976,0
2020-05-04,139.36,144.64,138.39,144.48,2614433,0
2020-05-05,145.56,147.7699,144.82,145.82,1672038,0
2020-05-06,143.13,147.63,143.13,144.56,1780342,0
2020-05-07,147.39,149.3192,146.67,147.77,1900221,0
2020-05-08,149.57,149.78,144.72,146.0,1738426,0
2020-05-11,144.09,145.8,143.7,144.61,1762735,0
2020-05-12,144.85,145.64,141.39,141.73,2014207,0
2020-05-13,141.73,141.73,132.8,134.58,2964236,0
2020-05-14,133.97,135.16,130.64,134.95,2164911,0
2020-05-15,133.77,134.98,131.85,134.85,4047772,0
2020-05-18,135.32,137.48,134.51,136.4,3753610,0
2020-05-19,136.21,137.62,133.05,133.1,2523022,0
2020-05-20,134.64,136.089,133.985,134.78,5466024,0
2020-05-21,134.08,135.0483,132.7,133.32,2856335,0
2020-05-22,133.0,135.72,131.9,134.87,2201114,0
2020-05-26,138.0,139.56,136.7,138.92,3080443,0
2020-05-27,141.3,145.125,139.535,144.67,3439850,0
2020-05-28,145.67,146.51,143.519,144.8,2547734,0
2020-05-29,145.37,146.98,142.165,146.49,3239506,0
2020-06-01,146.0132,146.98,144.56,145.55,2374128,0
2020-06-02,145.4052,148.32,145.01,148.25,2880879,0
2020-06-03,149.8,152.245,148.96,151.68,2100270,0
2020-06-04,149.88,151.95,149.15,149.97,2086399,0
2020-06-05,154.3,161.05,153.57,160.13,3344829,0
2020-06-08,159.36,161.3,158.29,161.15,2270385,0
2020-06-09,160.75,160.75,157.02,157.69,1885666,0
2020-06-10,157.73,158.21,153.95,156.04,1690810,0
2020-06-11,152.96,154.2087,142.81,142.99,2922150,0
2020-06-12,147.5,148.98,143.09,147.01,2726001,0
2020-06-15,142.81,148.45,142.44,147.29,1754765,0
2020-06-16,152.21,153.31,149.05,151.78,1662416,0
2020-06-17,151.59,152.58,150.0938,150.68,1231071,0
2020-06-18,149.74,151.82,148.905,151.73,1234353,0
2020-06-19,154.33,155.0,148.63,149.0,2247057,0
2020-06-22,148.5,150.57,147.34,150.48,1737108,0
2020-06-23,151.62,152.15,150.11,150.52,1744106,0
2020-06-24,148.89,149.59,144.28,144.84,1837003,0
2020-06-25,144.5,147.71,143.84,147.45,1156369,0
2020-06-26,147.26,147.45,143.91,144.72,2566878,0
2020-06-29,146.26,146.998,144.23,146.38,1024973,0
2020-06-30,147.45,149.57,146.095,148.89,1656034,0
2020-07-01,149.22,150.45,148.63,149.11,1381308,0
2020-07-02,150.81,152.13,149.955,150.54,1216780,0
2020-07-06,152.44,152.66,150.06,150.73,1469660,0
2020-07-07,149.98,150.99,146.71,147.0,1298934,0
2020-07-08,147.0,148.22,146.27,148.1,1291860,0
2020-07-09,147.58,147.58,144.11,145.73,1347088,0
2020-07-10,145.0,147.3,144.6262,147.17,928482,0
2020-07-13,147.5,149.13,145.07,145.48,1576884,0
2020-07-14,142.68,145.59,142.11,145.48,2524600,0
2020-07-15,145.94,149.3,145.76,148.6,1675135,0
2020-07-16,147.34,147.66,145.38,146.18,1199778,0
2020-07-17,147.26,148.4,145.81,147.6,1050365,0
2020-07-20,147.58,148.31,145.655,147.45,1246644,0
2020-07-21,147.86,149.34,146.425,147.1,1157692,0
2020-07-22,148.2,148.2,146.74,147.68,1096156,0
2020-07-23,147.57,148.97,146.28,146.97,1056260,0
2020-07-24,147.58,148.0,144.9,145.43,988303,0
2020-07-27,145.25,146.64,144.16,145.72,1432594,0
2020-07-28,145.85,147.8,145.37,146.65,2038096,0
2020-07-29,139.93,141.35,135.35,137.12,5228538,0
2020-07-30,134.2693,134.74,132.27,132.89,8449301,0
2020-07-31,133.66,134.53,129.84,132.91,3408510,0
2020-08-03,133.36,134.99,132.22,134.46,2962249,0
2020-08-04,133.95,136.79,133.9398,136.74,2415165,0
2020-08-05,136.6,138.24,134.51,134.77,2362947,0
2020-08-06,134.47,136.96,134.45,136.52,2158358,0
2020-08-07,136.98,138.98,136.63,137.99,3090845,0
2020-08-10,137.88,138.87,136.425,138.17,2507900,0
2020-08-11,137.91,140.04,136.79,138.1,2412529,0
2020-08-12,138.86,140.28,138.67,139.58,2686090,0
2020-08-13,139.03,140.54,138.99,139.26,2363898,0
2020-08-14,139.26,140.1,137.97,138.96,2215124,0
2020-08-17,139.25,140.735,139.085,139.66,1558992,0
2020-08-18,140.5,140.79,138.94,139.95,2078012,0
2020-08-19,139.89,140.51,138.22,138.9,1478914,0
2020-08-20,137.59,139.476,137.36,139.15,1310317,0
2020-08-21,139.05,139.05,137.1,138.08,1795675,0
2020-08-24,138.63,140.72,137.63,140.66,1387605,0
2020-08-25,141.08,142.85,140.16,141.06,1917294,0
2020-08-26,141.02,141.87,139.065,139.61,1804063,0
2020-08-27,141.49,142.46,140.0286,141.01,1738123,0
2020-08-28,140.94,141.44,139.38,141.34,1079512,0
2020-08-31,140.81,140.955,138.36,139.09,2893853,0
2020-09-01,138.79,138.8674,137.35,138.53,1615717,0
2020-09-02,138.18,143.05,137.5,142.48,2219992,0
2020-09-03,142.93,144.25,137.72,139.14,2033442,0
2020-09-04,139.22,141.73,137.5,138.53,2924335,0
2020-09-08,136.4765,137.8545,134.8,135.89,2618046,0
2020-09-09,136.68,138.53,135.12,137.26,1962027,0
2020-09-10,136.43,136.72,131.28,131.9,2463712,0
2020-09-11,132.5,133.8,131.38,133.44,1862216,0
2020-09-14,134.65,137.28,134.32,136.57,4143013,0
2020-09-15,137.09,138.1,136.15,136.97,2034315,0
2020-09-16,137.62,140.14,137.16,137.71,1513376,0
2020-09-17,134.77,137.97,134.2,137.87,1575316,0
2020-09-18,137.77,137.88,133.87,135.09,3148656,0
2020-09-21,132.21,132.79,129.11,131.03,2033622,0
2020-09-22,131.41,133.2953,130.45,132.91,1313995,0
2020-09-23,132.31,132.92,128.37,128.72,1616603,0
2020-09-24,128.25,131.34,127.31,130.8,1940387,0
2020-09-25,129.23,134.94,129.23,134.54,2309988,0
2020-09-28,136.72,138.04,136.08,137.31,2593481,0
2020-09-29,137.55,138.505,136.4989,137.54,1965677,0
2020-09-30,137.95,140.97,137.77,139.49,2856881,0
2020-10-01,141.62,141.67,136.69,137.7,2023069,0
2020-10-02,135.18,139.32,135.11,138.67,2226494,0
2020-10-05,139.29,141.87,138.925,140.96,1957642,0
2020-10-06,141.22,145.58,140.01,142.26,2205999,0
2020-10-07,143.37,144.42,142.0,143.73,2422251,0
2020-10-08,145.21,147.32,144.905,147.01,1975769,0
2020-10-09,148.0,150.08,146.87,149.85,2693350,0
2020-10-12,151.5,152.14,150.05,150.58,2955167,0
2020-10-13,151.55,152.15,148.7201,149.69,1972167,0
2020-10-14,149.99,150.95,148.041,148.51,2246317,0
2020-10-15,146.52,147.79,146.0,147.39,1706719,0
2020-10-16,148.21,149.64,147.5,148.42,1146075,0
2020-10-19,148.1,148.985,144.7,145.05,2198956,0
2020-10-20,146.43,147.54,145.77,146.62,1195572,0
2020-10-21,146.92,148.07,145.85,146.85,1174572,0
2020-10-22,147.06,149.5,146.09,148.85,1494581,0
2020-10-23,150.07,150.4,148.33,149.2,1082910,0
2020-10-26,147.4,147.41,144.585,145.77,2823398,0
2020-10-27,146.12,147.1917,145.57,146.03,2032115,0
2020-10-28,155.2,159.35,153.88,155.08,4716765,0
2020-10-29,154.67,159.46,153.49,158.19,2225147,0
2020-10-30,156.88,159.42,155.79,157.96,2894674,0
2020-11-02,159.44,162.08,158.5,161.46,2742482,0
2020-11-03,163.6,167.37,163.07,166.48,2136225,0
2020-11-04,167.88,168.6717,163.85,164.58,2478891,0
2020-11-05,165.65,166.87,161.94,162.71,2740424,0
2020-11-06,164.8,166.58,163.56,166.23,1902344,0
2020-11-09,173.47,174.79,169.65,169.89,2298279,0
2020-11-10,169.12,173.39,168.18,171.07,1669947,0
2020-11-11,172.0,173.33,170.56,171.87,1821385,0
2020-11-12,170.85,171.8548,168.47,169.43,1346256,0
2020-11-13,171.0,171.93,169.63,171.63,1095200,0
2020-11-16,174.0,177.19,172.45,177.05,2322655,0
2020-11-17,175.0,176.58,174.25,176.15,1249116,0
2020-11-18,176.15,176.18,172.88,173.16,1326001,0
2020-11-19,171.85,174.35,171.36,173.63,1110587,0
2020-11-20,173.5,173.78,171.245,171.27,1477103,0
2020-11-23,172.14,173.54,170.25,172.06,1260073,0
2020-11-24,173.54,175.58,172.25,175.27,1599570,0
2020-11-25,176.7,176.7,173.42,174.08,910534,0
2020-11-27,174.66,175.43,174.21,175.25,588310,0
2020-11-30,174.14,175.095,171.33,173.88,2846364,0
2020-12-01,175.16,176.41,173.64,174.67,2270460,0
2020-12-02,174.68,175.06,171.01,171.58,2365001,0
2020-12-03,171.25,173.33,170.88,172.09,1423130,0
2020-12-04,172.36,175.63,171.705,174.79,1022621,0
2020-12-07,174.0,174.73,172.85,174.57,1115483,0
2020-12-08,174.43,174.95,173.335,174.53,1022441,0
2020-12-09,175.12,175.165,172.77,173.84,1535410,0
2020-12-10,172.72,172.85,171.21,172.0,1811855,0
2020-12-11,171.43,173.68,171.08,173.53,1200903,0
2020-12-14,173.33,175.81,172.29,173.15,3068764,0
2020-12-15,174.26,175.79,172.87,175.75,1227135,0
2020-12-16,175.91,176.5462,174.28,175.59,1119927,0
2020-12-17,176.59,179.025,175.92,177.34,1165198,0
2020-12-18,178.47,179.46,177.47,179.24,3298965,0
2020-12-21,176.0,177.84,174.405,177.49,1457215,0
2020-12-22,176.7,177.04,175.46,176.34,946619,0
2020-12-23,177.5,178.26,174.99,175.19,934905,0
2020-12-24,176.12,176.57,174.93,176.56,371550,0
2020-12-28,177.55,178.16,176.47,176.61,770513,0
2020-12-29,177.46,177.81,174.57,174.87,797261,0
2020-12-30,175.6,176.25,173.32,173.81,787489,0
2020-12-31,174.14,176.45,173.33,176.2,1142816,0
